error_id,timestamp,error_code,endpoint,method,message,actionable_advice,seller_id
ERR-00001,2026-09-07T00:51:09.421153+00:00,PAYLOAD_TOO_LARGE,/api/v1/shipments/SHP-0001/status,PATCH,Operational failure: PAYLOAD_TOO_LARGE encountered during PATCH /api/v1/shipments/SHP-0001/status,Keep request payload body under 1MB.,SELLER-037
ERR-00002,2026-09-02T06:03:25.421153+00:00,INVALID_STATE_TRANSITION,/api/v1/inventory/SKU-1001,GET,Operational failure: INVALID_STATE_TRANSITION encountered during GET /api/v1/inventory/SKU-1001,Follow state machine flow: CREATED -> PICKED_UP -> IN_TRANSIT -> OUT_FOR_DELIVERY -> DELIVERED.,SELLER-111
ERR-00003,2026-09-02T22:48:21.421153+00:00,PAYLOAD_TOO_LARGE,/api/v1/carriers,GET,Operational failure: PAYLOAD_TOO_LARGE encountered during GET /api/v1/carriers,Keep request payload body under 1MB.,SELLER-222
ERR-00004,2026-09-02T07:17:25.421153+00:00,RESOURCE_NOT_FOUND,/api/v1/shipments,POST,Operational failure: RESOURCE_NOT_FOUND encountered during POST /api/v1/shipments,Check resource ID exists via GET endpoint before modifying.,SELLER-279
ERR-00005,2026-09-06T06:46:43.421153+00:00,VALIDATION_ERROR,/api/v1/carriers,GET,Operational failure: VALIDATION_ERROR encountered during GET /api/v1/carriers,Inspect field requirements in OpenAPI spec schema.,SELLER-126
ERR-00006,2026-09-03T08:24:36.421153+00:00,VALIDATION_ERROR,/api/v1/events,POST,Operational failure: VALIDATION_ERROR encountered during POST /api/v1/events,Inspect field requirements in OpenAPI spec schema.,SELLER-247
ERR-00007,2026-09-03T03:09:40.421153+00:00,PAYLOAD_TOO_LARGE,/api/v1/warehouses,GET,Operational failure: PAYLOAD_TOO_LARGE encountered during GET /api/v1/warehouses,Keep request payload body under 1MB.,SELLER-025
ERR-00008,2026-09-01T18:20:43.421153+00:00,RESOURCE_NOT_FOUND,/api/v1/events,POST,Operational failure: RESOURCE_NOT_FOUND encountered during POST /api/v1/events,Check resource ID exists via GET endpoint before modifying.,SELLER-020
ERR-00009,2026-09-02T12:37:29.421153+00:00,INVALID_API_KEY,/api/v1/shipments/SHP-0001,GET,Operational failure: INVALID_API_KEY encountered during GET /api/v1/shipments/SHP-0001,Verify your API Key credentials in the Partner Portal.,SELLER-470
ERR-00010,2026-09-02T02:54:48.421153+00:00,INVALID_API_KEY,/api/v1/warehouses,GET,Operational failure: INVALID_API_KEY encountered during GET /api/v1/warehouses,Verify your API Key credentials in the Partner Portal.,SELLER-207
ERR-00011,2026-09-04T11:18:26.421153+00:00,INVALID_STATE_TRANSITION,/api/v1/warehouses,GET,Operational failure: INVALID_STATE_TRANSITION encountered during GET /api/v1/warehouses,Follow state machine flow: CREATED -> PICKED_UP -> IN_TRANSIT -> OUT_FOR_DELIVERY -> DELIVERED.,SELLER-331
ERR-00012,2026-09-07T11:59:24.421153+00:00,VALIDATION_ERROR,/api/v1/events,POST,Operational failure: VALIDATION_ERROR encountered during POST /api/v1/events,Inspect field requirements in OpenAPI spec schema.,SELLER-276
ERR-00013,2026-09-07T19:10:06.421153+00:00,INVALID_API_KEY,/api/v1/warehouses,GET,Operational failure: INVALID_API_KEY encountered during GET /api/v1/warehouses,Verify your API Key credentials in the Partner Portal.,SELLER-308
ERR-00014,2026-09-03T13:40:49.421153+00:00,INVALID_API_KEY,/api/v1/shipments/SHP-0001/status,PATCH,Operational failure: INVALID_API_KEY encountered during PATCH /api/v1/shipments/SHP-0001/status,Verify your API Key credentials in the Partner Portal.,SELLER-325
ERR-00015,2026-09-04T08:12:39.421153+00:00,MISSING_API_KEY,/api/v1/health,GET,Operational failure: MISSING_API_KEY encountered during GET /api/v1/health,Provide a valid X-API-Key header in all HTTP requests.,SELLER-429
ERR-00016,2026-09-07T07:21:05.421153+00:00,RESOURCE_NOT_FOUND,/api/v1/warehouses,GET,Operational failure: RESOURCE_NOT_FOUND encountered during GET /api/v1/warehouses,Check resource ID exists via GET endpoint before modifying.,SELLER-241
ERR-00017,2026-09-02T13:11:29.421153+00:00,INVALID_STATE_TRANSITION,/api/v1/warehouses,GET,Operational failure: INVALID_STATE_TRANSITION encountered during GET /api/v1/warehouses,Follow state machine flow: CREATED -> PICKED_UP -> IN_TRANSIT -> OUT_FOR_DELIVERY -> DELIVERED.,SELLER-192
ERR-00018,2026-09-03T17:06:03.421153+00:00,INVALID_API_KEY,/api/v1/shipments,POST,Operational failure: INVALID_API_KEY encountered during POST /api/v1/shipments,Verify your API Key credentials in the Partner Portal.,SELLER-050
ERR-00019,2026-09-05T17:17:08.421153+00:00,RATE_LIMIT_EXCEEDED,/api/v1/health,GET,Operational failure: RATE_LIMIT_EXCEEDED encountered during GET /api/v1/health,Wait for Retry-After seconds. Exponential backoff recommended.,SELLER-499
ERR-00020,2026-09-07T12:37:41.421153+00:00,RATE_LIMIT_EXCEEDED,/api/v1/limits,GET,Operational failure: RATE_LIMIT_EXCEEDED encountered during GET /api/v1/limits,Wait for Retry-After seconds. Exponential backoff recommended.,SELLER-013
ERR-00021,2026-09-02T05:10:31.421153+00:00,PAYLOAD_TOO_LARGE,/api/v1/events,POST,Operational failure: PAYLOAD_TOO_LARGE encountered during POST /api/v1/events,Keep request payload body under 1MB.,SELLER-483
ERR-00022,2026-09-07T02:51:08.421153+00:00,VALIDATION_ERROR,/api/v1/warehouses,GET,Operational failure: VALIDATION_ERROR encountered during GET /api/v1/warehouses,Inspect field requirements in OpenAPI spec schema.,SELLER-126
ERR-00023,2026-09-05T23:19:47.421153+00:00,RESOURCE_NOT_FOUND,/api/v1/carriers,GET,Operational failure: RESOURCE_NOT_FOUND encountered during GET /api/v1/carriers,Check resource ID exists via GET endpoint before modifying.,SELLER-402
ERR-00024,2026-09-07T02:31:03.421153+00:00,VALIDATION_ERROR,/api/v1/warehouses,GET,Operational failure: VALIDATION_ERROR encountered during GET /api/v1/warehouses,Inspect field requirements in OpenAPI spec schema.,SELLER-058
ERR-00025,2026-09-04T15:13:58.421153+00:00,RESOURCE_NOT_FOUND,/api/v1/carriers,GET,Operational failure: RESOURCE_NOT_FOUND encountered during GET /api/v1/carriers,Check resource ID exists via GET endpoint before modifying.,SELLER-144
ERR-00026,2026-09-05T11:13:38.421153+00:00,RESOURCE_NOT_FOUND,/api/v1/limits,GET,Operational failure: RESOURCE_NOT_FOUND encountered during GET /api/v1/limits,Check resource ID exists via GET endpoint before modifying.,SELLER-196
ERR-00027,2026-09-03T01:20:43.421153+00:00,RATE_LIMIT_EXCEEDED,/api/v1/health,GET,Operational failure: RATE_LIMIT_EXCEEDED encountered during GET /api/v1/health,Wait for Retry-After seconds. Exponential backoff recommended.,SELLER-182
ERR-00028,2026-09-06T07:56:05.421153+00:00,RATE_LIMIT_EXCEEDED,/api/v1/carriers,GET,Operational failure: RATE_LIMIT_EXCEEDED encountered during GET /api/v1/carriers,Wait for Retry-After seconds. Exponential backoff recommended.,SELLER-162
ERR-00029,2026-09-04T23:48:37.421153+00:00,INVALID_STATE_TRANSITION,/api/v1/inventory/SKU-1001,GET,Operational failure: INVALID_STATE_TRANSITION encountered during GET /api/v1/inventory/SKU-1001,Follow state machine flow: CREATED -> PICKED_UP -> IN_TRANSIT -> OUT_FOR_DELIVERY -> DELIVERED.,SELLER-201
ERR-00030,2026-09-03T08:03:40.421153+00:00,MISSING_API_KEY,/api/v1/inventory/SKU-1001,GET,Operational failure: MISSING_API_KEY encountered during GET /api/v1/inventory/SKU-1001,Provide a valid X-API-Key header in all HTTP requests.,SELLER-098
ERR-00031,2026-09-02T20:36:19.421153+00:00,INVALID_API_KEY,/api/v1/limits,GET,Operational failure: INVALID_API_KEY encountered during GET /api/v1/limits,Verify your API Key credentials in the Partner Portal.,SELLER-164
ERR-00032,2026-09-02T16:02:30.421153+00:00,MISSING_API_KEY,/api/v1/events,POST,Operational failure: MISSING_API_KEY encountered during POST /api/v1/events,Provide a valid X-API-Key header in all HTTP requests.,SELLER-444
ERR-00033,2026-09-06T05:34:41.421153+00:00,INVALID_API_KEY,/api/v1/shipments,POST,Operational failure: INVALID_API_KEY encountered during POST /api/v1/shipments,Verify your API Key credentials in the Partner Portal.,SELLER-278
ERR-00034,2026-09-03T09:28:20.421153+00:00,INVALID_API_KEY,/api/v1/shipments/SHP-0001,GET,Operational failure: INVALID_API_KEY encountered during GET /api/v1/shipments/SHP-0001,Verify your API Key credentials in the Partner Portal.,SELLER-305
ERR-00035,2026-09-05T08:06:50.421153+00:00,INVALID_API_KEY,/api/v1/limits,GET,Operational failure: INVALID_API_KEY encountered during GET /api/v1/limits,Verify your API Key credentials in the Partner Portal.,SELLER-018
ERR-00036,2026-09-02T05:18:35.421153+00:00,INVALID_API_KEY,/api/v1/warehouses,GET,Operational failure: INVALID_API_KEY encountered during GET /api/v1/warehouses,Verify your API Key credentials in the Partner Portal.,SELLER-099
ERR-00037,2026-09-07T05:54:07.421153+00:00,RATE_LIMIT_EXCEEDED,/api/v1/shipments,POST,Operational failure: RATE_LIMIT_EXCEEDED encountered during POST /api/v1/shipments,Wait for Retry-After seconds. Exponential backoff recommended.,SELLER-382
ERR-00038,2026-09-06T19:46:04.421153+00:00,MISSING_API_KEY,/api/v1/events,POST,Operational failure: MISSING_API_KEY encountered during POST /api/v1/events,Provide a valid X-API-Key header in all HTTP requests.,SELLER-045
ERR-00039,2026-09-05T01:18:23.421153+00:00,RATE_LIMIT_EXCEEDED,/api/v1/shipments/SHP-0001,GET,Operational failure: RATE_LIMIT_EXCEEDED encountered during GET /api/v1/shipments/SHP-0001,Wait for Retry-After seconds. Exponential backoff recommended.,SELLER-081
ERR-00040,2026-09-07T20:25:36.421153+00:00,PAYLOAD_TOO_LARGE,/api/v1/inventory/SKU-1001,GET,Operational failure: PAYLOAD_TOO_LARGE encountered during GET /api/v1/inventory/SKU-1001,Keep request payload body under 1MB.,SELLER-376
ERR-00041,2026-09-02T13:18:42.421153+00:00,VALIDATION_ERROR,/api/v1/shipments/SHP-0001/status,PATCH,Operational failure: VALIDATION_ERROR encountered during PATCH /api/v1/shipments/SHP-0001/status,Inspect field requirements in OpenAPI spec schema.,SELLER-445
ERR-00042,2026-09-01T08:40:09.421153+00:00,VALIDATION_ERROR,/api/v1/shipments,POST,Operational failure: VALIDATION_ERROR encountered during POST /api/v1/shipments,Inspect field requirements in OpenAPI spec schema.,SELLER-259
ERR-00043,2026-09-02T00:02:51.421153+00:00,VALIDATION_ERROR,/api/v1/limits,GET,Operational failure: VALIDATION_ERROR encountered during GET /api/v1/limits,Inspect field requirements in OpenAPI spec schema.,SELLER-100
ERR-00044,2026-09-02T03:28:28.421153+00:00,INVALID_STATE_TRANSITION,/api/v1/shipments/SHP-0001/status,PATCH,Operational failure: INVALID_STATE_TRANSITION encountered during PATCH /api/v1/shipments/SHP-0001/status,Follow state machine flow: CREATED -> PICKED_UP -> IN_TRANSIT -> OUT_FOR_DELIVERY -> DELIVERED.,SELLER-049
ERR-00045,2026-09-02T13:13:56.421153+00:00,PAYLOAD_TOO_LARGE,/api/v1/shipments/SHP-0001,GET,Operational failure: PAYLOAD_TOO_LARGE encountered during GET /api/v1/shipments/SHP-0001,Keep request payload body under 1MB.,SELLER-399
ERR-00046,2026-09-06T18:31:27.421153+00:00,RESOURCE_NOT_FOUND,/api/v1/shipments/SHP-0001/status,PATCH,Operational failure: RESOURCE_NOT_FOUND encountered during PATCH /api/v1/shipments/SHP-0001/status,Check resource ID exists via GET endpoint before modifying.,SELLER-311
ERR-00047,2026-09-01T22:11:40.421153+00:00,RESOURCE_NOT_FOUND,/api/v1/warehouses,GET,Operational failure: RESOURCE_NOT_FOUND encountered during GET /api/v1/warehouses,Check resource ID exists via GET endpoint before modifying.,SELLER-189
ERR-00048,2026-09-02T21:06:00.421153+00:00,INVALID_STATE_TRANSITION,/api/v1/limits,GET,Operational failure: INVALID_STATE_TRANSITION encountered during GET /api/v1/limits,Follow state machine flow: CREATED -> PICKED_UP -> IN_TRANSIT -> OUT_FOR_DELIVERY -> DELIVERED.,SELLER-252
ERR-00049,2026-09-05T15:13:40.421153+00:00,INVALID_API_KEY,/api/v1/warehouses,GET,Operational failure: INVALID_API_KEY encountered during GET /api/v1/warehouses,Verify your API Key credentials in the Partner Portal.,SELLER-309
ERR-00050,2026-09-05T20:19:34.421153+00:00,RESOURCE_NOT_FOUND,/api/v1/limits,GET,Operational failure: RESOURCE_NOT_FOUND encountered during GET /api/v1/limits,Check resource ID exists via GET endpoint before modifying.,SELLER-182
ERR-00051,2026-09-07T15:50:08.421153+00:00,INVALID_STATE_TRANSITION,/api/v1/limits,GET,Operational failure: INVALID_STATE_TRANSITION encountered during GET /api/v1/limits,Follow state machine flow: CREATED -> PICKED_UP -> IN_TRANSIT -> OUT_FOR_DELIVERY -> DELIVERED.,SELLER-383
ERR-00052,2026-09-01T21:13:01.421153+00:00,INVALID_STATE_TRANSITION,/api/v1/shipments/SHP-0001/status,PATCH,Operational failure: INVALID_STATE_TRANSITION encountered during PATCH /api/v1/shipments/SHP-0001/status,Follow state machine flow: CREATED -> PICKED_UP -> IN_TRANSIT -> OUT_FOR_DELIVERY -> DELIVERED.,SELLER-281
ERR-00053,2026-09-03T09:00:01.421153+00:00,RATE_LIMIT_EXCEEDED,/api/v1/limits,GET,Operational failure: RATE_LIMIT_EXCEEDED encountered during GET /api/v1/limits,Wait for Retry-After seconds. Exponential backoff recommended.,SELLER-138
ERR-00054,2026-09-05T05:09:25.421153+00:00,PAYLOAD_TOO_LARGE,/api/v1/inventory/SKU-1001,GET,Operational failure: PAYLOAD_TOO_LARGE encountered during GET /api/v1/inventory/SKU-1001,Keep request payload body under 1MB.,SELLER-465
ERR-00055,2026-09-03T11:13:45.421153+00:00,PAYLOAD_TOO_LARGE,/api/v1/shipments,POST,Operational failure: PAYLOAD_TOO_LARGE encountered during POST /api/v1/shipments,Keep request payload body under 1MB.,SELLER-321
ERR-00056,2026-09-04T01:18:24.421153+00:00,MISSING_API_KEY,/api/v1/events,POST,Operational failure: MISSING_API_KEY encountered during POST /api/v1/events,Provide a valid X-API-Key header in all HTTP requests.,SELLER-424
ERR-00057,2026-09-04T01:25:49.421153+00:00,MISSING_API_KEY,/api/v1/health,GET,Operational failure: MISSING_API_KEY encountered during GET /api/v1/health,Provide a valid X-API-Key header in all HTTP requests.,SELLER-107
ERR-00058,2026-09-05T02:35:44.421153+00:00,RATE_LIMIT_EXCEEDED,/api/v1/limits,GET,Operational failure: RATE_LIMIT_EXCEEDED encountered during GET /api/v1/limits,Wait for Retry-After seconds. Exponential backoff recommended.,SELLER-233
ERR-00059,2026-09-02T01:24:18.421153+00:00,INVALID_STATE_TRANSITION,/api/v1/inventory/SKU-1001,GET,Operational failure: INVALID_STATE_TRANSITION encountered during GET /api/v1/inventory/SKU-1001,Follow state machine flow: CREATED -> PICKED_UP -> IN_TRANSIT -> OUT_FOR_DELIVERY -> DELIVERED.,SELLER-068
ERR-00060,2026-09-05T10:01:50.421153+00:00,PAYLOAD_TOO_LARGE,/api/v1/shipments/SHP-0001/status,PATCH,Operational failure: PAYLOAD_TOO_LARGE encountered during PATCH /api/v1/shipments/SHP-0001/status,Keep request payload body under 1MB.,SELLER-422
ERR-00061,2026-09-06T06:23:45.421153+00:00,INVALID_API_KEY,/api/v1/health,GET,Operational failure: INVALID_API_KEY encountered during GET /api/v1/health,Verify your API Key credentials in the Partner Portal.,SELLER-329
ERR-00062,2026-09-04T22:38:01.421153+00:00,RESOURCE_NOT_FOUND,/api/v1/limits,GET,Operational failure: RESOURCE_NOT_FOUND encountered during GET /api/v1/limits,Check resource ID exists via GET endpoint before modifying.,SELLER-268
ERR-00063,2026-09-02T22:40:18.421153+00:00,INVALID_API_KEY,/api/v1/limits,GET,Operational failure: INVALID_API_KEY encountered during GET /api/v1/limits,Verify your API Key credentials in the Partner Portal.,SELLER-345
ERR-00064,2026-09-01T22:23:33.421153+00:00,RATE_LIMIT_EXCEEDED,/api/v1/shipments/SHP-0001,GET,Operational failure: RATE_LIMIT_EXCEEDED encountered during GET /api/v1/shipments/SHP-0001,Wait for Retry-After seconds. Exponential backoff recommended.,SELLER-357
ERR-00065,2026-09-01T09:08:17.421153+00:00,RATE_LIMIT_EXCEEDED,/api/v1/shipments/SHP-0001/status,PATCH,Operational failure: RATE_LIMIT_EXCEEDED encountered during PATCH /api/v1/shipments/SHP-0001/status,Wait for Retry-After seconds. Exponential backoff recommended.,SELLER-338
ERR-00066,2026-09-01T15:43:45.421153+00:00,VALIDATION_ERROR,/api/v1/shipments/SHP-0001,GET,Operational failure: VALIDATION_ERROR encountered during GET /api/v1/shipments/SHP-0001,Inspect field requirements in OpenAPI spec schema.,SELLER-045
ERR-00067,2026-09-06T06:21:35.421153+00:00,INVALID_STATE_TRANSITION,/api/v1/inventory/SKU-1001,GET,Operational failure: INVALID_STATE_TRANSITION encountered during GET /api/v1/inventory/SKU-1001,Follow state machine flow: CREATED -> PICKED_UP -> IN_TRANSIT -> OUT_FOR_DELIVERY -> DELIVERED.,SELLER-114
ERR-00068,2026-09-07T12:41:57.421153+00:00,INVALID_API_KEY,/api/v1/shipments/SHP-0001,GET,Operational failure: INVALID_API_KEY encountered during GET /api/v1/shipments/SHP-0001,Verify your API Key credentials in the Partner Portal.,SELLER-380
ERR-00069,2026-09-05T09:42:55.421153+00:00,MISSING_API_KEY,/api/v1/health,GET,Operational failure: MISSING_API_KEY encountered during GET /api/v1/health,Provide a valid X-API-Key header in all HTTP requests.,SELLER-359
ERR-00070,2026-09-05T19:28:47.421153+00:00,INVALID_STATE_TRANSITION,/api/v1/health,GET,Operational failure: INVALID_STATE_TRANSITION encountered during GET /api/v1/health,Follow state machine flow: CREATED -> PICKED_UP -> IN_TRANSIT -> OUT_FOR_DELIVERY -> DELIVERED.,SELLER-330
ERR-00071,2026-09-03T15:49:13.421153+00:00,RATE_LIMIT_EXCEEDED,/api/v1/warehouses,GET,Operational failure: RATE_LIMIT_EXCEEDED encountered during GET /api/v1/warehouses,Wait for Retry-After seconds. Exponential backoff recommended.,SELLER-340
ERR-00072,2026-09-08T04:17:10.421153+00:00,INVALID_API_KEY,/api/v1/shipments/SHP-0001/status,PATCH,Operational failure: INVALID_API_KEY encountered during PATCH /api/v1/shipments/SHP-0001/status,Verify your API Key credentials in the Partner Portal.,SELLER-411
ERR-00073,2026-09-01T13:56:40.421153+00:00,INVALID_API_KEY,/api/v1/carriers,GET,Operational failure: INVALID_API_KEY encountered during GET /api/v1/carriers,Verify your API Key credentials in the Partner Portal.,SELLER-341
ERR-00074,2026-09-03T03:39:51.421153+00:00,VALIDATION_ERROR,/api/v1/warehouses,GET,Operational failure: VALIDATION_ERROR encountered during GET /api/v1/warehouses,Inspect field requirements in OpenAPI spec schema.,SELLER-457
ERR-00075,2026-09-07T20:21:27.421153+00:00,INVALID_API_KEY,/api/v1/shipments/SHP-0001/status,PATCH,Operational failure: INVALID_API_KEY encountered during PATCH /api/v1/shipments/SHP-0001/status,Verify your API Key credentials in the Partner Portal.,SELLER-310
ERR-00076,2026-09-01T15:45:31.421153+00:00,INVALID_API_KEY,/api/v1/shipments/SHP-0001,GET,Operational failure: INVALID_API_KEY encountered during GET /api/v1/shipments/SHP-0001,Verify your API Key credentials in the Partner Portal.,SELLER-160
ERR-00077,2026-09-07T18:00:53.421153+00:00,RESOURCE_NOT_FOUND,/api/v1/limits,GET,Operational failure: RESOURCE_NOT_FOUND encountered during GET /api/v1/limits,Check resource ID exists via GET endpoint before modifying.,SELLER-028
ERR-00078,2026-09-04T11:08:27.421153+00:00,VALIDATION_ERROR,/api/v1/warehouses,GET,Operational failure: VALIDATION_ERROR encountered during GET /api/v1/warehouses,Inspect field requirements in OpenAPI spec schema.,SELLER-019
ERR-00079,2026-09-06T18:37:21.421153+00:00,VALIDATION_ERROR,/api/v1/carriers,GET,Operational failure: VALIDATION_ERROR encountered during GET /api/v1/carriers,Inspect field requirements in OpenAPI spec schema.,SELLER-071
ERR-00080,2026-09-06T10:14:29.421153+00:00,MISSING_API_KEY,/api/v1/carriers,GET,Operational failure: MISSING_API_KEY encountered during GET /api/v1/carriers,Provide a valid X-API-Key header in all HTTP requests.,SELLER-221
ERR-00081,2026-09-05T16:36:05.421153+00:00,PAYLOAD_TOO_LARGE,/api/v1/shipments/SHP-0001,GET,Operational failure: PAYLOAD_TOO_LARGE encountered during GET /api/v1/shipments/SHP-0001,Keep request payload body under 1MB.,SELLER-311
ERR-00082,2026-09-03T03:39:37.421153+00:00,INVALID_API_KEY,/api/v1/limits,GET,Operational failure: INVALID_API_KEY encountered during GET /api/v1/limits,Verify your API Key credentials in the Partner Portal.,SELLER-093
ERR-00083,2026-09-04T03:52:45.421153+00:00,RATE_LIMIT_EXCEEDED,/api/v1/events,POST,Operational failure: RATE_LIMIT_EXCEEDED encountered during POST /api/v1/events,Wait for Retry-After seconds. Exponential backoff recommended.,SELLER-268
ERR-00084,2026-09-05T18:16:00.421153+00:00,INVALID_API_KEY,/api/v1/inventory/SKU-1001,GET,Operational failure: INVALID_API_KEY encountered during GET /api/v1/inventory/SKU-1001,Verify your API Key credentials in the Partner Portal.,SELLER-308
ERR-00085,2026-09-06T06:00:52.421153+00:00,VALIDATION_ERROR,/api/v1/shipments/SHP-0001,GET,Operational failure: VALIDATION_ERROR encountered during GET /api/v1/shipments/SHP-0001,Inspect field requirements in OpenAPI spec schema.,SELLER-308
ERR-00086,2026-09-06T16:25:49.421153+00:00,RESOURCE_NOT_FOUND,/api/v1/shipments/SHP-0001,GET,Operational failure: RESOURCE_NOT_FOUND encountered during GET /api/v1/shipments/SHP-0001,Check resource ID exists via GET endpoint before modifying.,SELLER-455
ERR-00087,2026-09-04T17:15:43.421153+00:00,RATE_LIMIT_EXCEEDED,/api/v1/inventory/SKU-1001,GET,Operational failure: RATE_LIMIT_EXCEEDED encountered during GET /api/v1/inventory/SKU-1001,Wait for Retry-After seconds. Exponential backoff recommended.,SELLER-418
ERR-00088,2026-09-03T19:22:37.421153+00:00,MISSING_API_KEY,/api/v1/carriers,GET,Operational failure: MISSING_API_KEY encountered during GET /api/v1/carriers,Provide a valid X-API-Key header in all HTTP requests.,SELLER-017
ERR-00089,2026-09-05T15:50:39.421153+00:00,RESOURCE_NOT_FOUND,/api/v1/shipments/SHP-0001,GET,Operational failure: RESOURCE_NOT_FOUND encountered during GET /api/v1/shipments/SHP-0001,Check resource ID exists via GET endpoint before modifying.,SELLER-347
ERR-00090,2026-09-03T22:41:37.421153+00:00,MISSING_API_KEY,/api/v1/shipments/SHP-0001,GET,Operational failure: MISSING_API_KEY encountered during GET /api/v1/shipments/SHP-0001,Provide a valid X-API-Key header in all HTTP requests.,SELLER-016
ERR-00091,2026-09-01T16:03:52.421153+00:00,MISSING_API_KEY,/api/v1/shipments/SHP-0001,GET,Operational failure: MISSING_API_KEY encountered during GET /api/v1/shipments/SHP-0001,Provide a valid X-API-Key header in all HTTP requests.,SELLER-474
ERR-00092,2026-09-07T21:05:25.421153+00:00,INVALID_STATE_TRANSITION,/api/v1/inventory/SKU-1001,GET,Operational failure: INVALID_STATE_TRANSITION encountered during GET /api/v1/inventory/SKU-1001,Follow state machine flow: CREATED -> PICKED_UP -> IN_TRANSIT -> OUT_FOR_DELIVERY -> DELIVERED.,SELLER-323
ERR-00093,2026-09-02T11:42:17.421153+00:00,RESOURCE_NOT_FOUND,/api/v1/shipments/SHP-0001,GET,Operational failure: RESOURCE_NOT_FOUND encountered during GET /api/v1/shipments/SHP-0001,Check resource ID exists via GET endpoint before modifying.,SELLER-439
ERR-00094,2026-09-04T06:49:00.421153+00:00,PAYLOAD_TOO_LARGE,/api/v1/warehouses,GET,Operational failure: PAYLOAD_TOO_LARGE encountered during GET /api/v1/warehouses,Keep request payload body under 1MB.,SELLER-405
ERR-00095,2026-09-02T20:20:05.421153+00:00,INVALID_API_KEY,/api/v1/warehouses,GET,Operational failure: INVALID_API_KEY encountered during GET /api/v1/warehouses,Verify your API Key credentials in the Partner Portal.,SELLER-129
ERR-00096,2026-09-02T00:05:00.421153+00:00,RESOURCE_NOT_FOUND,/api/v1/warehouses,GET,Operational failure: RESOURCE_NOT_FOUND encountered during GET /api/v1/warehouses,Check resource ID exists via GET endpoint before modifying.,SELLER-481
ERR-00097,2026-09-02T16:17:25.421153+00:00,RATE_LIMIT_EXCEEDED,/api/v1/events,POST,Operational failure: RATE_LIMIT_EXCEEDED encountered during POST /api/v1/events,Wait for Retry-After seconds. Exponential backoff recommended.,SELLER-099
ERR-00098,2026-09-05T20:16:33.421153+00:00,RATE_LIMIT_EXCEEDED,/api/v1/warehouses,GET,Operational failure: RATE_LIMIT_EXCEEDED encountered during GET /api/v1/warehouses,Wait for Retry-After seconds. Exponential backoff recommended.,SELLER-193
ERR-00099,2026-09-06T12:50:05.421153+00:00,INVALID_API_KEY,/api/v1/shipments,POST,Operational failure: INVALID_API_KEY encountered during POST /api/v1/shipments,Verify your API Key credentials in the Partner Portal.,SELLER-100
ERR-00100,2026-09-06T18:20:21.421153+00:00,PAYLOAD_TOO_LARGE,/api/v1/limits,GET,Operational failure: PAYLOAD_TOO_LARGE encountered during GET /api/v1/limits,Keep request payload body under 1MB.,SELLER-173
ERR-00101,2026-09-06T06:21:16.421153+00:00,VALIDATION_ERROR,/api/v1/inventory/SKU-1001,GET,Operational failure: VALIDATION_ERROR encountered during GET /api/v1/inventory/SKU-1001,Inspect field requirements in OpenAPI spec schema.,SELLER-062
ERR-00102,2026-09-02T07:28:45.421153+00:00,PAYLOAD_TOO_LARGE,/api/v1/shipments/SHP-0001,GET,Operational failure: PAYLOAD_TOO_LARGE encountered during GET /api/v1/shipments/SHP-0001,Keep request payload body under 1MB.,SELLER-401
ERR-00103,2026-09-01T05:47:31.421153+00:00,INVALID_API_KEY,/api/v1/warehouses,GET,Operational failure: INVALID_API_KEY encountered during GET /api/v1/warehouses,Verify your API Key credentials in the Partner Portal.,SELLER-152
ERR-00104,2026-09-02T01:15:19.421153+00:00,INVALID_STATE_TRANSITION,/api/v1/shipments,POST,Operational failure: INVALID_STATE_TRANSITION encountered during POST /api/v1/shipments,Follow state machine flow: CREATED -> PICKED_UP -> IN_TRANSIT -> OUT_FOR_DELIVERY -> DELIVERED.,SELLER-074
ERR-00105,2026-09-04T21:25:41.421153+00:00,VALIDATION_ERROR,/api/v1/shipments/SHP-0001/status,PATCH,Operational failure: VALIDATION_ERROR encountered during PATCH /api/v1/shipments/SHP-0001/status,Inspect field requirements in OpenAPI spec schema.,SELLER-351
ERR-00106,2026-09-05T11:12:28.421153+00:00,MISSING_API_KEY,/api/v1/health,GET,Operational failure: MISSING_API_KEY encountered during GET /api/v1/health,Provide a valid X-API-Key header in all HTTP requests.,SELLER-016
ERR-00107,2026-09-07T22:25:44.421153+00:00,INVALID_API_KEY,/api/v1/limits,GET,Operational failure: INVALID_API_KEY encountered during GET /api/v1/limits,Verify your API Key credentials in the Partner Portal.,SELLER-454
ERR-00108,2026-09-03T14:01:36.421153+00:00,INVALID_STATE_TRANSITION,/api/v1/health,GET,Operational failure: INVALID_STATE_TRANSITION encountered during GET /api/v1/health,Follow state machine flow: CREATED -> PICKED_UP -> IN_TRANSIT -> OUT_FOR_DELIVERY -> DELIVERED.,SELLER-125
ERR-00109,2026-09-06T13:47:51.421153+00:00,RESOURCE_NOT_FOUND,/api/v1/shipments/SHP-0001,GET,Operational failure: RESOURCE_NOT_FOUND encountered during GET /api/v1/shipments/SHP-0001,Check resource ID exists via GET endpoint before modifying.,SELLER-135
ERR-00110,2026-09-07T16:36:26.421153+00:00,RATE_LIMIT_EXCEEDED,/api/v1/warehouses,GET,Operational failure: RATE_LIMIT_EXCEEDED encountered during GET /api/v1/warehouses,Wait for Retry-After seconds. Exponential backoff recommended.,SELLER-359
ERR-00111,2026-09-03T08:56:27.421153+00:00,RATE_LIMIT_EXCEEDED,/api/v1/events,POST,Operational failure: RATE_LIMIT_EXCEEDED encountered during POST /api/v1/events,Wait for Retry-After seconds. Exponential backoff recommended.,SELLER-489
ERR-00112,2026-09-06T12:39:21.421153+00:00,VALIDATION_ERROR,/api/v1/inventory/SKU-1001,GET,Operational failure: VALIDATION_ERROR encountered during GET /api/v1/inventory/SKU-1001,Inspect field requirements in OpenAPI spec schema.,SELLER-243
ERR-00113,2026-09-07T21:25:59.421153+00:00,VALIDATION_ERROR,/api/v1/health,GET,Operational failure: VALIDATION_ERROR encountered during GET /api/v1/health,Inspect field requirements in OpenAPI spec schema.,SELLER-390
ERR-00114,2026-09-02T01:23:17.421153+00:00,INVALID_API_KEY,/api/v1/shipments/SHP-0001/status,PATCH,Operational failure: INVALID_API_KEY encountered during PATCH /api/v1/shipments/SHP-0001/status,Verify your API Key credentials in the Partner Portal.,SELLER-327
ERR-00115,2026-09-05T20:51:19.421153+00:00,INVALID_STATE_TRANSITION,/api/v1/limits,GET,Operational failure: INVALID_STATE_TRANSITION encountered during GET /api/v1/limits,Follow state machine flow: CREATED -> PICKED_UP -> IN_TRANSIT -> OUT_FOR_DELIVERY -> DELIVERED.,SELLER-232
ERR-00116,2026-09-06T13:37:45.421153+00:00,INVALID_API_KEY,/api/v1/carriers,GET,Operational failure: INVALID_API_KEY encountered during GET /api/v1/carriers,Verify your API Key credentials in the Partner Portal.,SELLER-076
ERR-00117,2026-09-06T10:09:14.421153+00:00,VALIDATION_ERROR,/api/v1/inventory/SKU-1001,GET,Operational failure: VALIDATION_ERROR encountered during GET /api/v1/inventory/SKU-1001,Inspect field requirements in OpenAPI spec schema.,SELLER-351
ERR-00118,2026-09-06T15:53:53.421153+00:00,RESOURCE_NOT_FOUND,/api/v1/carriers,GET,Operational failure: RESOURCE_NOT_FOUND encountered during GET /api/v1/carriers,Check resource ID exists via GET endpoint before modifying.,SELLER-087
ERR-00119,2026-09-01T22:04:34.421153+00:00,PAYLOAD_TOO_LARGE,/api/v1/shipments,POST,Operational failure: PAYLOAD_TOO_LARGE encountered during POST /api/v1/shipments,Keep request payload body under 1MB.,SELLER-148
ERR-00120,2026-09-05T23:01:22.421153+00:00,RATE_LIMIT_EXCEEDED,/api/v1/shipments/SHP-0001,GET,Operational failure: RATE_LIMIT_EXCEEDED encountered during GET /api/v1/shipments/SHP-0001,Wait for Retry-After seconds. Exponential backoff recommended.,SELLER-398
ERR-00121,2026-09-01T22:59:36.421153+00:00,RATE_LIMIT_EXCEEDED,/api/v1/inventory/SKU-1001,GET,Operational failure: RATE_LIMIT_EXCEEDED encountered during GET /api/v1/inventory/SKU-1001,Wait for Retry-After seconds. Exponential backoff recommended.,SELLER-168
ERR-00122,2026-09-07T18:06:30.421153+00:00,MISSING_API_KEY,/api/v1/health,GET,Operational failure: MISSING_API_KEY encountered during GET /api/v1/health,Provide a valid X-API-Key header in all HTTP requests.,SELLER-392
ERR-00123,2026-09-06T12:24:46.421153+00:00,INVALID_STATE_TRANSITION,/api/v1/shipments/SHP-0001/status,PATCH,Operational failure: INVALID_STATE_TRANSITION encountered during PATCH /api/v1/shipments/SHP-0001/status,Follow state machine flow: CREATED -> PICKED_UP -> IN_TRANSIT -> OUT_FOR_DELIVERY -> DELIVERED.,SELLER-119
ERR-00124,2026-09-01T19:53:26.421153+00:00,INVALID_API_KEY,/api/v1/inventory/SKU-1001,GET,Operational failure: INVALID_API_KEY encountered during GET /api/v1/inventory/SKU-1001,Verify your API Key credentials in the Partner Portal.,SELLER-096
ERR-00125,2026-09-03T04:00:11.421153+00:00,MISSING_API_KEY,/api/v1/warehouses,GET,Operational failure: MISSING_API_KEY encountered during GET /api/v1/warehouses,Provide a valid X-API-Key header in all HTTP requests.,SELLER-052
ERR-00126,2026-09-02T05:49:59.421153+00:00,VALIDATION_ERROR,/api/v1/shipments/SHP-0001/status,PATCH,Operational failure: VALIDATION_ERROR encountered during PATCH /api/v1/shipments/SHP-0001/status,Inspect field requirements in OpenAPI spec schema.,SELLER-316
ERR-00127,2026-09-07T12:27:11.421153+00:00,RESOURCE_NOT_FOUND,/api/v1/limits,GET,Operational failure: RESOURCE_NOT_FOUND encountered during GET /api/v1/limits,Check resource ID exists via GET endpoint before modifying.,SELLER-067
ERR-00128,2026-09-02T20:12:44.421153+00:00,INVALID_API_KEY,/api/v1/health,GET,Operational failure: INVALID_API_KEY encountered during GET /api/v1/health,Verify your API Key credentials in the Partner Portal.,SELLER-078
ERR-00129,2026-09-07T09:08:17.421153+00:00,RATE_LIMIT_EXCEEDED,/api/v1/shipments/SHP-0001/status,PATCH,Operational failure: RATE_LIMIT_EXCEEDED encountered during PATCH /api/v1/shipments/SHP-0001/status,Wait for Retry-After seconds. Exponential backoff recommended.,SELLER-073
ERR-00130,2026-09-04T07:11:10.421153+00:00,INVALID_API_KEY,/api/v1/warehouses,GET,Operational failure: INVALID_API_KEY encountered during GET /api/v1/warehouses,Verify your API Key credentials in the Partner Portal.,SELLER-379
ERR-00131,2026-09-01T20:56:54.421153+00:00,PAYLOAD_TOO_LARGE,/api/v1/shipments/SHP-0001/status,PATCH,Operational failure: PAYLOAD_TOO_LARGE encountered during PATCH /api/v1/shipments/SHP-0001/status,Keep request payload body under 1MB.,SELLER-465
ERR-00132,2026-09-03T07:07:14.421153+00:00,VALIDATION_ERROR,/api/v1/shipments/SHP-0001,GET,Operational failure: VALIDATION_ERROR encountered during GET /api/v1/shipments/SHP-0001,Inspect field requirements in OpenAPI spec schema.,SELLER-075
ERR-00133,2026-09-01T13:17:51.421153+00:00,INVALID_STATE_TRANSITION,/api/v1/carriers,GET,Operational failure: INVALID_STATE_TRANSITION encountered during GET /api/v1/carriers,Follow state machine flow: CREATED -> PICKED_UP -> IN_TRANSIT -> OUT_FOR_DELIVERY -> DELIVERED.,SELLER-081
ERR-00134,2026-09-03T18:41:40.421153+00:00,PAYLOAD_TOO_LARGE,/api/v1/inventory/SKU-1001,GET,Operational failure: PAYLOAD_TOO_LARGE encountered during GET /api/v1/inventory/SKU-1001,Keep request payload body under 1MB.,SELLER-343
ERR-00135,2026-09-06T21:02:10.421153+00:00,MISSING_API_KEY,/api/v1/shipments,POST,Operational failure: MISSING_API_KEY encountered during POST /api/v1/shipments,Provide a valid X-API-Key header in all HTTP requests.,SELLER-500
ERR-00136,2026-09-02T23:14:53.421153+00:00,INVALID_API_KEY,/api/v1/carriers,GET,Operational failure: INVALID_API_KEY encountered during GET /api/v1/carriers,Verify your API Key credentials in the Partner Portal.,SELLER-146
ERR-00137,2026-09-04T12:04:32.421153+00:00,PAYLOAD_TOO_LARGE,/api/v1/limits,GET,Operational failure: PAYLOAD_TOO_LARGE encountered during GET /api/v1/limits,Keep request payload body under 1MB.,SELLER-138
ERR-00138,2026-09-01T21:53:37.421153+00:00,RATE_LIMIT_EXCEEDED,/api/v1/warehouses,GET,Operational failure: RATE_LIMIT_EXCEEDED encountered during GET /api/v1/warehouses,Wait for Retry-After seconds. Exponential backoff recommended.,SELLER-466
ERR-00139,2026-09-03T13:58:21.421153+00:00,RATE_LIMIT_EXCEEDED,/api/v1/shipments/SHP-0001,GET,Operational failure: RATE_LIMIT_EXCEEDED encountered during GET /api/v1/shipments/SHP-0001,Wait for Retry-After seconds. Exponential backoff recommended.,SELLER-340
ERR-00140,2026-09-04T14:18:37.421153+00:00,PAYLOAD_TOO_LARGE,/api/v1/health,GET,Operational failure: PAYLOAD_TOO_LARGE encountered during GET /api/v1/health,Keep request payload body under 1MB.,SELLER-324
ERR-00141,2026-09-06T14:50:01.421153+00:00,RESOURCE_NOT_FOUND,/api/v1/limits,GET,Operational failure: RESOURCE_NOT_FOUND encountered during GET /api/v1/limits,Check resource ID exists via GET endpoint before modifying.,SELLER-029
ERR-00142,2026-09-04T06:36:25.421153+00:00,RATE_LIMIT_EXCEEDED,/api/v1/inventory/SKU-1001,GET,Operational failure: RATE_LIMIT_EXCEEDED encountered during GET /api/v1/inventory/SKU-1001,Wait for Retry-After seconds. Exponential backoff recommended.,SELLER-408
ERR-00143,2026-09-01T17:34:25.421153+00:00,RESOURCE_NOT_FOUND,/api/v1/shipments,POST,Operational failure: RESOURCE_NOT_FOUND encountered during POST /api/v1/shipments,Check resource ID exists via GET endpoint before modifying.,SELLER-184
ERR-00144,2026-09-05T04:12:03.421153+00:00,VALIDATION_ERROR,/api/v1/shipments/SHP-0001/status,PATCH,Operational failure: VALIDATION_ERROR encountered during PATCH /api/v1/shipments/SHP-0001/status,Inspect field requirements in OpenAPI spec schema.,SELLER-392
ERR-00145,2026-09-04T21:34:27.421153+00:00,INVALID_API_KEY,/api/v1/warehouses,GET,Operational failure: INVALID_API_KEY encountered during GET /api/v1/warehouses,Verify your API Key credentials in the Partner Portal.,SELLER-316
ERR-00146,2026-09-08T02:49:09.421153+00:00,INVALID_API_KEY,/api/v1/shipments,POST,Operational failure: INVALID_API_KEY encountered during POST /api/v1/shipments,Verify your API Key credentials in the Partner Portal.,SELLER-360
ERR-00147,2026-09-03T03:27:31.421153+00:00,RESOURCE_NOT_FOUND,/api/v1/limits,GET,Operational failure: RESOURCE_NOT_FOUND encountered during GET /api/v1/limits,Check resource ID exists via GET endpoint before modifying.,SELLER-408
ERR-00148,2026-09-02T21:13:31.421153+00:00,INVALID_API_KEY,/api/v1/carriers,GET,Operational failure: INVALID_API_KEY encountered during GET /api/v1/carriers,Verify your API Key credentials in the Partner Portal.,SELLER-456
ERR-00149,2026-09-03T16:24:50.421153+00:00,MISSING_API_KEY,/api/v1/inventory/SKU-1001,GET,Operational failure: MISSING_API_KEY encountered during GET /api/v1/inventory/SKU-1001,Provide a valid X-API-Key header in all HTTP requests.,SELLER-465
ERR-00150,2026-09-07T11:13:13.421153+00:00,INVALID_STATE_TRANSITION,/api/v1/shipments/SHP-0001/status,PATCH,Operational failure: INVALID_STATE_TRANSITION encountered during PATCH /api/v1/shipments/SHP-0001/status,Follow state machine flow: CREATED -> PICKED_UP -> IN_TRANSIT -> OUT_FOR_DELIVERY -> DELIVERED.,SELLER-446
ERR-00151,2026-09-03T19:12:54.421153+00:00,PAYLOAD_TOO_LARGE,/api/v1/shipments/SHP-0001/status,PATCH,Operational failure: PAYLOAD_TOO_LARGE encountered during PATCH /api/v1/shipments/SHP-0001/status,Keep request payload body under 1MB.,SELLER-125
ERR-00152,2026-09-02T04:56:15.421153+00:00,INVALID_API_KEY,/api/v1/shipments,POST,Operational failure: INVALID_API_KEY encountered during POST /api/v1/shipments,Verify your API Key credentials in the Partner Portal.,SELLER-259
ERR-00153,2026-09-05T17:36:08.421153+00:00,VALIDATION_ERROR,/api/v1/shipments/SHP-0001,GET,Operational failure: VALIDATION_ERROR encountered during GET /api/v1/shipments/SHP-0001,Inspect field requirements in OpenAPI spec schema.,SELLER-088
ERR-00154,2026-09-05T10:36:32.421153+00:00,VALIDATION_ERROR,/api/v1/warehouses,GET,Operational failure: VALIDATION_ERROR encountered during GET /api/v1/warehouses,Inspect field requirements in OpenAPI spec schema.,SELLER-198
ERR-00155,2026-09-01T16:43:50.421153+00:00,MISSING_API_KEY,/api/v1/limits,GET,Operational failure: MISSING_API_KEY encountered during GET /api/v1/limits,Provide a valid X-API-Key header in all HTTP requests.,SELLER-235
ERR-00156,2026-09-02T17:18:21.421153+00:00,RESOURCE_NOT_FOUND,/api/v1/health,GET,Operational failure: RESOURCE_NOT_FOUND encountered during GET /api/v1/health,Check resource ID exists via GET endpoint before modifying.,SELLER-334
ERR-00157,2026-09-03T21:25:52.421153+00:00,MISSING_API_KEY,/api/v1/shipments/SHP-0001,GET,Operational failure: MISSING_API_KEY encountered during GET /api/v1/shipments/SHP-0001,Provide a valid X-API-Key header in all HTTP requests.,SELLER-336
ERR-00158,2026-09-04T20:29:50.421153+00:00,PAYLOAD_TOO_LARGE,/api/v1/limits,GET,Operational failure: PAYLOAD_TOO_LARGE encountered during GET /api/v1/limits,Keep request payload body under 1MB.,SELLER-249
ERR-00159,2026-09-04T21:47:59.421153+00:00,INVALID_STATE_TRANSITION,/api/v1/shipments,POST,Operational failure: INVALID_STATE_TRANSITION encountered during POST /api/v1/shipments,Follow state machine flow: CREATED -> PICKED_UP -> IN_TRANSIT -> OUT_FOR_DELIVERY -> DELIVERED.,SELLER-028
ERR-00160,2026-09-07T02:30:34.421153+00:00,INVALID_API_KEY,/api/v1/shipments/SHP-0001/status,PATCH,Operational failure: INVALID_API_KEY encountered during PATCH /api/v1/shipments/SHP-0001/status,Verify your API Key credentials in the Partner Portal.,SELLER-135
ERR-00161,2026-09-01T07:01:33.421153+00:00,RESOURCE_NOT_FOUND,/api/v1/carriers,GET,Operational failure: RESOURCE_NOT_FOUND encountered during GET /api/v1/carriers,Check resource ID exists via GET endpoint before modifying.,SELLER-351
ERR-00162,2026-09-03T23:03:41.421153+00:00,PAYLOAD_TOO_LARGE,/api/v1/shipments,POST,Operational failure: PAYLOAD_TOO_LARGE encountered during POST /api/v1/shipments,Keep request payload body under 1MB.,SELLER-263
ERR-00163,2026-09-05T15:48:16.421153+00:00,INVALID_STATE_TRANSITION,/api/v1/shipments/SHP-0001/status,PATCH,Operational failure: INVALID_STATE_TRANSITION encountered during PATCH /api/v1/shipments/SHP-0001/status,Follow state machine flow: CREATED -> PICKED_UP -> IN_TRANSIT -> OUT_FOR_DELIVERY -> DELIVERED.,SELLER-453
ERR-00164,2026-09-05T19:32:36.421153+00:00,RATE_LIMIT_EXCEEDED,/api/v1/carriers,GET,Operational failure: RATE_LIMIT_EXCEEDED encountered during GET /api/v1/carriers,Wait for Retry-After seconds. Exponential backoff recommended.,SELLER-334
ERR-00165,2026-09-05T09:31:54.421153+00:00,INVALID_API_KEY,/api/v1/shipments/SHP-0001,GET,Operational failure: INVALID_API_KEY encountered during GET /api/v1/shipments/SHP-0001,Verify your API Key credentials in the Partner Portal.,SELLER-488
ERR-00166,2026-09-04T00:59:27.421153+00:00,INVALID_STATE_TRANSITION,/api/v1/health,GET,Operational failure: INVALID_STATE_TRANSITION encountered during GET /api/v1/health,Follow state machine flow: CREATED -> PICKED_UP -> IN_TRANSIT -> OUT_FOR_DELIVERY -> DELIVERED.,SELLER-234
ERR-00167,2026-09-07T22:14:50.421153+00:00,MISSING_API_KEY,/api/v1/carriers,GET,Operational failure: MISSING_API_KEY encountered during GET /api/v1/carriers,Provide a valid X-API-Key header in all HTTP requests.,SELLER-366
ERR-00168,2026-09-06T15:39:46.421153+00:00,RESOURCE_NOT_FOUND,/api/v1/inventory/SKU-1001,GET,Operational failure: RESOURCE_NOT_FOUND encountered during GET /api/v1/inventory/SKU-1001,Check resource ID exists via GET endpoint before modifying.,SELLER-227
ERR-00169,2026-09-01T05:28:52.421153+00:00,INVALID_API_KEY,/api/v1/events,POST,Operational failure: INVALID_API_KEY encountered during POST /api/v1/events,Verify your API Key credentials in the Partner Portal.,SELLER-394
ERR-00170,2026-09-03T11:17:58.421153+00:00,INVALID_API_KEY,/api/v1/carriers,GET,Operational failure: INVALID_API_KEY encountered during GET /api/v1/carriers,Verify your API Key credentials in the Partner Portal.,SELLER-417
ERR-00171,2026-09-06T07:31:44.421153+00:00,VALIDATION_ERROR,/api/v1/shipments,POST,Operational failure: VALIDATION_ERROR encountered during POST /api/v1/shipments,Inspect field requirements in OpenAPI spec schema.,SELLER-100
ERR-00172,2026-09-05T19:51:48.421153+00:00,RATE_LIMIT_EXCEEDED,/api/v1/shipments,POST,Operational failure: RATE_LIMIT_EXCEEDED encountered during POST /api/v1/shipments,Wait for Retry-After seconds. Exponential backoff recommended.,SELLER-225
ERR-00173,2026-09-02T20:08:16.421153+00:00,INVALID_STATE_TRANSITION,/api/v1/shipments,POST,Operational failure: INVALID_STATE_TRANSITION encountered during POST /api/v1/shipments,Follow state machine flow: CREATED -> PICKED_UP -> IN_TRANSIT -> OUT_FOR_DELIVERY -> DELIVERED.,SELLER-113
ERR-00174,2026-09-06T17:34:52.421153+00:00,INVALID_STATE_TRANSITION,/api/v1/shipments/SHP-0001,GET,Operational failure: INVALID_STATE_TRANSITION encountered during GET /api/v1/shipments/SHP-0001,Follow state machine flow: CREATED -> PICKED_UP -> IN_TRANSIT -> OUT_FOR_DELIVERY -> DELIVERED.,SELLER-394
ERR-00175,2026-09-07T13:53:40.421153+00:00,RATE_LIMIT_EXCEEDED,/api/v1/shipments,POST,Operational failure: RATE_LIMIT_EXCEEDED encountered during POST /api/v1/shipments,Wait for Retry-After seconds. Exponential backoff recommended.,SELLER-051
ERR-00176,2026-09-04T03:27:33.421153+00:00,MISSING_API_KEY,/api/v1/inventory/SKU-1001,GET,Operational failure: MISSING_API_KEY encountered during GET /api/v1/inventory/SKU-1001,Provide a valid X-API-Key header in all HTTP requests.,SELLER-170
ERR-00177,2026-09-06T10:50:24.421153+00:00,INVALID_API_KEY,/api/v1/shipments/SHP-0001,GET,Operational failure: INVALID_API_KEY encountered during GET /api/v1/shipments/SHP-0001,Verify your API Key credentials in the Partner Portal.,SELLER-492
ERR-00178,2026-09-08T04:14:54.421153+00:00,INVALID_API_KEY,/api/v1/shipments/SHP-0001/status,PATCH,Operational failure: INVALID_API_KEY encountered during PATCH /api/v1/shipments/SHP-0001/status,Verify your API Key credentials in the Partner Portal.,SELLER-209
ERR-00179,2026-09-03T02:15:25.421153+00:00,RATE_LIMIT_EXCEEDED,/api/v1/shipments/SHP-0001/status,PATCH,Operational failure: RATE_LIMIT_EXCEEDED encountered during PATCH /api/v1/shipments/SHP-0001/status,Wait for Retry-After seconds. Exponential backoff recommended.,SELLER-054
ERR-00180,2026-09-08T03:31:12.421153+00:00,PAYLOAD_TOO_LARGE,/api/v1/shipments/SHP-0001,GET,Operational failure: PAYLOAD_TOO_LARGE encountered during GET /api/v1/shipments/SHP-0001,Keep request payload body under 1MB.,SELLER-271
ERR-00181,2026-09-04T23:20:47.421153+00:00,INVALID_STATE_TRANSITION,/api/v1/events,POST,Operational failure: INVALID_STATE_TRANSITION encountered during POST /api/v1/events,Follow state machine flow: CREATED -> PICKED_UP -> IN_TRANSIT -> OUT_FOR_DELIVERY -> DELIVERED.,SELLER-377
ERR-00182,2026-09-02T04:41:40.421153+00:00,RATE_LIMIT_EXCEEDED,/api/v1/health,GET,Operational failure: RATE_LIMIT_EXCEEDED encountered during GET /api/v1/health,Wait for Retry-After seconds. Exponential backoff recommended.,SELLER-100
ERR-00183,2026-09-02T05:03:05.421153+00:00,INVALID_API_KEY,/api/v1/warehouses,GET,Operational failure: INVALID_API_KEY encountered during GET /api/v1/warehouses,Verify your API Key credentials in the Partner Portal.,SELLER-266
ERR-00184,2026-09-02T09:10:50.421153+00:00,MISSING_API_KEY,/api/v1/shipments/SHP-0001/status,PATCH,Operational failure: MISSING_API_KEY encountered during PATCH /api/v1/shipments/SHP-0001/status,Provide a valid X-API-Key header in all HTTP requests.,SELLER-359
ERR-00185,2026-09-07T18:04:44.421153+00:00,PAYLOAD_TOO_LARGE,/api/v1/events,POST,Operational failure: PAYLOAD_TOO_LARGE encountered during POST /api/v1/events,Keep request payload body under 1MB.,SELLER-492
ERR-00186,2026-09-05T18:33:25.421153+00:00,VALIDATION_ERROR,/api/v1/shipments,POST,Operational failure: VALIDATION_ERROR encountered during POST /api/v1/shipments,Inspect field requirements in OpenAPI spec schema.,SELLER-093
ERR-00187,2026-09-06T05:49:21.421153+00:00,RATE_LIMIT_EXCEEDED,/api/v1/carriers,GET,Operational failure: RATE_LIMIT_EXCEEDED encountered during GET /api/v1/carriers,Wait for Retry-After seconds. Exponential backoff recommended.,SELLER-408
ERR-00188,2026-09-03T16:25:31.421153+00:00,INVALID_STATE_TRANSITION,/api/v1/shipments/SHP-0001,GET,Operational failure: INVALID_STATE_TRANSITION encountered during GET /api/v1/shipments/SHP-0001,Follow state machine flow: CREATED -> PICKED_UP -> IN_TRANSIT -> OUT_FOR_DELIVERY -> DELIVERED.,SELLER-340
ERR-00189,2026-09-07T11:28:09.421153+00:00,RESOURCE_NOT_FOUND,/api/v1/shipments/SHP-0001,GET,Operational failure: RESOURCE_NOT_FOUND encountered during GET /api/v1/shipments/SHP-0001,Check resource ID exists via GET endpoint before modifying.,SELLER-139
ERR-00190,2026-09-07T13:27:10.421153+00:00,RESOURCE_NOT_FOUND,/api/v1/health,GET,Operational failure: RESOURCE_NOT_FOUND encountered during GET /api/v1/health,Check resource ID exists via GET endpoint before modifying.,SELLER-409
ERR-00191,2026-09-07T05:48:44.421153+00:00,PAYLOAD_TOO_LARGE,/api/v1/events,POST,Operational failure: PAYLOAD_TOO_LARGE encountered during POST /api/v1/events,Keep request payload body under 1MB.,SELLER-430
ERR-00192,2026-09-02T01:47:45.421153+00:00,VALIDATION_ERROR,/api/v1/health,GET,Operational failure: VALIDATION_ERROR encountered during GET /api/v1/health,Inspect field requirements in OpenAPI spec schema.,SELLER-039
ERR-00193,2026-09-04T02:59:17.421153+00:00,MISSING_API_KEY,/api/v1/shipments,POST,Operational failure: MISSING_API_KEY encountered during POST /api/v1/shipments,Provide a valid X-API-Key header in all HTTP requests.,SELLER-488
ERR-00194,2026-09-01T07:26:09.421153+00:00,INVALID_API_KEY,/api/v1/shipments/SHP-0001/status,PATCH,Operational failure: INVALID_API_KEY encountered during PATCH /api/v1/shipments/SHP-0001/status,Verify your API Key credentials in the Partner Portal.,SELLER-485
ERR-00195,2026-09-03T08:52:27.421153+00:00,VALIDATION_ERROR,/api/v1/events,POST,Operational failure: VALIDATION_ERROR encountered during POST /api/v1/events,Inspect field requirements in OpenAPI spec schema.,SELLER-187
ERR-00196,2026-09-03T18:21:30.421153+00:00,PAYLOAD_TOO_LARGE,/api/v1/health,GET,Operational failure: PAYLOAD_TOO_LARGE encountered during GET /api/v1/health,Keep request payload body under 1MB.,SELLER-045
ERR-00197,2026-09-06T09:33:15.421153+00:00,VALIDATION_ERROR,/api/v1/inventory/SKU-1001,GET,Operational failure: VALIDATION_ERROR encountered during GET /api/v1/inventory/SKU-1001,Inspect field requirements in OpenAPI spec schema.,SELLER-479
ERR-00198,2026-09-05T02:01:27.421153+00:00,INVALID_API_KEY,/api/v1/limits,GET,Operational failure: INVALID_API_KEY encountered during GET /api/v1/limits,Verify your API Key credentials in the Partner Portal.,SELLER-289
ERR-00199,2026-09-06T02:35:15.421153+00:00,INVALID_STATE_TRANSITION,/api/v1/shipments/SHP-0001,GET,Operational failure: INVALID_STATE_TRANSITION encountered during GET /api/v1/shipments/SHP-0001,Follow state machine flow: CREATED -> PICKED_UP -> IN_TRANSIT -> OUT_FOR_DELIVERY -> DELIVERED.,SELLER-314
ERR-00200,2026-09-07T18:42:10.421153+00:00,MISSING_API_KEY,/api/v1/inventory/SKU-1001,GET,Operational failure: MISSING_API_KEY encountered during GET /api/v1/inventory/SKU-1001,Provide a valid X-API-Key header in all HTTP requests.,SELLER-336
ERR-00201,2026-09-02T07:05:22.421153+00:00,INVALID_API_KEY,/api/v1/shipments,POST,Operational failure: INVALID_API_KEY encountered during POST /api/v1/shipments,Verify your API Key credentials in the Partner Portal.,SELLER-009
ERR-00202,2026-09-06T09:05:17.421153+00:00,MISSING_API_KEY,/api/v1/carriers,GET,Operational failure: MISSING_API_KEY encountered during GET /api/v1/carriers,Provide a valid X-API-Key header in all HTTP requests.,SELLER-222
ERR-00203,2026-09-07T16:36:09.421153+00:00,VALIDATION_ERROR,/api/v1/inventory/SKU-1001,GET,Operational failure: VALIDATION_ERROR encountered during GET /api/v1/inventory/SKU-1001,Inspect field requirements in OpenAPI spec schema.,SELLER-021
ERR-00204,2026-09-03T09:01:45.421153+00:00,INVALID_STATE_TRANSITION,/api/v1/limits,GET,Operational failure: INVALID_STATE_TRANSITION encountered during GET /api/v1/limits,Follow state machine flow: CREATED -> PICKED_UP -> IN_TRANSIT -> OUT_FOR_DELIVERY -> DELIVERED.,SELLER-478
ERR-00205,2026-09-03T20:21:34.421153+00:00,VALIDATION_ERROR,/api/v1/carriers,GET,Operational failure: VALIDATION_ERROR encountered during GET /api/v1/carriers,Inspect field requirements in OpenAPI spec schema.,SELLER-251
ERR-00206,2026-09-03T15:50:57.421153+00:00,VALIDATION_ERROR,/api/v1/health,GET,Operational failure: VALIDATION_ERROR encountered during GET /api/v1/health,Inspect field requirements in OpenAPI spec schema.,SELLER-037
ERR-00207,2026-09-07T11:57:49.421153+00:00,INVALID_STATE_TRANSITION,/api/v1/inventory/SKU-1001,GET,Operational failure: INVALID_STATE_TRANSITION encountered during GET /api/v1/inventory/SKU-1001,Follow state machine flow: CREATED -> PICKED_UP -> IN_TRANSIT -> OUT_FOR_DELIVERY -> DELIVERED.,SELLER-447
ERR-00208,2026-09-06T02:34:12.421153+00:00,RESOURCE_NOT_FOUND,/api/v1/carriers,GET,Operational failure: RESOURCE_NOT_FOUND encountered during GET /api/v1/carriers,Check resource ID exists via GET endpoint before modifying.,SELLER-167
ERR-00209,2026-09-07T10:56:55.421153+00:00,VALIDATION_ERROR,/api/v1/warehouses,GET,Operational failure: VALIDATION_ERROR encountered during GET /api/v1/warehouses,Inspect field requirements in OpenAPI spec schema.,SELLER-173
ERR-00210,2026-09-07T12:06:58.421153+00:00,RESOURCE_NOT_FOUND,/api/v1/events,POST,Operational failure: RESOURCE_NOT_FOUND encountered during POST /api/v1/events,Check resource ID exists via GET endpoint before modifying.,SELLER-174
ERR-00211,2026-09-03T22:47:27.421153+00:00,RESOURCE_NOT_FOUND,/api/v1/health,GET,Operational failure: RESOURCE_NOT_FOUND encountered during GET /api/v1/health,Check resource ID exists via GET endpoint before modifying.,SELLER-336
ERR-00212,2026-09-06T23:01:19.421153+00:00,INVALID_API_KEY,/api/v1/inventory/SKU-1001,GET,Operational failure: INVALID_API_KEY encountered during GET /api/v1/inventory/SKU-1001,Verify your API Key credentials in the Partner Portal.,SELLER-152
ERR-00213,2026-09-03T21:08:15.421153+00:00,RATE_LIMIT_EXCEEDED,/api/v1/carriers,GET,Operational failure: RATE_LIMIT_EXCEEDED encountered during GET /api/v1/carriers,Wait for Retry-After seconds. Exponential backoff recommended.,SELLER-276
ERR-00214,2026-09-03T01:28:13.421153+00:00,PAYLOAD_TOO_LARGE,/api/v1/health,GET,Operational failure: PAYLOAD_TOO_LARGE encountered during GET /api/v1/health,Keep request payload body under 1MB.,SELLER-492
ERR-00215,2026-09-02T10:17:34.421153+00:00,INVALID_API_KEY,/api/v1/warehouses,GET,Operational failure: INVALID_API_KEY encountered during GET /api/v1/warehouses,Verify your API Key credentials in the Partner Portal.,SELLER-389
ERR-00216,2026-09-03T19:11:04.421153+00:00,RATE_LIMIT_EXCEEDED,/api/v1/shipments/SHP-0001/status,PATCH,Operational failure: RATE_LIMIT_EXCEEDED encountered during PATCH /api/v1/shipments/SHP-0001/status,Wait for Retry-After seconds. Exponential backoff recommended.,SELLER-296
ERR-00217,2026-09-02T03:38:20.421153+00:00,RESOURCE_NOT_FOUND,/api/v1/shipments/SHP-0001,GET,Operational failure: RESOURCE_NOT_FOUND encountered during GET /api/v1/shipments/SHP-0001,Check resource ID exists via GET endpoint before modifying.,SELLER-294
ERR-00218,2026-09-07T06:28:20.421153+00:00,INVALID_STATE_TRANSITION,/api/v1/events,POST,Operational failure: INVALID_STATE_TRANSITION encountered during POST /api/v1/events,Follow state machine flow: CREATED -> PICKED_UP -> IN_TRANSIT -> OUT_FOR_DELIVERY -> DELIVERED.,SELLER-496
ERR-00219,2026-09-03T10:38:52.421153+00:00,INVALID_STATE_TRANSITION,/api/v1/events,POST,Operational failure: INVALID_STATE_TRANSITION encountered during POST /api/v1/events,Follow state machine flow: CREATED -> PICKED_UP -> IN_TRANSIT -> OUT_FOR_DELIVERY -> DELIVERED.,SELLER-450
ERR-00220,2026-09-04T01:43:38.421153+00:00,MISSING_API_KEY,/api/v1/shipments/SHP-0001,GET,Operational failure: MISSING_API_KEY encountered during GET /api/v1/shipments/SHP-0001,Provide a valid X-API-Key header in all HTTP requests.,SELLER-251
ERR-00221,2026-09-04T14:28:08.421153+00:00,RATE_LIMIT_EXCEEDED,/api/v1/events,POST,Operational failure: RATE_LIMIT_EXCEEDED encountered during POST /api/v1/events,Wait for Retry-After seconds. Exponential backoff recommended.,SELLER-257
ERR-00222,2026-09-03T07:18:08.421153+00:00,RESOURCE_NOT_FOUND,/api/v1/health,GET,Operational failure: RESOURCE_NOT_FOUND encountered during GET /api/v1/health,Check resource ID exists via GET endpoint before modifying.,SELLER-018
ERR-00223,2026-09-06T19:56:53.421153+00:00,VALIDATION_ERROR,/api/v1/health,GET,Operational failure: VALIDATION_ERROR encountered during GET /api/v1/health,Inspect field requirements in OpenAPI spec schema.,SELLER-338
ERR-00224,2026-09-07T23:59:47.421153+00:00,INVALID_API_KEY,/api/v1/carriers,GET,Operational failure: INVALID_API_KEY encountered during GET /api/v1/carriers,Verify your API Key credentials in the Partner Portal.,SELLER-145
ERR-00225,2026-09-02T04:00:02.421153+00:00,INVALID_API_KEY,/api/v1/limits,GET,Operational failure: INVALID_API_KEY encountered during GET /api/v1/limits,Verify your API Key credentials in the Partner Portal.,SELLER-263
ERR-00226,2026-09-05T14:28:22.421153+00:00,INVALID_API_KEY,/api/v1/events,POST,Operational failure: INVALID_API_KEY encountered during POST /api/v1/events,Verify your API Key credentials in the Partner Portal.,SELLER-345
ERR-00227,2026-09-01T22:00:53.421153+00:00,RATE_LIMIT_EXCEEDED,/api/v1/shipments,POST,Operational failure: RATE_LIMIT_EXCEEDED encountered during POST /api/v1/shipments,Wait for Retry-After seconds. Exponential backoff recommended.,SELLER-039
ERR-00228,2026-09-03T21:59:00.421153+00:00,INVALID_STATE_TRANSITION,/api/v1/shipments,POST,Operational failure: INVALID_STATE_TRANSITION encountered during POST /api/v1/shipments,Follow state machine flow: CREATED -> PICKED_UP -> IN_TRANSIT -> OUT_FOR_DELIVERY -> DELIVERED.,SELLER-465
ERR-00229,2026-09-02T09:29:24.421153+00:00,RESOURCE_NOT_FOUND,/api/v1/shipments,POST,Operational failure: RESOURCE_NOT_FOUND encountered during POST /api/v1/shipments,Check resource ID exists via GET endpoint before modifying.,SELLER-092
ERR-00230,2026-09-04T07:14:06.421153+00:00,MISSING_API_KEY,/api/v1/shipments/SHP-0001/status,PATCH,Operational failure: MISSING_API_KEY encountered during PATCH /api/v1/shipments/SHP-0001/status,Provide a valid X-API-Key header in all HTTP requests.,SELLER-324
ERR-00231,2026-09-03T17:11:37.421153+00:00,RATE_LIMIT_EXCEEDED,/api/v1/events,POST,Operational failure: RATE_LIMIT_EXCEEDED encountered during POST /api/v1/events,Wait for Retry-After seconds. Exponential backoff recommended.,SELLER-103
ERR-00232,2026-09-08T02:58:33.421153+00:00,MISSING_API_KEY,/api/v1/shipments/SHP-0001/status,PATCH,Operational failure: MISSING_API_KEY encountered during PATCH /api/v1/shipments/SHP-0001/status,Provide a valid X-API-Key header in all HTTP requests.,SELLER-229
ERR-00233,2026-09-08T04:04:55.421153+00:00,INVALID_API_KEY,/api/v1/inventory/SKU-1001,GET,Operational failure: INVALID_API_KEY encountered during GET /api/v1/inventory/SKU-1001,Verify your API Key credentials in the Partner Portal.,SELLER-322
ERR-00234,2026-09-07T03:03:05.421153+00:00,INVALID_STATE_TRANSITION,/api/v1/shipments/SHP-0001/status,PATCH,Operational failure: INVALID_STATE_TRANSITION encountered during PATCH /api/v1/shipments/SHP-0001/status,Follow state machine flow: CREATED -> PICKED_UP -> IN_TRANSIT -> OUT_FOR_DELIVERY -> DELIVERED.,SELLER-384
ERR-00235,2026-09-03T14:53:54.421153+00:00,RATE_LIMIT_EXCEEDED,/api/v1/shipments,POST,Operational failure: RATE_LIMIT_EXCEEDED encountered during POST /api/v1/shipments,Wait for Retry-After seconds. Exponential backoff recommended.,SELLER-117
ERR-00236,2026-09-02T01:23:41.421153+00:00,PAYLOAD_TOO_LARGE,/api/v1/shipments/SHP-0001/status,PATCH,Operational failure: PAYLOAD_TOO_LARGE encountered during PATCH /api/v1/shipments/SHP-0001/status,Keep request payload body under 1MB.,SELLER-120
ERR-00237,2026-09-03T16:56:59.421153+00:00,INVALID_API_KEY,/api/v1/limits,GET,Operational failure: INVALID_API_KEY encountered during GET /api/v1/limits,Verify your API Key credentials in the Partner Portal.,SELLER-428
ERR-00238,2026-09-06T03:49:58.421153+00:00,RESOURCE_NOT_FOUND,/api/v1/shipments,POST,Operational failure: RESOURCE_NOT_FOUND encountered during POST /api/v1/shipments,Check resource ID exists via GET endpoint before modifying.,SELLER-358
ERR-00239,2026-09-04T08:26:44.421153+00:00,INVALID_STATE_TRANSITION,/api/v1/limits,GET,Operational failure: INVALID_STATE_TRANSITION encountered during GET /api/v1/limits,Follow state machine flow: CREATED -> PICKED_UP -> IN_TRANSIT -> OUT_FOR_DELIVERY -> DELIVERED.,SELLER-418
ERR-00240,2026-09-05T01:07:59.421153+00:00,MISSING_API_KEY,/api/v1/shipments,POST,Operational failure: MISSING_API_KEY encountered during POST /api/v1/shipments,Provide a valid X-API-Key header in all HTTP requests.,SELLER-047
ERR-00241,2026-09-03T15:58:36.421153+00:00,RATE_LIMIT_EXCEEDED,/api/v1/events,POST,Operational failure: RATE_LIMIT_EXCEEDED encountered during POST /api/v1/events,Wait for Retry-After seconds. Exponential backoff recommended.,SELLER-293
ERR-00242,2026-09-02T16:31:15.421153+00:00,INVALID_API_KEY,/api/v1/inventory/SKU-1001,GET,Operational failure: INVALID_API_KEY encountered during GET /api/v1/inventory/SKU-1001,Verify your API Key credentials in the Partner Portal.,SELLER-419
ERR-00243,2026-09-04T00:17:36.421153+00:00,INVALID_API_KEY,/api/v1/shipments,POST,Operational failure: INVALID_API_KEY encountered during POST /api/v1/shipments,Verify your API Key credentials in the Partner Portal.,SELLER-312
ERR-00244,2026-09-08T02:17:34.421153+00:00,RESOURCE_NOT_FOUND,/api/v1/warehouses,GET,Operational failure: RESOURCE_NOT_FOUND encountered during GET /api/v1/warehouses,Check resource ID exists via GET endpoint before modifying.,SELLER-072
ERR-00245,2026-09-01T23:57:13.421153+00:00,INVALID_STATE_TRANSITION,/api/v1/shipments,POST,Operational failure: INVALID_STATE_TRANSITION encountered during POST /api/v1/shipments,Follow state machine flow: CREATED -> PICKED_UP -> IN_TRANSIT -> OUT_FOR_DELIVERY -> DELIVERED.,SELLER-098
ERR-00246,2026-09-01T18:55:55.421153+00:00,PAYLOAD_TOO_LARGE,/api/v1/carriers,GET,Operational failure: PAYLOAD_TOO_LARGE encountered during GET /api/v1/carriers,Keep request payload body under 1MB.,SELLER-105
ERR-00247,2026-09-02T23:53:24.421153+00:00,PAYLOAD_TOO_LARGE,/api/v1/warehouses,GET,Operational failure: PAYLOAD_TOO_LARGE encountered during GET /api/v1/warehouses,Keep request payload body under 1MB.,SELLER-087
ERR-00248,2026-09-02T07:54:10.421153+00:00,RESOURCE_NOT_FOUND,/api/v1/inventory/SKU-1001,GET,Operational failure: RESOURCE_NOT_FOUND encountered during GET /api/v1/inventory/SKU-1001,Check resource ID exists via GET endpoint before modifying.,SELLER-284
ERR-00249,2026-09-04T16:41:17.421153+00:00,INVALID_STATE_TRANSITION,/api/v1/shipments/SHP-0001/status,PATCH,Operational failure: INVALID_STATE_TRANSITION encountered during PATCH /api/v1/shipments/SHP-0001/status,Follow state machine flow: CREATED -> PICKED_UP -> IN_TRANSIT -> OUT_FOR_DELIVERY -> DELIVERED.,SELLER-115
ERR-00250,2026-09-05T20:15:28.421153+00:00,INVALID_API_KEY,/api/v1/inventory/SKU-1001,GET,Operational failure: INVALID_API_KEY encountered during GET /api/v1/inventory/SKU-1001,Verify your API Key credentials in the Partner Portal.,SELLER-174
ERR-00251,2026-09-07T20:18:16.421153+00:00,MISSING_API_KEY,/api/v1/warehouses,GET,Operational failure: MISSING_API_KEY encountered during GET /api/v1/warehouses,Provide a valid X-API-Key header in all HTTP requests.,SELLER-151
ERR-00252,2026-09-05T13:10:03.421153+00:00,VALIDATION_ERROR,/api/v1/warehouses,GET,Operational failure: VALIDATION_ERROR encountered during GET /api/v1/warehouses,Inspect field requirements in OpenAPI spec schema.,SELLER-185
ERR-00253,2026-09-03T18:41:44.421153+00:00,VALIDATION_ERROR,/api/v1/shipments,POST,Operational failure: VALIDATION_ERROR encountered during POST /api/v1/shipments,Inspect field requirements in OpenAPI spec schema.,SELLER-462
ERR-00254,2026-09-05T10:36:06.421153+00:00,INVALID_API_KEY,/api/v1/events,POST,Operational failure: INVALID_API_KEY encountered during POST /api/v1/events,Verify your API Key credentials in the Partner Portal.,SELLER-144
ERR-00255,2026-09-02T16:37:21.421153+00:00,RATE_LIMIT_EXCEEDED,/api/v1/carriers,GET,Operational failure: RATE_LIMIT_EXCEEDED encountered during GET /api/v1/carriers,Wait for Retry-After seconds. Exponential backoff recommended.,SELLER-327
ERR-00256,2026-09-04T21:45:48.421153+00:00,RATE_LIMIT_EXCEEDED,/api/v1/health,GET,Operational failure: RATE_LIMIT_EXCEEDED encountered during GET /api/v1/health,Wait for Retry-After seconds. Exponential backoff recommended.,SELLER-126
ERR-00257,2026-09-07T00:05:02.421153+00:00,RATE_LIMIT_EXCEEDED,/api/v1/health,GET,Operational failure: RATE_LIMIT_EXCEEDED encountered during GET /api/v1/health,Wait for Retry-After seconds. Exponential backoff recommended.,SELLER-190
ERR-00258,2026-09-04T03:58:04.421153+00:00,VALIDATION_ERROR,/api/v1/warehouses,GET,Operational failure: VALIDATION_ERROR encountered during GET /api/v1/warehouses,Inspect field requirements in OpenAPI spec schema.,SELLER-080
ERR-00259,2026-09-03T13:47:27.421153+00:00,VALIDATION_ERROR,/api/v1/carriers,GET,Operational failure: VALIDATION_ERROR encountered during GET /api/v1/carriers,Inspect field requirements in OpenAPI spec schema.,SELLER-079
ERR-00260,2026-09-01T20:17:51.421153+00:00,PAYLOAD_TOO_LARGE,/api/v1/events,POST,Operational failure: PAYLOAD_TOO_LARGE encountered during POST /api/v1/events,Keep request payload body under 1MB.,SELLER-143
ERR-00261,2026-09-03T06:37:58.421153+00:00,PAYLOAD_TOO_LARGE,/api/v1/carriers,GET,Operational failure: PAYLOAD_TOO_LARGE encountered during GET /api/v1/carriers,Keep request payload body under 1MB.,SELLER-031
ERR-00262,2026-09-02T14:42:03.421153+00:00,INVALID_STATE_TRANSITION,/api/v1/events,POST,Operational failure: INVALID_STATE_TRANSITION encountered during POST /api/v1/events,Follow state machine flow: CREATED -> PICKED_UP -> IN_TRANSIT -> OUT_FOR_DELIVERY -> DELIVERED.,SELLER-407
ERR-00263,2026-09-02T15:22:57.421153+00:00,MISSING_API_KEY,/api/v1/shipments/SHP-0001/status,PATCH,Operational failure: MISSING_API_KEY encountered during PATCH /api/v1/shipments/SHP-0001/status,Provide a valid X-API-Key header in all HTTP requests.,SELLER-493
ERR-00264,2026-09-01T06:58:58.421153+00:00,PAYLOAD_TOO_LARGE,/api/v1/health,GET,Operational failure: PAYLOAD_TOO_LARGE encountered during GET /api/v1/health,Keep request payload body under 1MB.,SELLER-139
ERR-00265,2026-09-06T22:21:21.421153+00:00,PAYLOAD_TOO_LARGE,/api/v1/carriers,GET,Operational failure: PAYLOAD_TOO_LARGE encountered during GET /api/v1/carriers,Keep request payload body under 1MB.,SELLER-294
ERR-00266,2026-09-01T11:50:03.421153+00:00,VALIDATION_ERROR,/api/v1/inventory/SKU-1001,GET,Operational failure: VALIDATION_ERROR encountered during GET /api/v1/inventory/SKU-1001,Inspect field requirements in OpenAPI spec schema.,SELLER-485
ERR-00267,2026-09-03T14:39:07.421153+00:00,RESOURCE_NOT_FOUND,/api/v1/warehouses,GET,Operational failure: RESOURCE_NOT_FOUND encountered during GET /api/v1/warehouses,Check resource ID exists via GET endpoint before modifying.,SELLER-097
ERR-00268,2026-09-02T18:39:50.421153+00:00,PAYLOAD_TOO_LARGE,/api/v1/health,GET,Operational failure: PAYLOAD_TOO_LARGE encountered during GET /api/v1/health,Keep request payload body under 1MB.,SELLER-129
ERR-00269,2026-09-04T21:55:39.421153+00:00,MISSING_API_KEY,/api/v1/health,GET,Operational failure: MISSING_API_KEY encountered during GET /api/v1/health,Provide a valid X-API-Key header in all HTTP requests.,SELLER-302
ERR-00270,2026-09-07T20:33:54.421153+00:00,MISSING_API_KEY,/api/v1/health,GET,Operational failure: MISSING_API_KEY encountered during GET /api/v1/health,Provide a valid X-API-Key header in all HTTP requests.,SELLER-084
ERR-00271,2026-09-07T18:47:12.421153+00:00,VALIDATION_ERROR,/api/v1/events,POST,Operational failure: VALIDATION_ERROR encountered during POST /api/v1/events,Inspect field requirements in OpenAPI spec schema.,SELLER-051
ERR-00272,2026-09-06T06:11:15.421153+00:00,VALIDATION_ERROR,/api/v1/shipments/SHP-0001,GET,Operational failure: VALIDATION_ERROR encountered during GET /api/v1/shipments/SHP-0001,Inspect field requirements in OpenAPI spec schema.,SELLER-148
ERR-00273,2026-09-07T01:49:08.421153+00:00,INVALID_API_KEY,/api/v1/shipments,POST,Operational failure: INVALID_API_KEY encountered during POST /api/v1/shipments,Verify your API Key credentials in the Partner Portal.,SELLER-130
ERR-00274,2026-09-05T00:15:32.421153+00:00,INVALID_API_KEY,/api/v1/health,GET,Operational failure: INVALID_API_KEY encountered during GET /api/v1/health,Verify your API Key credentials in the Partner Portal.,SELLER-350
ERR-00275,2026-09-06T22:43:16.421153+00:00,MISSING_API_KEY,/api/v1/health,GET,Operational failure: MISSING_API_KEY encountered during GET /api/v1/health,Provide a valid X-API-Key header in all HTTP requests.,SELLER-252
ERR-00276,2026-09-02T18:57:03.421153+00:00,RESOURCE_NOT_FOUND,/api/v1/warehouses,GET,Operational failure: RESOURCE_NOT_FOUND encountered during GET /api/v1/warehouses,Check resource ID exists via GET endpoint before modifying.,SELLER-188
ERR-00277,2026-09-07T23:12:35.421153+00:00,MISSING_API_KEY,/api/v1/shipments,POST,Operational failure: MISSING_API_KEY encountered during POST /api/v1/shipments,Provide a valid X-API-Key header in all HTTP requests.,SELLER-046
ERR-00278,2026-09-07T06:55:20.421153+00:00,VALIDATION_ERROR,/api/v1/inventory/SKU-1001,GET,Operational failure: VALIDATION_ERROR encountered during GET /api/v1/inventory/SKU-1001,Inspect field requirements in OpenAPI spec schema.,SELLER-280
ERR-00279,2026-09-06T13:52:53.421153+00:00,VALIDATION_ERROR,/api/v1/limits,GET,Operational failure: VALIDATION_ERROR encountered during GET /api/v1/limits,Inspect field requirements in OpenAPI spec schema.,SELLER-040
ERR-00280,2026-09-06T23:16:21.421153+00:00,MISSING_API_KEY,/api/v1/events,POST,Operational failure: MISSING_API_KEY encountered during POST /api/v1/events,Provide a valid X-API-Key header in all HTTP requests.,SELLER-134
ERR-00281,2026-09-06T16:36:00.421153+00:00,INVALID_STATE_TRANSITION,/api/v1/health,GET,Operational failure: INVALID_STATE_TRANSITION encountered during GET /api/v1/health,Follow state machine flow: CREATED -> PICKED_UP -> IN_TRANSIT -> OUT_FOR_DELIVERY -> DELIVERED.,SELLER-175
ERR-00282,2026-09-02T03:19:10.421153+00:00,PAYLOAD_TOO_LARGE,/api/v1/carriers,GET,Operational failure: PAYLOAD_TOO_LARGE encountered during GET /api/v1/carriers,Keep request payload body under 1MB.,SELLER-197
ERR-00283,2026-09-07T00:16:33.421153+00:00,INVALID_API_KEY,/api/v1/health,GET,Operational failure: INVALID_API_KEY encountered during GET /api/v1/health,Verify your API Key credentials in the Partner Portal.,SELLER-022
ERR-00284,2026-09-08T02:19:51.421153+00:00,VALIDATION_ERROR,/api/v1/events,POST,Operational failure: VALIDATION_ERROR encountered during POST /api/v1/events,Inspect field requirements in OpenAPI spec schema.,SELLER-316
ERR-00285,2026-09-05T10:35:38.421153+00:00,RESOURCE_NOT_FOUND,/api/v1/inventory/SKU-1001,GET,Operational failure: RESOURCE_NOT_FOUND encountered during GET /api/v1/inventory/SKU-1001,Check resource ID exists via GET endpoint before modifying.,SELLER-044
ERR-00286,2026-09-01T21:43:11.421153+00:00,RATE_LIMIT_EXCEEDED,/api/v1/warehouses,GET,Operational failure: RATE_LIMIT_EXCEEDED encountered during GET /api/v1/warehouses,Wait for Retry-After seconds. Exponential backoff recommended.,SELLER-127
ERR-00287,2026-09-07T20:49:56.421153+00:00,PAYLOAD_TOO_LARGE,/api/v1/shipments/SHP-0001/status,PATCH,Operational failure: PAYLOAD_TOO_LARGE encountered during PATCH /api/v1/shipments/SHP-0001/status,Keep request payload body under 1MB.,SELLER-318
ERR-00288,2026-09-02T23:57:33.421153+00:00,INVALID_API_KEY,/api/v1/events,POST,Operational failure: INVALID_API_KEY encountered during POST /api/v1/events,Verify your API Key credentials in the Partner Portal.,SELLER-150
ERR-00289,2026-09-04T02:31:19.421153+00:00,VALIDATION_ERROR,/api/v1/inventory/SKU-1001,GET,Operational failure: VALIDATION_ERROR encountered during GET /api/v1/inventory/SKU-1001,Inspect field requirements in OpenAPI spec schema.,SELLER-406
ERR-00290,2026-09-06T02:35:03.421153+00:00,VALIDATION_ERROR,/api/v1/events,POST,Operational failure: VALIDATION_ERROR encountered during POST /api/v1/events,Inspect field requirements in OpenAPI spec schema.,SELLER-287
ERR-00291,2026-09-03T03:45:21.421153+00:00,INVALID_STATE_TRANSITION,/api/v1/shipments,POST,Operational failure: INVALID_STATE_TRANSITION encountered during POST /api/v1/shipments,Follow state machine flow: CREATED -> PICKED_UP -> IN_TRANSIT -> OUT_FOR_DELIVERY -> DELIVERED.,SELLER-286
ERR-00292,2026-09-06T03:38:49.421153+00:00,RESOURCE_NOT_FOUND,/api/v1/warehouses,GET,Operational failure: RESOURCE_NOT_FOUND encountered during GET /api/v1/warehouses,Check resource ID exists via GET endpoint before modifying.,SELLER-052
ERR-00293,2026-09-05T15:05:40.421153+00:00,INVALID_STATE_TRANSITION,/api/v1/warehouses,GET,Operational failure: INVALID_STATE_TRANSITION encountered during GET /api/v1/warehouses,Follow state machine flow: CREATED -> PICKED_UP -> IN_TRANSIT -> OUT_FOR_DELIVERY -> DELIVERED.,SELLER-163
ERR-00294,2026-09-02T01:47:24.421153+00:00,RATE_LIMIT_EXCEEDED,/api/v1/inventory/SKU-1001,GET,Operational failure: RATE_LIMIT_EXCEEDED encountered during GET /api/v1/inventory/SKU-1001,Wait for Retry-After seconds. Exponential backoff recommended.,SELLER-442
ERR-00295,2026-09-05T08:19:33.421153+00:00,MISSING_API_KEY,/api/v1/health,GET,Operational failure: MISSING_API_KEY encountered during GET /api/v1/health,Provide a valid X-API-Key header in all HTTP requests.,SELLER-163
ERR-00296,2026-09-07T10:27:34.421153+00:00,PAYLOAD_TOO_LARGE,/api/v1/inventory/SKU-1001,GET,Operational failure: PAYLOAD_TOO_LARGE encountered during GET /api/v1/inventory/SKU-1001,Keep request payload body under 1MB.,SELLER-111
ERR-00297,2026-09-03T00:31:37.421153+00:00,RESOURCE_NOT_FOUND,/api/v1/limits,GET,Operational failure: RESOURCE_NOT_FOUND encountered during GET /api/v1/limits,Check resource ID exists via GET endpoint before modifying.,SELLER-048
ERR-00298,2026-09-01T08:59:14.421153+00:00,RATE_LIMIT_EXCEEDED,/api/v1/health,GET,Operational failure: RATE_LIMIT_EXCEEDED encountered during GET /api/v1/health,Wait for Retry-After seconds. Exponential backoff recommended.,SELLER-304
ERR-00299,2026-09-04T21:37:44.421153+00:00,RATE_LIMIT_EXCEEDED,/api/v1/events,POST,Operational failure: RATE_LIMIT_EXCEEDED encountered during POST /api/v1/events,Wait for Retry-After seconds. Exponential backoff recommended.,SELLER-196
ERR-00300,2026-09-06T01:42:20.421153+00:00,INVALID_API_KEY,/api/v1/inventory/SKU-1001,GET,Operational failure: INVALID_API_KEY encountered during GET /api/v1/inventory/SKU-1001,Verify your API Key credentials in the Partner Portal.,SELLER-225
ERR-00301,2026-09-01T05:20:02.421153+00:00,INVALID_API_KEY,/api/v1/carriers,GET,Operational failure: INVALID_API_KEY encountered during GET /api/v1/carriers,Verify your API Key credentials in the Partner Portal.,SELLER-260
ERR-00302,2026-09-04T12:40:08.421153+00:00,RATE_LIMIT_EXCEEDED,/api/v1/inventory/SKU-1001,GET,Operational failure: RATE_LIMIT_EXCEEDED encountered during GET /api/v1/inventory/SKU-1001,Wait for Retry-After seconds. Exponential backoff recommended.,SELLER-331
ERR-00303,2026-09-06T04:13:56.421153+00:00,RATE_LIMIT_EXCEEDED,/api/v1/carriers,GET,Operational failure: RATE_LIMIT_EXCEEDED encountered during GET /api/v1/carriers,Wait for Retry-After seconds. Exponential backoff recommended.,SELLER-397
ERR-00304,2026-09-04T14:04:47.421153+00:00,PAYLOAD_TOO_LARGE,/api/v1/warehouses,GET,Operational failure: PAYLOAD_TOO_LARGE encountered during GET /api/v1/warehouses,Keep request payload body under 1MB.,SELLER-299
ERR-00305,2026-09-04T21:23:15.421153+00:00,INVALID_API_KEY,/api/v1/health,GET,Operational failure: INVALID_API_KEY encountered during GET /api/v1/health,Verify your API Key credentials in the Partner Portal.,SELLER-391
ERR-00306,2026-09-01T07:55:59.421153+00:00,PAYLOAD_TOO_LARGE,/api/v1/health,GET,Operational failure: PAYLOAD_TOO_LARGE encountered during GET /api/v1/health,Keep request payload body under 1MB.,SELLER-355
ERR-00307,2026-09-06T22:22:02.421153+00:00,RESOURCE_NOT_FOUND,/api/v1/limits,GET,Operational failure: RESOURCE_NOT_FOUND encountered during GET /api/v1/limits,Check resource ID exists via GET endpoint before modifying.,SELLER-381
ERR-00308,2026-09-07T17:54:06.421153+00:00,INVALID_STATE_TRANSITION,/api/v1/events,POST,Operational failure: INVALID_STATE_TRANSITION encountered during POST /api/v1/events,Follow state machine flow: CREATED -> PICKED_UP -> IN_TRANSIT -> OUT_FOR_DELIVERY -> DELIVERED.,SELLER-281
ERR-00309,2026-09-07T09:54:53.421153+00:00,PAYLOAD_TOO_LARGE,/api/v1/carriers,GET,Operational failure: PAYLOAD_TOO_LARGE encountered during GET /api/v1/carriers,Keep request payload body under 1MB.,SELLER-388
ERR-00310,2026-09-02T08:57:43.421153+00:00,INVALID_STATE_TRANSITION,/api/v1/warehouses,GET,Operational failure: INVALID_STATE_TRANSITION encountered during GET /api/v1/warehouses,Follow state machine flow: CREATED -> PICKED_UP -> IN_TRANSIT -> OUT_FOR_DELIVERY -> DELIVERED.,SELLER-220
ERR-00311,2026-09-02T15:31:05.421153+00:00,RESOURCE_NOT_FOUND,/api/v1/health,GET,Operational failure: RESOURCE_NOT_FOUND encountered during GET /api/v1/health,Check resource ID exists via GET endpoint before modifying.,SELLER-381
ERR-00312,2026-09-05T23:54:46.421153+00:00,RATE_LIMIT_EXCEEDED,/api/v1/health,GET,Operational failure: RATE_LIMIT_EXCEEDED encountered during GET /api/v1/health,Wait for Retry-After seconds. Exponential backoff recommended.,SELLER-382
ERR-00313,2026-09-07T23:46:18.421153+00:00,INVALID_STATE_TRANSITION,/api/v1/shipments/SHP-0001/status,PATCH,Operational failure: INVALID_STATE_TRANSITION encountered during PATCH /api/v1/shipments/SHP-0001/status,Follow state machine flow: CREATED -> PICKED_UP -> IN_TRANSIT -> OUT_FOR_DELIVERY -> DELIVERED.,SELLER-303
ERR-00314,2026-09-01T12:55:27.421153+00:00,RATE_LIMIT_EXCEEDED,/api/v1/limits,GET,Operational failure: RATE_LIMIT_EXCEEDED encountered during GET /api/v1/limits,Wait for Retry-After seconds. Exponential backoff recommended.,SELLER-204
ERR-00315,2026-09-03T19:18:24.421153+00:00,PAYLOAD_TOO_LARGE,/api/v1/carriers,GET,Operational failure: PAYLOAD_TOO_LARGE encountered during GET /api/v1/carriers,Keep request payload body under 1MB.,SELLER-173
ERR-00316,2026-09-07T13:20:07.421153+00:00,INVALID_STATE_TRANSITION,/api/v1/shipments/SHP-0001,GET,Operational failure: INVALID_STATE_TRANSITION encountered during GET /api/v1/shipments/SHP-0001,Follow state machine flow: CREATED -> PICKED_UP -> IN_TRANSIT -> OUT_FOR_DELIVERY -> DELIVERED.,SELLER-216
ERR-00317,2026-09-04T07:42:03.421153+00:00,INVALID_API_KEY,/api/v1/events,POST,Operational failure: INVALID_API_KEY encountered during POST /api/v1/events,Verify your API Key credentials in the Partner Portal.,SELLER-240
ERR-00318,2026-09-07T23:25:31.421153+00:00,PAYLOAD_TOO_LARGE,/api/v1/health,GET,Operational failure: PAYLOAD_TOO_LARGE encountered during GET /api/v1/health,Keep request payload body under 1MB.,SELLER-482
ERR-00319,2026-09-08T03:38:57.421153+00:00,RESOURCE_NOT_FOUND,/api/v1/shipments,POST,Operational failure: RESOURCE_NOT_FOUND encountered during POST /api/v1/shipments,Check resource ID exists via GET endpoint before modifying.,SELLER-471
ERR-00320,2026-09-06T17:01:44.421153+00:00,INVALID_API_KEY,/api/v1/events,POST,Operational failure: INVALID_API_KEY encountered during POST /api/v1/events,Verify your API Key credentials in the Partner Portal.,SELLER-196
ERR-00321,2026-09-06T17:30:23.421153+00:00,VALIDATION_ERROR,/api/v1/shipments/SHP-0001,GET,Operational failure: VALIDATION_ERROR encountered during GET /api/v1/shipments/SHP-0001,Inspect field requirements in OpenAPI spec schema.,SELLER-234
ERR-00322,2026-09-01T11:14:46.421153+00:00,INVALID_API_KEY,/api/v1/shipments,POST,Operational failure: INVALID_API_KEY encountered during POST /api/v1/shipments,Verify your API Key credentials in the Partner Portal.,SELLER-086
ERR-00323,2026-09-04T01:03:41.421153+00:00,INVALID_API_KEY,/api/v1/shipments/SHP-0001,GET,Operational failure: INVALID_API_KEY encountered during GET /api/v1/shipments/SHP-0001,Verify your API Key credentials in the Partner Portal.,SELLER-310
ERR-00324,2026-09-01T18:50:50.421153+00:00,MISSING_API_KEY,/api/v1/shipments/SHP-0001/status,PATCH,Operational failure: MISSING_API_KEY encountered during PATCH /api/v1/shipments/SHP-0001/status,Provide a valid X-API-Key header in all HTTP requests.,SELLER-012
ERR-00325,2026-09-05T00:28:30.421153+00:00,MISSING_API_KEY,/api/v1/warehouses,GET,Operational failure: MISSING_API_KEY encountered during GET /api/v1/warehouses,Provide a valid X-API-Key header in all HTTP requests.,SELLER-017
ERR-00326,2026-09-02T19:47:30.421153+00:00,MISSING_API_KEY,/api/v1/events,POST,Operational failure: MISSING_API_KEY encountered during POST /api/v1/events,Provide a valid X-API-Key header in all HTTP requests.,SELLER-145
ERR-00327,2026-09-01T04:22:32.421153+00:00,RATE_LIMIT_EXCEEDED,/api/v1/warehouses,GET,Operational failure: RATE_LIMIT_EXCEEDED encountered during GET /api/v1/warehouses,Wait for Retry-After seconds. Exponential backoff recommended.,SELLER-409
ERR-00328,2026-09-03T22:44:58.421153+00:00,MISSING_API_KEY,/api/v1/shipments,POST,Operational failure: MISSING_API_KEY encountered during POST /api/v1/shipments,Provide a valid X-API-Key header in all HTTP requests.,SELLER-240
ERR-00329,2026-09-04T20:40:14.421153+00:00,INVALID_API_KEY,/api/v1/shipments/SHP-0001/status,PATCH,Operational failure: INVALID_API_KEY encountered during PATCH /api/v1/shipments/SHP-0001/status,Verify your API Key credentials in the Partner Portal.,SELLER-235
ERR-00330,2026-09-03T00:07:33.421153+00:00,INVALID_API_KEY,/api/v1/warehouses,GET,Operational failure: INVALID_API_KEY encountered during GET /api/v1/warehouses,Verify your API Key credentials in the Partner Portal.,SELLER-417
ERR-00331,2026-09-01T19:52:50.421153+00:00,RATE_LIMIT_EXCEEDED,/api/v1/carriers,GET,Operational failure: RATE_LIMIT_EXCEEDED encountered during GET /api/v1/carriers,Wait for Retry-After seconds. Exponential backoff recommended.,SELLER-181
ERR-00332,2026-09-01T10:05:20.421153+00:00,VALIDATION_ERROR,/api/v1/events,POST,Operational failure: VALIDATION_ERROR encountered during POST /api/v1/events,Inspect field requirements in OpenAPI spec schema.,SELLER-164
ERR-00333,2026-09-01T22:20:39.421153+00:00,INVALID_STATE_TRANSITION,/api/v1/limits,GET,Operational failure: INVALID_STATE_TRANSITION encountered during GET /api/v1/limits,Follow state machine flow: CREATED -> PICKED_UP -> IN_TRANSIT -> OUT_FOR_DELIVERY -> DELIVERED.,SELLER-288
ERR-00334,2026-09-01T21:21:48.421153+00:00,INVALID_API_KEY,/api/v1/carriers,GET,Operational failure: INVALID_API_KEY encountered during GET /api/v1/carriers,Verify your API Key credentials in the Partner Portal.,SELLER-015
ERR-00335,2026-09-08T01:52:47.421153+00:00,VALIDATION_ERROR,/api/v1/health,GET,Operational failure: VALIDATION_ERROR encountered during GET /api/v1/health,Inspect field requirements in OpenAPI spec schema.,SELLER-309
ERR-00336,2026-09-04T15:25:14.421153+00:00,INVALID_API_KEY,/api/v1/limits,GET,Operational failure: INVALID_API_KEY encountered during GET /api/v1/limits,Verify your API Key credentials in the Partner Portal.,SELLER-202
ERR-00337,2026-09-05T06:22:41.421153+00:00,INVALID_API_KEY,/api/v1/inventory/SKU-1001,GET,Operational failure: INVALID_API_KEY encountered during GET /api/v1/inventory/SKU-1001,Verify your API Key credentials in the Partner Portal.,SELLER-175
ERR-00338,2026-09-03T06:31:41.421153+00:00,VALIDATION_ERROR,/api/v1/warehouses,GET,Operational failure: VALIDATION_ERROR encountered during GET /api/v1/warehouses,Inspect field requirements in OpenAPI spec schema.,SELLER-075
ERR-00339,2026-09-07T15:24:55.421153+00:00,VALIDATION_ERROR,/api/v1/shipments,POST,Operational failure: VALIDATION_ERROR encountered during POST /api/v1/shipments,Inspect field requirements in OpenAPI spec schema.,SELLER-059
ERR-00340,2026-09-05T16:24:09.421153+00:00,PAYLOAD_TOO_LARGE,/api/v1/health,GET,Operational failure: PAYLOAD_TOO_LARGE encountered during GET /api/v1/health,Keep request payload body under 1MB.,SELLER-308
ERR-00341,2026-09-02T14:28:12.421153+00:00,VALIDATION_ERROR,/api/v1/shipments,POST,Operational failure: VALIDATION_ERROR encountered during POST /api/v1/shipments,Inspect field requirements in OpenAPI spec schema.,SELLER-422
ERR-00342,2026-09-08T03:04:07.421153+00:00,INVALID_STATE_TRANSITION,/api/v1/shipments/SHP-0001,GET,Operational failure: INVALID_STATE_TRANSITION encountered during GET /api/v1/shipments/SHP-0001,Follow state machine flow: CREATED -> PICKED_UP -> IN_TRANSIT -> OUT_FOR_DELIVERY -> DELIVERED.,SELLER-003
ERR-00343,2026-09-04T13:57:44.421153+00:00,RESOURCE_NOT_FOUND,/api/v1/shipments,POST,Operational failure: RESOURCE_NOT_FOUND encountered during POST /api/v1/shipments,Check resource ID exists via GET endpoint before modifying.,SELLER-497
ERR-00344,2026-09-01T17:04:00.421153+00:00,VALIDATION_ERROR,/api/v1/warehouses,GET,Operational failure: VALIDATION_ERROR encountered during GET /api/v1/warehouses,Inspect field requirements in OpenAPI spec schema.,SELLER-182
ERR-00345,2026-09-07T11:53:30.421153+00:00,MISSING_API_KEY,/api/v1/inventory/SKU-1001,GET,Operational failure: MISSING_API_KEY encountered during GET /api/v1/inventory/SKU-1001,Provide a valid X-API-Key header in all HTTP requests.,SELLER-145
ERR-00346,2026-09-07T08:05:43.421153+00:00,RESOURCE_NOT_FOUND,/api/v1/limits,GET,Operational failure: RESOURCE_NOT_FOUND encountered during GET /api/v1/limits,Check resource ID exists via GET endpoint before modifying.,SELLER-067
ERR-00347,2026-09-02T00:24:41.421153+00:00,RATE_LIMIT_EXCEEDED,/api/v1/limits,GET,Operational failure: RATE_LIMIT_EXCEEDED encountered during GET /api/v1/limits,Wait for Retry-After seconds. Exponential backoff recommended.,SELLER-455
ERR-00348,2026-09-03T10:41:31.421153+00:00,INVALID_API_KEY,/api/v1/shipments,POST,Operational failure: INVALID_API_KEY encountered during POST /api/v1/shipments,Verify your API Key credentials in the Partner Portal.,SELLER-488
ERR-00349,2026-09-05T03:36:35.421153+00:00,VALIDATION_ERROR,/api/v1/shipments/SHP-0001/status,PATCH,Operational failure: VALIDATION_ERROR encountered during PATCH /api/v1/shipments/SHP-0001/status,Inspect field requirements in OpenAPI spec schema.,SELLER-414
ERR-00350,2026-09-02T15:58:18.421153+00:00,PAYLOAD_TOO_LARGE,/api/v1/limits,GET,Operational failure: PAYLOAD_TOO_LARGE encountered during GET /api/v1/limits,Keep request payload body under 1MB.,SELLER-330
ERR-00351,2026-09-02T11:13:09.421153+00:00,MISSING_API_KEY,/api/v1/warehouses,GET,Operational failure: MISSING_API_KEY encountered during GET /api/v1/warehouses,Provide a valid X-API-Key header in all HTTP requests.,SELLER-221
ERR-00352,2026-09-01T15:09:59.421153+00:00,RESOURCE_NOT_FOUND,/api/v1/inventory/SKU-1001,GET,Operational failure: RESOURCE_NOT_FOUND encountered during GET /api/v1/inventory/SKU-1001,Check resource ID exists via GET endpoint before modifying.,SELLER-393
ERR-00353,2026-09-06T13:18:33.421153+00:00,VALIDATION_ERROR,/api/v1/inventory/SKU-1001,GET,Operational failure: VALIDATION_ERROR encountered during GET /api/v1/inventory/SKU-1001,Inspect field requirements in OpenAPI spec schema.,SELLER-098
ERR-00354,2026-09-03T23:12:43.421153+00:00,PAYLOAD_TOO_LARGE,/api/v1/shipments/SHP-0001,GET,Operational failure: PAYLOAD_TOO_LARGE encountered during GET /api/v1/shipments/SHP-0001,Keep request payload body under 1MB.,SELLER-089
ERR-00355,2026-09-02T06:07:13.421153+00:00,RESOURCE_NOT_FOUND,/api/v1/inventory/SKU-1001,GET,Operational failure: RESOURCE_NOT_FOUND encountered during GET /api/v1/inventory/SKU-1001,Check resource ID exists via GET endpoint before modifying.,SELLER-169
ERR-00356,2026-09-08T00:41:46.421153+00:00,RATE_LIMIT_EXCEEDED,/api/v1/shipments/SHP-0001/status,PATCH,Operational failure: RATE_LIMIT_EXCEEDED encountered during PATCH /api/v1/shipments/SHP-0001/status,Wait for Retry-After seconds. Exponential backoff recommended.,SELLER-239
ERR-00357,2026-09-07T11:54:48.421153+00:00,RATE_LIMIT_EXCEEDED,/api/v1/shipments/SHP-0001/status,PATCH,Operational failure: RATE_LIMIT_EXCEEDED encountered during PATCH /api/v1/shipments/SHP-0001/status,Wait for Retry-After seconds. Exponential backoff recommended.,SELLER-201
ERR-00358,2026-09-06T20:42:37.421153+00:00,VALIDATION_ERROR,/api/v1/health,GET,Operational failure: VALIDATION_ERROR encountered during GET /api/v1/health,Inspect field requirements in OpenAPI spec schema.,SELLER-060
ERR-00359,2026-09-03T06:56:26.421153+00:00,INVALID_STATE_TRANSITION,/api/v1/shipments,POST,Operational failure: INVALID_STATE_TRANSITION encountered during POST /api/v1/shipments,Follow state machine flow: CREATED -> PICKED_UP -> IN_TRANSIT -> OUT_FOR_DELIVERY -> DELIVERED.,SELLER-100
ERR-00360,2026-09-07T23:35:45.421153+00:00,INVALID_API_KEY,/api/v1/events,POST,Operational failure: INVALID_API_KEY encountered during POST /api/v1/events,Verify your API Key credentials in the Partner Portal.,SELLER-077
ERR-00361,2026-09-07T14:49:36.421153+00:00,RESOURCE_NOT_FOUND,/api/v1/health,GET,Operational failure: RESOURCE_NOT_FOUND encountered during GET /api/v1/health,Check resource ID exists via GET endpoint before modifying.,SELLER-375
ERR-00362,2026-09-07T19:43:29.421153+00:00,PAYLOAD_TOO_LARGE,/api/v1/shipments,POST,Operational failure: PAYLOAD_TOO_LARGE encountered during POST /api/v1/shipments,Keep request payload body under 1MB.,SELLER-362
ERR-00363,2026-09-01T11:36:05.421153+00:00,PAYLOAD_TOO_LARGE,/api/v1/health,GET,Operational failure: PAYLOAD_TOO_LARGE encountered during GET /api/v1/health,Keep request payload body under 1MB.,SELLER-255
ERR-00364,2026-09-07T03:27:05.421153+00:00,INVALID_STATE_TRANSITION,/api/v1/warehouses,GET,Operational failure: INVALID_STATE_TRANSITION encountered during GET /api/v1/warehouses,Follow state machine flow: CREATED -> PICKED_UP -> IN_TRANSIT -> OUT_FOR_DELIVERY -> DELIVERED.,SELLER-081
ERR-00365,2026-09-02T19:01:59.421153+00:00,MISSING_API_KEY,/api/v1/inventory/SKU-1001,GET,Operational failure: MISSING_API_KEY encountered during GET /api/v1/inventory/SKU-1001,Provide a valid X-API-Key header in all HTTP requests.,SELLER-304
ERR-00366,2026-09-06T19:24:31.421153+00:00,MISSING_API_KEY,/api/v1/health,GET,Operational failure: MISSING_API_KEY encountered during GET /api/v1/health,Provide a valid X-API-Key header in all HTTP requests.,SELLER-181
ERR-00367,2026-09-07T17:23:51.421153+00:00,INVALID_STATE_TRANSITION,/api/v1/shipments,POST,Operational failure: INVALID_STATE_TRANSITION encountered during POST /api/v1/shipments,Follow state machine flow: CREATED -> PICKED_UP -> IN_TRANSIT -> OUT_FOR_DELIVERY -> DELIVERED.,SELLER-198
ERR-00368,2026-09-07T05:13:37.421153+00:00,INVALID_API_KEY,/api/v1/shipments/SHP-0001/status,PATCH,Operational failure: INVALID_API_KEY encountered during PATCH /api/v1/shipments/SHP-0001/status,Verify your API Key credentials in the Partner Portal.,SELLER-235
ERR-00369,2026-09-08T00:09:54.421153+00:00,INVALID_STATE_TRANSITION,/api/v1/events,POST,Operational failure: INVALID_STATE_TRANSITION encountered during POST /api/v1/events,Follow state machine flow: CREATED -> PICKED_UP -> IN_TRANSIT -> OUT_FOR_DELIVERY -> DELIVERED.,SELLER-129
ERR-00370,2026-09-02T16:29:27.421153+00:00,PAYLOAD_TOO_LARGE,/api/v1/carriers,GET,Operational failure: PAYLOAD_TOO_LARGE encountered during GET /api/v1/carriers,Keep request payload body under 1MB.,SELLER-056
ERR-00371,2026-09-01T17:46:59.421153+00:00,INVALID_API_KEY,/api/v1/warehouses,GET,Operational failure: INVALID_API_KEY encountered during GET /api/v1/warehouses,Verify your API Key credentials in the Partner Portal.,SELLER-314
ERR-00372,2026-09-05T21:01:10.421153+00:00,INVALID_STATE_TRANSITION,/api/v1/limits,GET,Operational failure: INVALID_STATE_TRANSITION encountered during GET /api/v1/limits,Follow state machine flow: CREATED -> PICKED_UP -> IN_TRANSIT -> OUT_FOR_DELIVERY -> DELIVERED.,SELLER-415
ERR-00373,2026-09-04T05:28:40.421153+00:00,PAYLOAD_TOO_LARGE,/api/v1/shipments,POST,Operational failure: PAYLOAD_TOO_LARGE encountered during POST /api/v1/shipments,Keep request payload body under 1MB.,SELLER-126
ERR-00374,2026-09-07T14:47:40.421153+00:00,VALIDATION_ERROR,/api/v1/events,POST,Operational failure: VALIDATION_ERROR encountered during POST /api/v1/events,Inspect field requirements in OpenAPI spec schema.,SELLER-306
ERR-00375,2026-09-07T04:07:34.421153+00:00,RESOURCE_NOT_FOUND,/api/v1/inventory/SKU-1001,GET,Operational failure: RESOURCE_NOT_FOUND encountered during GET /api/v1/inventory/SKU-1001,Check resource ID exists via GET endpoint before modifying.,SELLER-010
ERR-00376,2026-09-02T11:03:37.421153+00:00,RATE_LIMIT_EXCEEDED,/api/v1/shipments/SHP-0001,GET,Operational failure: RATE_LIMIT_EXCEEDED encountered during GET /api/v1/shipments/SHP-0001,Wait for Retry-After seconds. Exponential backoff recommended.,SELLER-265
ERR-00377,2026-09-05T03:25:32.421153+00:00,RATE_LIMIT_EXCEEDED,/api/v1/carriers,GET,Operational failure: RATE_LIMIT_EXCEEDED encountered during GET /api/v1/carriers,Wait for Retry-After seconds. Exponential backoff recommended.,SELLER-217
ERR-00378,2026-09-03T22:51:37.421153+00:00,RATE_LIMIT_EXCEEDED,/api/v1/shipments/SHP-0001/status,PATCH,Operational failure: RATE_LIMIT_EXCEEDED encountered during PATCH /api/v1/shipments/SHP-0001/status,Wait for Retry-After seconds. Exponential backoff recommended.,SELLER-038
ERR-00379,2026-09-04T07:09:48.421153+00:00,PAYLOAD_TOO_LARGE,/api/v1/events,POST,Operational failure: PAYLOAD_TOO_LARGE encountered during POST /api/v1/events,Keep request payload body under 1MB.,SELLER-091
ERR-00380,2026-09-06T11:19:47.421153+00:00,INVALID_STATE_TRANSITION,/api/v1/shipments/SHP-0001,GET,Operational failure: INVALID_STATE_TRANSITION encountered during GET /api/v1/shipments/SHP-0001,Follow state machine flow: CREATED -> PICKED_UP -> IN_TRANSIT -> OUT_FOR_DELIVERY -> DELIVERED.,SELLER-125
ERR-00381,2026-09-06T00:16:29.421153+00:00,PAYLOAD_TOO_LARGE,/api/v1/warehouses,GET,Operational failure: PAYLOAD_TOO_LARGE encountered during GET /api/v1/warehouses,Keep request payload body under 1MB.,SELLER-350
ERR-00382,2026-09-01T07:09:28.421153+00:00,INVALID_STATE_TRANSITION,/api/v1/shipments/SHP-0001,GET,Operational failure: INVALID_STATE_TRANSITION encountered during GET /api/v1/shipments/SHP-0001,Follow state machine flow: CREATED -> PICKED_UP -> IN_TRANSIT -> OUT_FOR_DELIVERY -> DELIVERED.,SELLER-347
ERR-00383,2026-09-06T14:29:30.421153+00:00,INVALID_STATE_TRANSITION,/api/v1/limits,GET,Operational failure: INVALID_STATE_TRANSITION encountered during GET /api/v1/limits,Follow state machine flow: CREATED -> PICKED_UP -> IN_TRANSIT -> OUT_FOR_DELIVERY -> DELIVERED.,SELLER-164
ERR-00384,2026-09-05T23:13:47.421153+00:00,INVALID_STATE_TRANSITION,/api/v1/limits,GET,Operational failure: INVALID_STATE_TRANSITION encountered during GET /api/v1/limits,Follow state machine flow: CREATED -> PICKED_UP -> IN_TRANSIT -> OUT_FOR_DELIVERY -> DELIVERED.,SELLER-013
ERR-00385,2026-09-06T05:40:54.421153+00:00,VALIDATION_ERROR,/api/v1/limits,GET,Operational failure: VALIDATION_ERROR encountered during GET /api/v1/limits,Inspect field requirements in OpenAPI spec schema.,SELLER-479
ERR-00386,2026-09-02T05:09:40.421153+00:00,INVALID_API_KEY,/api/v1/limits,GET,Operational failure: INVALID_API_KEY encountered during GET /api/v1/limits,Verify your API Key credentials in the Partner Portal.,SELLER-086
ERR-00387,2026-09-05T01:39:08.421153+00:00,RATE_LIMIT_EXCEEDED,/api/v1/shipments,POST,Operational failure: RATE_LIMIT_EXCEEDED encountered during POST /api/v1/shipments,Wait for Retry-After seconds. Exponential backoff recommended.,SELLER-246
ERR-00388,2026-09-05T20:39:40.421153+00:00,INVALID_STATE_TRANSITION,/api/v1/shipments/SHP-0001/status,PATCH,Operational failure: INVALID_STATE_TRANSITION encountered during PATCH /api/v1/shipments/SHP-0001/status,Follow state machine flow: CREATED -> PICKED_UP -> IN_TRANSIT -> OUT_FOR_DELIVERY -> DELIVERED.,SELLER-283
ERR-00389,2026-09-07T08:31:41.421153+00:00,INVALID_API_KEY,/api/v1/warehouses,GET,Operational failure: INVALID_API_KEY encountered during GET /api/v1/warehouses,Verify your API Key credentials in the Partner Portal.,SELLER-122
ERR-00390,2026-09-02T05:48:03.421153+00:00,VALIDATION_ERROR,/api/v1/inventory/SKU-1001,GET,Operational failure: VALIDATION_ERROR encountered during GET /api/v1/inventory/SKU-1001,Inspect field requirements in OpenAPI spec schema.,SELLER-204
ERR-00391,2026-09-01T23:30:23.421153+00:00,MISSING_API_KEY,/api/v1/events,POST,Operational failure: MISSING_API_KEY encountered during POST /api/v1/events,Provide a valid X-API-Key header in all HTTP requests.,SELLER-443
ERR-00392,2026-09-01T17:49:56.421153+00:00,INVALID_STATE_TRANSITION,/api/v1/warehouses,GET,Operational failure: INVALID_STATE_TRANSITION encountered during GET /api/v1/warehouses,Follow state machine flow: CREATED -> PICKED_UP -> IN_TRANSIT -> OUT_FOR_DELIVERY -> DELIVERED.,SELLER-446
ERR-00393,2026-09-05T03:48:02.421153+00:00,INVALID_STATE_TRANSITION,/api/v1/carriers,GET,Operational failure: INVALID_STATE_TRANSITION encountered during GET /api/v1/carriers,Follow state machine flow: CREATED -> PICKED_UP -> IN_TRANSIT -> OUT_FOR_DELIVERY -> DELIVERED.,SELLER-042
ERR-00394,2026-09-06T15:38:35.421153+00:00,RESOURCE_NOT_FOUND,/api/v1/inventory/SKU-1001,GET,Operational failure: RESOURCE_NOT_FOUND encountered during GET /api/v1/inventory/SKU-1001,Check resource ID exists via GET endpoint before modifying.,SELLER-114
ERR-00395,2026-09-06T22:19:17.421153+00:00,MISSING_API_KEY,/api/v1/shipments,POST,Operational failure: MISSING_API_KEY encountered during POST /api/v1/shipments,Provide a valid X-API-Key header in all HTTP requests.,SELLER-150
ERR-00396,2026-09-02T19:00:18.421153+00:00,VALIDATION_ERROR,/api/v1/inventory/SKU-1001,GET,Operational failure: VALIDATION_ERROR encountered during GET /api/v1/inventory/SKU-1001,Inspect field requirements in OpenAPI spec schema.,SELLER-143
ERR-00397,2026-09-04T19:30:17.421153+00:00,RESOURCE_NOT_FOUND,/api/v1/carriers,GET,Operational failure: RESOURCE_NOT_FOUND encountered during GET /api/v1/carriers,Check resource ID exists via GET endpoint before modifying.,SELLER-278
ERR-00398,2026-09-02T03:56:11.421153+00:00,INVALID_API_KEY,/api/v1/shipments/SHP-0001,GET,Operational failure: INVALID_API_KEY encountered during GET /api/v1/shipments/SHP-0001,Verify your API Key credentials in the Partner Portal.,SELLER-455
ERR-00399,2026-09-01T09:11:04.421153+00:00,RATE_LIMIT_EXCEEDED,/api/v1/inventory/SKU-1001,GET,Operational failure: RATE_LIMIT_EXCEEDED encountered during GET /api/v1/inventory/SKU-1001,Wait for Retry-After seconds. Exponential backoff recommended.,SELLER-500
ERR-00400,2026-09-05T00:09:01.421153+00:00,VALIDATION_ERROR,/api/v1/warehouses,GET,Operational failure: VALIDATION_ERROR encountered during GET /api/v1/warehouses,Inspect field requirements in OpenAPI spec schema.,SELLER-120
ERR-00401,2026-09-05T03:48:55.421153+00:00,INVALID_API_KEY,/api/v1/warehouses,GET,Operational failure: INVALID_API_KEY encountered during GET /api/v1/warehouses,Verify your API Key credentials in the Partner Portal.,SELLER-209
ERR-00402,2026-09-04T12:44:26.421153+00:00,RESOURCE_NOT_FOUND,/api/v1/shipments/SHP-0001/status,PATCH,Operational failure: RESOURCE_NOT_FOUND encountered during PATCH /api/v1/shipments/SHP-0001/status,Check resource ID exists via GET endpoint before modifying.,SELLER-007
ERR-00403,2026-09-07T10:56:15.421153+00:00,MISSING_API_KEY,/api/v1/carriers,GET,Operational failure: MISSING_API_KEY encountered during GET /api/v1/carriers,Provide a valid X-API-Key header in all HTTP requests.,SELLER-493
ERR-00404,2026-09-07T23:16:18.421153+00:00,PAYLOAD_TOO_LARGE,/api/v1/inventory/SKU-1001,GET,Operational failure: PAYLOAD_TOO_LARGE encountered during GET /api/v1/inventory/SKU-1001,Keep request payload body under 1MB.,SELLER-490
ERR-00405,2026-09-06T06:44:52.421153+00:00,VALIDATION_ERROR,/api/v1/warehouses,GET,Operational failure: VALIDATION_ERROR encountered during GET /api/v1/warehouses,Inspect field requirements in OpenAPI spec schema.,SELLER-271
ERR-00406,2026-09-01T08:05:57.421153+00:00,RATE_LIMIT_EXCEEDED,/api/v1/limits,GET,Operational failure: RATE_LIMIT_EXCEEDED encountered during GET /api/v1/limits,Wait for Retry-After seconds. Exponential backoff recommended.,SELLER-360
ERR-00407,2026-09-02T20:15:59.421153+00:00,RESOURCE_NOT_FOUND,/api/v1/inventory/SKU-1001,GET,Operational failure: RESOURCE_NOT_FOUND encountered during GET /api/v1/inventory/SKU-1001,Check resource ID exists via GET endpoint before modifying.,SELLER-477
ERR-00408,2026-09-07T18:46:30.421153+00:00,PAYLOAD_TOO_LARGE,/api/v1/shipments/SHP-0001/status,PATCH,Operational failure: PAYLOAD_TOO_LARGE encountered during PATCH /api/v1/shipments/SHP-0001/status,Keep request payload body under 1MB.,SELLER-473
ERR-00409,2026-09-07T10:05:31.421153+00:00,INVALID_API_KEY,/api/v1/warehouses,GET,Operational failure: INVALID_API_KEY encountered during GET /api/v1/warehouses,Verify your API Key credentials in the Partner Portal.,SELLER-247
ERR-00410,2026-09-02T21:45:56.421153+00:00,RATE_LIMIT_EXCEEDED,/api/v1/carriers,GET,Operational failure: RATE_LIMIT_EXCEEDED encountered during GET /api/v1/carriers,Wait for Retry-After seconds. Exponential backoff recommended.,SELLER-115
ERR-00411,2026-09-07T08:03:13.421153+00:00,VALIDATION_ERROR,/api/v1/shipments/SHP-0001/status,PATCH,Operational failure: VALIDATION_ERROR encountered during PATCH /api/v1/shipments/SHP-0001/status,Inspect field requirements in OpenAPI spec schema.,SELLER-330
ERR-00412,2026-09-05T04:45:07.421153+00:00,INVALID_API_KEY,/api/v1/inventory/SKU-1001,GET,Operational failure: INVALID_API_KEY encountered during GET /api/v1/inventory/SKU-1001,Verify your API Key credentials in the Partner Portal.,SELLER-331
ERR-00413,2026-09-02T08:24:48.421153+00:00,RATE_LIMIT_EXCEEDED,/api/v1/shipments/SHP-0001,GET,Operational failure: RATE_LIMIT_EXCEEDED encountered during GET /api/v1/shipments/SHP-0001,Wait for Retry-After seconds. Exponential backoff recommended.,SELLER-489
ERR-00414,2026-09-01T13:40:03.421153+00:00,PAYLOAD_TOO_LARGE,/api/v1/warehouses,GET,Operational failure: PAYLOAD_TOO_LARGE encountered during GET /api/v1/warehouses,Keep request payload body under 1MB.,SELLER-193
ERR-00415,2026-09-01T19:38:46.421153+00:00,RESOURCE_NOT_FOUND,/api/v1/warehouses,GET,Operational failure: RESOURCE_NOT_FOUND encountered during GET /api/v1/warehouses,Check resource ID exists via GET endpoint before modifying.,SELLER-008
ERR-00416,2026-09-05T22:03:57.421153+00:00,PAYLOAD_TOO_LARGE,/api/v1/shipments,POST,Operational failure: PAYLOAD_TOO_LARGE encountered during POST /api/v1/shipments,Keep request payload body under 1MB.,SELLER-243
ERR-00417,2026-09-06T20:19:08.421153+00:00,RESOURCE_NOT_FOUND,/api/v1/warehouses,GET,Operational failure: RESOURCE_NOT_FOUND encountered during GET /api/v1/warehouses,Check resource ID exists via GET endpoint before modifying.,SELLER-358
ERR-00418,2026-09-08T03:14:15.421153+00:00,PAYLOAD_TOO_LARGE,/api/v1/shipments/SHP-0001,GET,Operational failure: PAYLOAD_TOO_LARGE encountered during GET /api/v1/shipments/SHP-0001,Keep request payload body under 1MB.,SELLER-313
ERR-00419,2026-09-01T14:34:51.421153+00:00,MISSING_API_KEY,/api/v1/shipments/SHP-0001/status,PATCH,Operational failure: MISSING_API_KEY encountered during PATCH /api/v1/shipments/SHP-0001/status,Provide a valid X-API-Key header in all HTTP requests.,SELLER-424
ERR-00420,2026-09-01T23:50:01.421153+00:00,INVALID_STATE_TRANSITION,/api/v1/shipments/SHP-0001,GET,Operational failure: INVALID_STATE_TRANSITION encountered during GET /api/v1/shipments/SHP-0001,Follow state machine flow: CREATED -> PICKED_UP -> IN_TRANSIT -> OUT_FOR_DELIVERY -> DELIVERED.,SELLER-387
ERR-00421,2026-09-02T22:59:00.421153+00:00,MISSING_API_KEY,/api/v1/events,POST,Operational failure: MISSING_API_KEY encountered during POST /api/v1/events,Provide a valid X-API-Key header in all HTTP requests.,SELLER-425
ERR-00422,2026-09-01T18:00:40.421153+00:00,RESOURCE_NOT_FOUND,/api/v1/shipments/SHP-0001/status,PATCH,Operational failure: RESOURCE_NOT_FOUND encountered during PATCH /api/v1/shipments/SHP-0001/status,Check resource ID exists via GET endpoint before modifying.,SELLER-377
ERR-00423,2026-09-05T22:18:00.421153+00:00,RATE_LIMIT_EXCEEDED,/api/v1/inventory/SKU-1001,GET,Operational failure: RATE_LIMIT_EXCEEDED encountered during GET /api/v1/inventory/SKU-1001,Wait for Retry-After seconds. Exponential backoff recommended.,SELLER-144
ERR-00424,2026-09-03T23:47:01.421153+00:00,MISSING_API_KEY,/api/v1/shipments,POST,Operational failure: MISSING_API_KEY encountered during POST /api/v1/shipments,Provide a valid X-API-Key header in all HTTP requests.,SELLER-298
ERR-00425,2026-09-01T07:08:42.421153+00:00,INVALID_STATE_TRANSITION,/api/v1/health,GET,Operational failure: INVALID_STATE_TRANSITION encountered during GET /api/v1/health,Follow state machine flow: CREATED -> PICKED_UP -> IN_TRANSIT -> OUT_FOR_DELIVERY -> DELIVERED.,SELLER-379
ERR-00426,2026-09-01T15:24:03.421153+00:00,INVALID_STATE_TRANSITION,/api/v1/health,GET,Operational failure: INVALID_STATE_TRANSITION encountered during GET /api/v1/health,Follow state machine flow: CREATED -> PICKED_UP -> IN_TRANSIT -> OUT_FOR_DELIVERY -> DELIVERED.,SELLER-491
ERR-00427,2026-09-03T06:54:39.421153+00:00,RATE_LIMIT_EXCEEDED,/api/v1/shipments/SHP-0001/status,PATCH,Operational failure: RATE_LIMIT_EXCEEDED encountered during PATCH /api/v1/shipments/SHP-0001/status,Wait for Retry-After seconds. Exponential backoff recommended.,SELLER-049
ERR-00428,2026-09-06T04:33:49.421153+00:00,MISSING_API_KEY,/api/v1/inventory/SKU-1001,GET,Operational failure: MISSING_API_KEY encountered during GET /api/v1/inventory/SKU-1001,Provide a valid X-API-Key header in all HTTP requests.,SELLER-035
ERR-00429,2026-09-02T09:35:04.421153+00:00,INVALID_STATE_TRANSITION,/api/v1/shipments/SHP-0001/status,PATCH,Operational failure: INVALID_STATE_TRANSITION encountered during PATCH /api/v1/shipments/SHP-0001/status,Follow state machine flow: CREATED -> PICKED_UP -> IN_TRANSIT -> OUT_FOR_DELIVERY -> DELIVERED.,SELLER-306
ERR-00430,2026-09-05T09:56:22.421153+00:00,INVALID_STATE_TRANSITION,/api/v1/health,GET,Operational failure: INVALID_STATE_TRANSITION encountered during GET /api/v1/health,Follow state machine flow: CREATED -> PICKED_UP -> IN_TRANSIT -> OUT_FOR_DELIVERY -> DELIVERED.,SELLER-469
ERR-00431,2026-09-04T05:22:01.421153+00:00,INVALID_API_KEY,/api/v1/inventory/SKU-1001,GET,Operational failure: INVALID_API_KEY encountered during GET /api/v1/inventory/SKU-1001,Verify your API Key credentials in the Partner Portal.,SELLER-249
ERR-00432,2026-09-06T12:39:03.421153+00:00,INVALID_STATE_TRANSITION,/api/v1/shipments,POST,Operational failure: INVALID_STATE_TRANSITION encountered during POST /api/v1/shipments,Follow state machine flow: CREATED -> PICKED_UP -> IN_TRANSIT -> OUT_FOR_DELIVERY -> DELIVERED.,SELLER-274
ERR-00433,2026-09-05T14:24:30.421153+00:00,RESOURCE_NOT_FOUND,/api/v1/carriers,GET,Operational failure: RESOURCE_NOT_FOUND encountered during GET /api/v1/carriers,Check resource ID exists via GET endpoint before modifying.,SELLER-319
ERR-00434,2026-09-04T11:37:15.421153+00:00,RESOURCE_NOT_FOUND,/api/v1/warehouses,GET,Operational failure: RESOURCE_NOT_FOUND encountered during GET /api/v1/warehouses,Check resource ID exists via GET endpoint before modifying.,SELLER-233
ERR-00435,2026-09-02T09:01:18.421153+00:00,INVALID_API_KEY,/api/v1/inventory/SKU-1001,GET,Operational failure: INVALID_API_KEY encountered during GET /api/v1/inventory/SKU-1001,Verify your API Key credentials in the Partner Portal.,SELLER-468
ERR-00436,2026-09-02T19:00:19.421153+00:00,INVALID_API_KEY,/api/v1/shipments/SHP-0001,GET,Operational failure: INVALID_API_KEY encountered during GET /api/v1/shipments/SHP-0001,Verify your API Key credentials in the Partner Portal.,SELLER-011
ERR-00437,2026-09-05T13:42:24.421153+00:00,RESOURCE_NOT_FOUND,/api/v1/events,POST,Operational failure: RESOURCE_NOT_FOUND encountered during POST /api/v1/events,Check resource ID exists via GET endpoint before modifying.,SELLER-359
ERR-00438,2026-09-08T02:10:49.421153+00:00,RATE_LIMIT_EXCEEDED,/api/v1/shipments,POST,Operational failure: RATE_LIMIT_EXCEEDED encountered during POST /api/v1/shipments,Wait for Retry-After seconds. Exponential backoff recommended.,SELLER-008
ERR-00439,2026-09-02T10:43:07.421153+00:00,VALIDATION_ERROR,/api/v1/shipments,POST,Operational failure: VALIDATION_ERROR encountered during POST /api/v1/shipments,Inspect field requirements in OpenAPI spec schema.,SELLER-316
ERR-00440,2026-09-01T05:26:59.421153+00:00,RATE_LIMIT_EXCEEDED,/api/v1/carriers,GET,Operational failure: RATE_LIMIT_EXCEEDED encountered during GET /api/v1/carriers,Wait for Retry-After seconds. Exponential backoff recommended.,SELLER-189
ERR-00441,2026-09-04T20:37:18.421153+00:00,INVALID_STATE_TRANSITION,/api/v1/limits,GET,Operational failure: INVALID_STATE_TRANSITION encountered during GET /api/v1/limits,Follow state machine flow: CREATED -> PICKED_UP -> IN_TRANSIT -> OUT_FOR_DELIVERY -> DELIVERED.,SELLER-228
ERR-00442,2026-09-03T18:32:20.421153+00:00,MISSING_API_KEY,/api/v1/events,POST,Operational failure: MISSING_API_KEY encountered during POST /api/v1/events,Provide a valid X-API-Key header in all HTTP requests.,SELLER-454
ERR-00443,2026-09-02T15:21:29.421153+00:00,RATE_LIMIT_EXCEEDED,/api/v1/warehouses,GET,Operational failure: RATE_LIMIT_EXCEEDED encountered during GET /api/v1/warehouses,Wait for Retry-After seconds. Exponential backoff recommended.,SELLER-164
ERR-00444,2026-09-05T21:28:23.421153+00:00,MISSING_API_KEY,/api/v1/carriers,GET,Operational failure: MISSING_API_KEY encountered during GET /api/v1/carriers,Provide a valid X-API-Key header in all HTTP requests.,SELLER-410
ERR-00445,2026-09-04T21:53:35.421153+00:00,MISSING_API_KEY,/api/v1/shipments/SHP-0001/status,PATCH,Operational failure: MISSING_API_KEY encountered during PATCH /api/v1/shipments/SHP-0001/status,Provide a valid X-API-Key header in all HTTP requests.,SELLER-420
ERR-00446,2026-09-06T08:14:06.421153+00:00,MISSING_API_KEY,/api/v1/carriers,GET,Operational failure: MISSING_API_KEY encountered during GET /api/v1/carriers,Provide a valid X-API-Key header in all HTTP requests.,SELLER-475
ERR-00447,2026-09-03T10:41:11.421153+00:00,MISSING_API_KEY,/api/v1/shipments/SHP-0001,GET,Operational failure: MISSING_API_KEY encountered during GET /api/v1/shipments/SHP-0001,Provide a valid X-API-Key header in all HTTP requests.,SELLER-241
ERR-00448,2026-09-03T09:08:52.421153+00:00,INVALID_STATE_TRANSITION,/api/v1/limits,GET,Operational failure: INVALID_STATE_TRANSITION encountered during GET /api/v1/limits,Follow state machine flow: CREATED -> PICKED_UP -> IN_TRANSIT -> OUT_FOR_DELIVERY -> DELIVERED.,SELLER-235
ERR-00449,2026-09-07T03:19:44.421153+00:00,MISSING_API_KEY,/api/v1/shipments/SHP-0001,GET,Operational failure: MISSING_API_KEY encountered during GET /api/v1/shipments/SHP-0001,Provide a valid X-API-Key header in all HTTP requests.,SELLER-219
ERR-00450,2026-09-04T05:21:32.421153+00:00,MISSING_API_KEY,/api/v1/shipments/SHP-0001/status,PATCH,Operational failure: MISSING_API_KEY encountered during PATCH /api/v1/shipments/SHP-0001/status,Provide a valid X-API-Key header in all HTTP requests.,SELLER-005
ERR-00451,2026-09-04T01:08:36.421153+00:00,INVALID_API_KEY,/api/v1/events,POST,Operational failure: INVALID_API_KEY encountered during POST /api/v1/events,Verify your API Key credentials in the Partner Portal.,SELLER-494
ERR-00452,2026-09-06T07:26:07.421153+00:00,PAYLOAD_TOO_LARGE,/api/v1/inventory/SKU-1001,GET,Operational failure: PAYLOAD_TOO_LARGE encountered during GET /api/v1/inventory/SKU-1001,Keep request payload body under 1MB.,SELLER-282
ERR-00453,2026-09-05T17:18:03.421153+00:00,RESOURCE_NOT_FOUND,/api/v1/health,GET,Operational failure: RESOURCE_NOT_FOUND encountered during GET /api/v1/health,Check resource ID exists via GET endpoint before modifying.,SELLER-175
ERR-00454,2026-09-01T13:57:05.421153+00:00,INVALID_API_KEY,/api/v1/shipments/SHP-0001,GET,Operational failure: INVALID_API_KEY encountered during GET /api/v1/shipments/SHP-0001,Verify your API Key credentials in the Partner Portal.,SELLER-030
ERR-00455,2026-09-02T20:02:18.421153+00:00,PAYLOAD_TOO_LARGE,/api/v1/events,POST,Operational failure: PAYLOAD_TOO_LARGE encountered during POST /api/v1/events,Keep request payload body under 1MB.,SELLER-407
ERR-00456,2026-09-06T07:47:24.421153+00:00,RESOURCE_NOT_FOUND,/api/v1/shipments/SHP-0001,GET,Operational failure: RESOURCE_NOT_FOUND encountered during GET /api/v1/shipments/SHP-0001,Check resource ID exists via GET endpoint before modifying.,SELLER-308
ERR-00457,2026-09-01T16:30:09.421153+00:00,VALIDATION_ERROR,/api/v1/health,GET,Operational failure: VALIDATION_ERROR encountered during GET /api/v1/health,Inspect field requirements in OpenAPI spec schema.,SELLER-273
ERR-00458,2026-09-03T23:26:44.421153+00:00,INVALID_API_KEY,/api/v1/shipments/SHP-0001/status,PATCH,Operational failure: INVALID_API_KEY encountered during PATCH /api/v1/shipments/SHP-0001/status,Verify your API Key credentials in the Partner Portal.,SELLER-278
ERR-00459,2026-09-02T19:00:53.421153+00:00,VALIDATION_ERROR,/api/v1/limits,GET,Operational failure: VALIDATION_ERROR encountered during GET /api/v1/limits,Inspect field requirements in OpenAPI spec schema.,SELLER-432
ERR-00460,2026-09-07T19:51:49.421153+00:00,RATE_LIMIT_EXCEEDED,/api/v1/shipments,POST,Operational failure: RATE_LIMIT_EXCEEDED encountered during POST /api/v1/shipments,Wait for Retry-After seconds. Exponential backoff recommended.,SELLER-099
ERR-00461,2026-09-01T13:54:51.421153+00:00,INVALID_STATE_TRANSITION,/api/v1/warehouses,GET,Operational failure: INVALID_STATE_TRANSITION encountered during GET /api/v1/warehouses,Follow state machine flow: CREATED -> PICKED_UP -> IN_TRANSIT -> OUT_FOR_DELIVERY -> DELIVERED.,SELLER-397
ERR-00462,2026-09-02T05:04:45.421153+00:00,PAYLOAD_TOO_LARGE,/api/v1/shipments,POST,Operational failure: PAYLOAD_TOO_LARGE encountered during POST /api/v1/shipments,Keep request payload body under 1MB.,SELLER-435
ERR-00463,2026-09-04T22:31:21.421153+00:00,VALIDATION_ERROR,/api/v1/shipments,POST,Operational failure: VALIDATION_ERROR encountered during POST /api/v1/shipments,Inspect field requirements in OpenAPI spec schema.,SELLER-230
ERR-00464,2026-09-01T16:35:07.421153+00:00,VALIDATION_ERROR,/api/v1/warehouses,GET,Operational failure: VALIDATION_ERROR encountered during GET /api/v1/warehouses,Inspect field requirements in OpenAPI spec schema.,SELLER-007
ERR-00465,2026-09-02T07:22:51.421153+00:00,INVALID_API_KEY,/api/v1/limits,GET,Operational failure: INVALID_API_KEY encountered during GET /api/v1/limits,Verify your API Key credentials in the Partner Portal.,SELLER-193
ERR-00466,2026-09-01T11:57:40.421153+00:00,MISSING_API_KEY,/api/v1/events,POST,Operational failure: MISSING_API_KEY encountered during POST /api/v1/events,Provide a valid X-API-Key header in all HTTP requests.,SELLER-099
ERR-00467,2026-09-02T07:00:13.421153+00:00,INVALID_API_KEY,/api/v1/events,POST,Operational failure: INVALID_API_KEY encountered during POST /api/v1/events,Verify your API Key credentials in the Partner Portal.,SELLER-441
ERR-00468,2026-09-04T08:17:43.421153+00:00,INVALID_API_KEY,/api/v1/warehouses,GET,Operational failure: INVALID_API_KEY encountered during GET /api/v1/warehouses,Verify your API Key credentials in the Partner Portal.,SELLER-100
ERR-00469,2026-09-04T22:08:12.421153+00:00,INVALID_API_KEY,/api/v1/health,GET,Operational failure: INVALID_API_KEY encountered during GET /api/v1/health,Verify your API Key credentials in the Partner Portal.,SELLER-432
ERR-00470,2026-09-06T06:35:40.421153+00:00,RESOURCE_NOT_FOUND,/api/v1/inventory/SKU-1001,GET,Operational failure: RESOURCE_NOT_FOUND encountered during GET /api/v1/inventory/SKU-1001,Check resource ID exists via GET endpoint before modifying.,SELLER-260
ERR-00471,2026-09-07T07:44:03.421153+00:00,RESOURCE_NOT_FOUND,/api/v1/events,POST,Operational failure: RESOURCE_NOT_FOUND encountered during POST /api/v1/events,Check resource ID exists via GET endpoint before modifying.,SELLER-085
ERR-00472,2026-09-04T06:24:13.421153+00:00,VALIDATION_ERROR,/api/v1/carriers,GET,Operational failure: VALIDATION_ERROR encountered during GET /api/v1/carriers,Inspect field requirements in OpenAPI spec schema.,SELLER-248
ERR-00473,2026-09-02T20:55:09.421153+00:00,MISSING_API_KEY,/api/v1/health,GET,Operational failure: MISSING_API_KEY encountered during GET /api/v1/health,Provide a valid X-API-Key header in all HTTP requests.,SELLER-439
ERR-00474,2026-09-03T09:29:54.421153+00:00,RATE_LIMIT_EXCEEDED,/api/v1/events,POST,Operational failure: RATE_LIMIT_EXCEEDED encountered during POST /api/v1/events,Wait for Retry-After seconds. Exponential backoff recommended.,SELLER-170
ERR-00475,2026-09-07T11:04:11.421153+00:00,RESOURCE_NOT_FOUND,/api/v1/health,GET,Operational failure: RESOURCE_NOT_FOUND encountered during GET /api/v1/health,Check resource ID exists via GET endpoint before modifying.,SELLER-290
ERR-00476,2026-09-06T06:41:53.421153+00:00,VALIDATION_ERROR,/api/v1/limits,GET,Operational failure: VALIDATION_ERROR encountered during GET /api/v1/limits,Inspect field requirements in OpenAPI spec schema.,SELLER-068
ERR-00477,2026-09-05T06:28:27.421153+00:00,PAYLOAD_TOO_LARGE,/api/v1/shipments,POST,Operational failure: PAYLOAD_TOO_LARGE encountered during POST /api/v1/shipments,Keep request payload body under 1MB.,SELLER-430
ERR-00478,2026-09-01T13:26:19.421153+00:00,INVALID_STATE_TRANSITION,/api/v1/inventory/SKU-1001,GET,Operational failure: INVALID_STATE_TRANSITION encountered during GET /api/v1/inventory/SKU-1001,Follow state machine flow: CREATED -> PICKED_UP -> IN_TRANSIT -> OUT_FOR_DELIVERY -> DELIVERED.,SELLER-194
ERR-00479,2026-09-07T08:59:04.421153+00:00,VALIDATION_ERROR,/api/v1/shipments/SHP-0001/status,PATCH,Operational failure: VALIDATION_ERROR encountered during PATCH /api/v1/shipments/SHP-0001/status,Inspect field requirements in OpenAPI spec schema.,SELLER-068
ERR-00480,2026-09-01T06:38:57.421153+00:00,INVALID_API_KEY,/api/v1/events,POST,Operational failure: INVALID_API_KEY encountered during POST /api/v1/events,Verify your API Key credentials in the Partner Portal.,SELLER-268
ERR-00481,2026-09-03T06:17:28.421153+00:00,INVALID_API_KEY,/api/v1/inventory/SKU-1001,GET,Operational failure: INVALID_API_KEY encountered during GET /api/v1/inventory/SKU-1001,Verify your API Key credentials in the Partner Portal.,SELLER-098
ERR-00482,2026-09-07T10:48:41.421153+00:00,INVALID_API_KEY,/api/v1/shipments/SHP-0001,GET,Operational failure: INVALID_API_KEY encountered during GET /api/v1/shipments/SHP-0001,Verify your API Key credentials in the Partner Portal.,SELLER-450
ERR-00483,2026-09-07T00:11:54.421153+00:00,VALIDATION_ERROR,/api/v1/shipments/SHP-0001/status,PATCH,Operational failure: VALIDATION_ERROR encountered during PATCH /api/v1/shipments/SHP-0001/status,Inspect field requirements in OpenAPI spec schema.,SELLER-363
ERR-00484,2026-09-02T20:30:20.421153+00:00,VALIDATION_ERROR,/api/v1/shipments,POST,Operational failure: VALIDATION_ERROR encountered during POST /api/v1/shipments,Inspect field requirements in OpenAPI spec schema.,SELLER-285
ERR-00485,2026-09-07T20:06:03.421153+00:00,VALIDATION_ERROR,/api/v1/warehouses,GET,Operational failure: VALIDATION_ERROR encountered during GET /api/v1/warehouses,Inspect field requirements in OpenAPI spec schema.,SELLER-394
ERR-00486,2026-09-07T17:19:13.421153+00:00,PAYLOAD_TOO_LARGE,/api/v1/shipments/SHP-0001/status,PATCH,Operational failure: PAYLOAD_TOO_LARGE encountered during PATCH /api/v1/shipments/SHP-0001/status,Keep request payload body under 1MB.,SELLER-363
ERR-00487,2026-09-02T10:45:05.421153+00:00,INVALID_API_KEY,/api/v1/carriers,GET,Operational failure: INVALID_API_KEY encountered during GET /api/v1/carriers,Verify your API Key credentials in the Partner Portal.,SELLER-405
ERR-00488,2026-09-06T17:58:45.421153+00:00,INVALID_API_KEY,/api/v1/shipments/SHP-0001,GET,Operational failure: INVALID_API_KEY encountered during GET /api/v1/shipments/SHP-0001,Verify your API Key credentials in the Partner Portal.,SELLER-449
ERR-00489,2026-09-02T20:25:31.421153+00:00,RESOURCE_NOT_FOUND,/api/v1/shipments/SHP-0001,GET,Operational failure: RESOURCE_NOT_FOUND encountered during GET /api/v1/shipments/SHP-0001,Check resource ID exists via GET endpoint before modifying.,SELLER-124
ERR-00490,2026-09-05T10:20:45.421153+00:00,MISSING_API_KEY,/api/v1/events,POST,Operational failure: MISSING_API_KEY encountered during POST /api/v1/events,Provide a valid X-API-Key header in all HTTP requests.,SELLER-367
ERR-00491,2026-09-03T13:53:03.421153+00:00,RATE_LIMIT_EXCEEDED,/api/v1/carriers,GET,Operational failure: RATE_LIMIT_EXCEEDED encountered during GET /api/v1/carriers,Wait for Retry-After seconds. Exponential backoff recommended.,SELLER-181
ERR-00492,2026-09-04T19:32:59.421153+00:00,MISSING_API_KEY,/api/v1/health,GET,Operational failure: MISSING_API_KEY encountered during GET /api/v1/health,Provide a valid X-API-Key header in all HTTP requests.,SELLER-299
ERR-00493,2026-09-05T21:49:53.421153+00:00,VALIDATION_ERROR,/api/v1/warehouses,GET,Operational failure: VALIDATION_ERROR encountered during GET /api/v1/warehouses,Inspect field requirements in OpenAPI spec schema.,SELLER-278
ERR-00494,2026-09-07T03:23:31.421153+00:00,RATE_LIMIT_EXCEEDED,/api/v1/events,POST,Operational failure: RATE_LIMIT_EXCEEDED encountered during POST /api/v1/events,Wait for Retry-After seconds. Exponential backoff recommended.,SELLER-054
ERR-00495,2026-09-06T16:57:38.421153+00:00,INVALID_STATE_TRANSITION,/api/v1/warehouses,GET,Operational failure: INVALID_STATE_TRANSITION encountered during GET /api/v1/warehouses,Follow state machine flow: CREATED -> PICKED_UP -> IN_TRANSIT -> OUT_FOR_DELIVERY -> DELIVERED.,SELLER-452
ERR-00496,2026-09-03T22:22:39.421153+00:00,MISSING_API_KEY,/api/v1/warehouses,GET,Operational failure: MISSING_API_KEY encountered during GET /api/v1/warehouses,Provide a valid X-API-Key header in all HTTP requests.,SELLER-338
ERR-00497,2026-09-02T06:49:56.421153+00:00,INVALID_STATE_TRANSITION,/api/v1/inventory/SKU-1001,GET,Operational failure: INVALID_STATE_TRANSITION encountered during GET /api/v1/inventory/SKU-1001,Follow state machine flow: CREATED -> PICKED_UP -> IN_TRANSIT -> OUT_FOR_DELIVERY -> DELIVERED.,SELLER-338
ERR-00498,2026-09-02T14:07:34.421153+00:00,PAYLOAD_TOO_LARGE,/api/v1/events,POST,Operational failure: PAYLOAD_TOO_LARGE encountered during POST /api/v1/events,Keep request payload body under 1MB.,SELLER-333
ERR-00499,2026-09-04T09:56:17.421153+00:00,VALIDATION_ERROR,/api/v1/shipments/SHP-0001/status,PATCH,Operational failure: VALIDATION_ERROR encountered during PATCH /api/v1/shipments/SHP-0001/status,Inspect field requirements in OpenAPI spec schema.,SELLER-395
ERR-00500,2026-09-04T03:29:52.421153+00:00,MISSING_API_KEY,/api/v1/inventory/SKU-1001,GET,Operational failure: MISSING_API_KEY encountered during GET /api/v1/inventory/SKU-1001,Provide a valid X-API-Key header in all HTTP requests.,SELLER-296
