request_id,timestamp,method,endpoint,status_code,latency_ms,seller_id,error_code
REQ-000001,2026-09-04T21:54:49.421153+00:00,GET,/api/v1/warehouses,200,197,SELLER-160,
REQ-000002,2026-09-04T23:12:52.421153+00:00,GET,/api/v1/carriers,200,344,SELLER-303,
REQ-000003,2026-09-02T02:19:28.421153+00:00,GET,/api/v1/inventory/SKU-1001,200,92,SELLER-286,
REQ-000004,2026-09-05T05:34:22.421153+00:00,POST,/api/v1/events,201,84,SELLER-365,
REQ-000005,2026-09-07T06:20:29.421153+00:00,GET,/api/v1/carriers,400,94,SELLER-223,INVALID_STATE_TRANSITION
REQ-000006,2026-09-07T17:13:13.421153+00:00,PATCH,/api/v1/shipments/SHP-0001/status,200,207,SELLER-178,
REQ-000007,2026-09-02T09:04:21.421153+00:00,PATCH,/api/v1/shipments/SHP-0001/status,404,33,SELLER-115,RESOURCE_NOT_FOUND
REQ-000008,2026-09-01T13:48:08.421153+00:00,GET,/api/v1/inventory/SKU-1001,200,51,SELLER-376,
REQ-000009,2026-09-06T18:46:37.421153+00:00,GET,/api/v1/inventory/SKU-1001,200,23,SELLER-156,
REQ-000010,2026-09-02T04:58:41.421153+00:00,GET,/api/v1/warehouses,200,144,SELLER-077,
REQ-000011,2026-09-03T17:20:45.421153+00:00,GET,/api/v1/warehouses,200,21,SELLER-174,
REQ-000012,2026-09-07T07:14:12.421153+00:00,GET,/api/v1/inventory/SKU-1001,200,279,SELLER-451,
REQ-000013,2026-09-06T13:35:43.421153+00:00,GET,/api/v1/inventory/SKU-1001,200,118,SELLER-113,
REQ-000014,2026-09-04T10:16:48.421153+00:00,GET,/api/v1/health,200,98,SELLER-205,
REQ-000015,2026-09-07T18:40:07.421153+00:00,POST,/api/v1/shipments,201,195,SELLER-070,
REQ-000016,2026-09-03T02:12:12.421153+00:00,POST,/api/v1/events,201,203,SELLER-301,
REQ-000017,2026-09-04T09:46:42.421153+00:00,GET,/api/v1/shipments/SHP-0001,200,133,SELLER-163,
REQ-000018,2026-09-08T02:49:19.421153+00:00,GET,/api/v1/carriers,200,196,SELLER-412,
REQ-000019,2026-09-06T02:57:51.421153+00:00,GET,/api/v1/inventory/SKU-1001,200,320,SELLER-239,
REQ-000020,2026-09-01T08:35:01.421153+00:00,PATCH,/api/v1/shipments/SHP-0001/status,404,253,SELLER-360,RESOURCE_NOT_FOUND
REQ-000021,2026-09-07T22:38:59.421153+00:00,GET,/api/v1/health,200,269,SELLER-105,
REQ-000022,2026-09-03T12:47:18.421153+00:00,GET,/api/v1/health,200,211,SELLER-419,
REQ-000023,2026-09-02T08:21:50.421153+00:00,POST,/api/v1/shipments,201,188,SELLER-094,
REQ-000024,2026-09-07T01:07:36.421153+00:00,GET,/api/v1/health,200,114,SELLER-368,
REQ-000025,2026-09-02T07:26:23.421153+00:00,GET,/api/v1/limits,200,74,SELLER-141,
REQ-000026,2026-09-07T04:22:29.421153+00:00,GET,/api/v1/limits,200,285,SELLER-009,
REQ-000027,2026-09-03T00:04:33.421153+00:00,GET,/api/v1/inventory/SKU-1001,500,306,SELLER-146,INTERNAL_SERVER_ERROR
REQ-000028,2026-09-01T18:57:48.421153+00:00,GET,/api/v1/warehouses,500,303,SELLER-493,INTERNAL_SERVER_ERROR
REQ-000029,2026-09-05T07:58:57.421153+00:00,PATCH,/api/v1/shipments/SHP-0001/status,200,176,SELLER-234,
REQ-000030,2026-09-03T00:46:21.421153+00:00,GET,/api/v1/limits,200,177,SELLER-102,
REQ-000031,2026-09-03T18:02:00.421153+00:00,GET,/api/v1/shipments/SHP-0001,200,23,SELLER-443,
REQ-000032,2026-09-03T23:47:28.421153+00:00,POST,/api/v1/shipments,201,243,SELLER-126,
REQ-000033,2026-09-04T20:09:27.421153+00:00,GET,/api/v1/inventory/SKU-1001,200,33,SELLER-188,
REQ-000034,2026-09-03T14:53:19.421153+00:00,GET,/api/v1/carriers,200,141,SELLER-001,
REQ-000035,2026-09-06T05:57:38.421153+00:00,GET,/api/v1/shipments/SHP-0001,200,154,SELLER-429,
REQ-000036,2026-09-07T18:32:04.421153+00:00,GET,/api/v1/health,200,196,SELLER-420,
REQ-000037,2026-09-01T13:28:10.421153+00:00,POST,/api/v1/events,201,331,SELLER-118,
REQ-000038,2026-09-07T05:49:54.421153+00:00,GET,/api/v1/carriers,200,47,SELLER-195,
REQ-000039,2026-09-07T07:39:38.421153+00:00,GET,/api/v1/inventory/SKU-1001,401,175,SELLER-364,MISSING_API_KEY
REQ-000040,2026-09-04T16:29:21.421153+00:00,GET,/api/v1/shipments/SHP-0001,200,217,SELLER-276,
REQ-000041,2026-09-08T00:35:18.421153+00:00,GET,/api/v1/shipments/SHP-0001,200,117,SELLER-415,
REQ-000042,2026-09-01T10:47:07.421153+00:00,PATCH,/api/v1/shipments/SHP-0001/status,200,212,SELLER-035,
REQ-000043,2026-09-03T06:02:01.421153+00:00,GET,/api/v1/inventory/SKU-1001,200,174,SELLER-041,
REQ-000044,2026-09-06T11:49:16.421153+00:00,GET,/api/v1/shipments/SHP-0001,200,258,SELLER-262,
REQ-000045,2026-09-08T00:38:58.421153+00:00,GET,/api/v1/health,403,172,SELLER-239,INTERNAL_SERVER_ERROR
REQ-000046,2026-09-01T07:40:34.421153+00:00,POST,/api/v1/shipments,201,216,SELLER-166,
REQ-000047,2026-09-02T02:28:29.421153+00:00,POST,/api/v1/shipments,201,243,SELLER-171,
REQ-000048,2026-09-06T19:44:44.421153+00:00,GET,/api/v1/shipments/SHP-0001,200,156,SELLER-331,
REQ-000049,2026-09-03T08:09:04.421153+00:00,POST,/api/v1/shipments,201,113,SELLER-403,
REQ-000050,2026-09-06T03:24:27.421153+00:00,GET,/api/v1/carriers,200,20,SELLER-329,
REQ-000051,2026-09-07T01:33:15.421153+00:00,GET,/api/v1/warehouses,200,21,SELLER-372,
REQ-000052,2026-09-06T06:31:08.421153+00:00,POST,/api/v1/shipments,403,233,SELLER-253,INTERNAL_SERVER_ERROR
REQ-000053,2026-09-05T01:54:09.421153+00:00,POST,/api/v1/events,201,77,SELLER-296,
REQ-000054,2026-09-04T04:05:44.421153+00:00,GET,/api/v1/limits,200,48,SELLER-082,
REQ-000055,2026-09-07T07:00:29.421153+00:00,GET,/api/v1/inventory/SKU-1001,500,93,SELLER-044,INTERNAL_SERVER_ERROR
REQ-000056,2026-09-07T16:26:10.421153+00:00,GET,/api/v1/limits,200,241,SELLER-057,
REQ-000057,2026-09-03T01:45:45.421153+00:00,POST,/api/v1/events,201,161,SELLER-138,
REQ-000058,2026-09-02T00:53:06.421153+00:00,GET,/api/v1/inventory/SKU-1001,200,214,SELLER-211,
REQ-000059,2026-09-03T19:00:58.421153+00:00,GET,/api/v1/shipments/SHP-0001,403,262,SELLER-016,INTERNAL_SERVER_ERROR
REQ-000060,2026-09-04T14:21:47.421153+00:00,GET,/api/v1/limits,200,322,SELLER-166,
REQ-000061,2026-09-02T15:50:04.421153+00:00,GET,/api/v1/carriers,200,174,SELLER-410,
REQ-000062,2026-09-06T16:59:51.421153+00:00,PATCH,/api/v1/shipments/SHP-0001/status,200,337,SELLER-289,
REQ-000063,2026-09-02T14:05:08.421153+00:00,GET,/api/v1/carriers,429,300,SELLER-195,RATE_LIMIT_EXCEEDED
REQ-000064,2026-09-04T13:08:45.421153+00:00,GET,/api/v1/inventory/SKU-1001,200,173,SELLER-470,
REQ-000065,2026-09-01T11:16:36.421153+00:00,GET,/api/v1/limits,422,222,SELLER-344,VALIDATION_ERROR
REQ-000066,2026-09-02T18:32:15.421153+00:00,GET,/api/v1/inventory/SKU-1001,200,265,SELLER-257,
REQ-000067,2026-09-01T21:39:39.421153+00:00,POST,/api/v1/events,201,241,SELLER-032,
REQ-000068,2026-09-03T11:43:02.421153+00:00,GET,/api/v1/carriers,200,337,SELLER-365,
REQ-000069,2026-09-01T10:36:45.421153+00:00,GET,/api/v1/carriers,404,87,SELLER-395,RESOURCE_NOT_FOUND
REQ-000070,2026-09-03T10:25:59.421153+00:00,GET,/api/v1/limits,401,84,SELLER-403,MISSING_API_KEY
REQ-000071,2026-09-04T14:38:50.421153+00:00,GET,/api/v1/limits,200,184,SELLER-285,
REQ-000072,2026-09-03T16:31:00.421153+00:00,GET,/api/v1/shipments/SHP-0001,200,140,SELLER-264,
REQ-000073,2026-09-06T14:31:38.421153+00:00,GET,/api/v1/inventory/SKU-1001,200,175,SELLER-431,
REQ-000074,2026-09-02T22:31:26.421153+00:00,GET,/api/v1/carriers,200,205,SELLER-500,
REQ-000075,2026-09-03T17:27:25.421153+00:00,POST,/api/v1/shipments,201,293,SELLER-061,
REQ-000076,2026-09-06T04:36:05.421153+00:00,GET,/api/v1/limits,403,100,SELLER-407,INTERNAL_SERVER_ERROR
REQ-000077,2026-09-02T17:41:12.421153+00:00,POST,/api/v1/shipments,201,202,SELLER-164,
REQ-000078,2026-09-04T02:54:16.421153+00:00,GET,/api/v1/shipments/SHP-0001,200,36,SELLER-387,
REQ-000079,2026-09-03T06:35:17.421153+00:00,POST,/api/v1/events,201,323,SELLER-401,
REQ-000080,2026-09-04T17:01:55.421153+00:00,POST,/api/v1/events,201,341,SELLER-391,
REQ-000081,2026-09-01T09:09:50.421153+00:00,GET,/api/v1/health,403,255,SELLER-173,INTERNAL_SERVER_ERROR
REQ-000082,2026-09-03T07:11:19.421153+00:00,POST,/api/v1/events,201,48,SELLER-170,
REQ-000083,2026-09-07T01:36:43.421153+00:00,PATCH,/api/v1/shipments/SHP-0001/status,200,143,SELLER-437,
REQ-000084,2026-09-06T00:40:56.421153+00:00,GET,/api/v1/shipments/SHP-0001,200,303,SELLER-300,
REQ-000085,2026-09-07T01:36:26.421153+00:00,GET,/api/v1/inventory/SKU-1001,200,193,SELLER-403,
REQ-000086,2026-09-02T13:44:12.421153+00:00,GET,/api/v1/warehouses,200,302,SELLER-129,
REQ-000087,2026-09-04T09:18:05.421153+00:00,GET,/api/v1/inventory/SKU-1001,403,306,SELLER-155,INTERNAL_SERVER_ERROR
REQ-000088,2026-09-07T13:35:20.421153+00:00,GET,/api/v1/health,200,87,SELLER-154,
REQ-000089,2026-09-07T06:30:05.421153+00:00,POST,/api/v1/shipments,201,279,SELLER-219,
REQ-000090,2026-09-02T01:50:31.421153+00:00,POST,/api/v1/events,422,349,SELLER-445,VALIDATION_ERROR
REQ-000091,2026-09-01T21:05:22.421153+00:00,GET,/api/v1/health,200,18,SELLER-314,
REQ-000092,2026-09-01T08:02:20.421153+00:00,GET,/api/v1/limits,200,18,SELLER-282,
REQ-000093,2026-09-03T00:52:35.421153+00:00,POST,/api/v1/shipments,201,28,SELLER-059,
REQ-000094,2026-09-05T16:00:39.421153+00:00,GET,/api/v1/inventory/SKU-1001,200,233,SELLER-237,
REQ-000095,2026-09-03T10:24:42.421153+00:00,GET,/api/v1/inventory/SKU-1001,200,70,SELLER-211,
REQ-000096,2026-09-05T15:22:16.421153+00:00,GET,/api/v1/carriers,200,329,SELLER-081,
REQ-000097,2026-09-04T13:58:29.421153+00:00,GET,/api/v1/warehouses,200,166,SELLER-182,
REQ-000098,2026-09-06T15:35:16.421153+00:00,POST,/api/v1/shipments,201,234,SELLER-157,
REQ-000099,2026-09-07T14:06:36.421153+00:00,GET,/api/v1/health,200,274,SELLER-409,
REQ-000100,2026-09-05T16:31:43.421153+00:00,GET,/api/v1/inventory/SKU-1001,200,331,SELLER-275,
REQ-000101,2026-09-07T03:23:45.421153+00:00,GET,/api/v1/health,200,197,SELLER-349,
REQ-000102,2026-09-04T21:53:08.421153+00:00,GET,/api/v1/shipments/SHP-0001,200,80,SELLER-368,
REQ-000103,2026-09-01T10:28:32.421153+00:00,GET,/api/v1/limits,200,266,SELLER-075,
REQ-000104,2026-09-02T13:35:56.421153+00:00,PATCH,/api/v1/shipments/SHP-0001/status,401,94,SELLER-400,MISSING_API_KEY
REQ-000105,2026-09-03T18:31:52.421153+00:00,GET,/api/v1/health,400,223,SELLER-155,INVALID_STATE_TRANSITION
REQ-000106,2026-09-03T10:42:13.421153+00:00,GET,/api/v1/inventory/SKU-1001,200,135,SELLER-068,
REQ-000107,2026-09-04T16:16:37.421153+00:00,GET,/api/v1/shipments/SHP-0001,200,80,SELLER-018,
REQ-000108,2026-09-02T09:38:26.421153+00:00,GET,/api/v1/warehouses,200,261,SELLER-368,
REQ-000109,2026-09-03T20:18:41.421153+00:00,GET,/api/v1/inventory/SKU-1001,200,273,SELLER-008,
REQ-000110,2026-09-02T00:57:30.421153+00:00,GET,/api/v1/health,200,273,SELLER-221,
REQ-000111,2026-09-01T11:45:52.421153+00:00,POST,/api/v1/shipments,201,136,SELLER-057,
REQ-000112,2026-09-01T19:08:25.421153+00:00,GET,/api/v1/warehouses,200,346,SELLER-473,
REQ-000113,2026-09-02T08:38:48.421153+00:00,GET,/api/v1/carriers,200,138,SELLER-454,
REQ-000114,2026-09-01T14:43:17.421153+00:00,POST,/api/v1/events,201,194,SELLER-076,
REQ-000115,2026-09-06T15:36:53.421153+00:00,POST,/api/v1/shipments,403,115,SELLER-429,INTERNAL_SERVER_ERROR
REQ-000116,2026-09-07T02:57:27.421153+00:00,POST,/api/v1/events,201,223,SELLER-478,
REQ-000117,2026-09-07T06:48:18.421153+00:00,GET,/api/v1/carriers,200,230,SELLER-068,
REQ-000118,2026-09-04T00:35:01.421153+00:00,POST,/api/v1/events,201,25,SELLER-363,
REQ-000119,2026-09-02T02:56:57.421153+00:00,POST,/api/v1/events,400,269,SELLER-405,INVALID_STATE_TRANSITION
REQ-000120,2026-09-07T12:53:14.421153+00:00,GET,/api/v1/carriers,200,236,SELLER-390,
REQ-000121,2026-09-03T02:15:42.421153+00:00,GET,/api/v1/warehouses,200,215,SELLER-474,
REQ-000122,2026-09-01T06:34:21.421153+00:00,GET,/api/v1/warehouses,200,193,SELLER-253,
REQ-000123,2026-09-05T16:50:17.421153+00:00,GET,/api/v1/inventory/SKU-1001,200,49,SELLER-388,
REQ-000124,2026-09-07T11:50:29.421153+00:00,POST,/api/v1/events,201,127,SELLER-081,
REQ-000125,2026-09-02T01:23:22.421153+00:00,PATCH,/api/v1/shipments/SHP-0001/status,200,292,SELLER-084,
REQ-000126,2026-09-01T06:20:19.421153+00:00,GET,/api/v1/limits,200,323,SELLER-415,
REQ-000127,2026-09-06T20:45:49.421153+00:00,GET,/api/v1/shipments/SHP-0001,200,252,SELLER-042,
REQ-000128,2026-09-03T10:47:20.421153+00:00,GET,/api/v1/limits,200,261,SELLER-493,
REQ-000129,2026-09-06T17:19:30.421153+00:00,GET,/api/v1/shipments/SHP-0001,200,314,SELLER-255,
REQ-000130,2026-09-05T04:19:36.421153+00:00,GET,/api/v1/limits,200,336,SELLER-419,
REQ-000131,2026-09-06T11:35:11.421153+00:00,POST,/api/v1/events,201,74,SELLER-365,
REQ-000132,2026-09-07T02:51:09.421153+00:00,GET,/api/v1/health,200,156,SELLER-133,
REQ-000133,2026-09-02T11:54:26.421153+00:00,GET,/api/v1/warehouses,200,188,SELLER-185,
REQ-000134,2026-09-04T15:38:18.421153+00:00,GET,/api/v1/health,200,121,SELLER-433,
REQ-000135,2026-09-05T06:10:57.421153+00:00,GET,/api/v1/health,200,319,SELLER-151,
REQ-000136,2026-09-02T02:05:45.421153+00:00,GET,/api/v1/limits,422,122,SELLER-404,VALIDATION_ERROR
REQ-000137,2026-09-07T07:39:07.421153+00:00,GET,/api/v1/shipments/SHP-0001,200,19,SELLER-492,
REQ-000138,2026-09-05T14:58:12.421153+00:00,PATCH,/api/v1/shipments/SHP-0001/status,200,192,SELLER-342,
REQ-000139,2026-09-05T00:38:16.421153+00:00,GET,/api/v1/warehouses,200,241,SELLER-167,
REQ-000140,2026-09-05T22:05:40.421153+00:00,PATCH,/api/v1/shipments/SHP-0001/status,404,146,SELLER-056,RESOURCE_NOT_FOUND
REQ-000141,2026-09-08T02:38:41.421153+00:00,GET,/api/v1/warehouses,200,54,SELLER-022,
REQ-000142,2026-09-06T09:59:33.421153+00:00,GET,/api/v1/warehouses,403,202,SELLER-029,INTERNAL_SERVER_ERROR
REQ-000143,2026-09-05T11:59:12.421153+00:00,GET,/api/v1/warehouses,200,233,SELLER-144,
REQ-000144,2026-09-01T23:55:16.421153+00:00,GET,/api/v1/carriers,200,336,SELLER-029,
REQ-000145,2026-09-07T14:10:39.421153+00:00,GET,/api/v1/carriers,200,102,SELLER-051,
REQ-000146,2026-09-04T06:41:45.421153+00:00,PATCH,/api/v1/shipments/SHP-0001/status,200,242,SELLER-299,
REQ-000147,2026-09-06T02:25:18.421153+00:00,PATCH,/api/v1/shipments/SHP-0001/status,200,126,SELLER-017,
REQ-000148,2026-09-05T09:56:09.421153+00:00,POST,/api/v1/shipments,500,74,SELLER-350,INTERNAL_SERVER_ERROR
REQ-000149,2026-09-03T10:04:51.421153+00:00,GET,/api/v1/shipments/SHP-0001,200,86,SELLER-369,
REQ-000150,2026-09-02T09:08:02.421153+00:00,POST,/api/v1/events,201,191,SELLER-399,
REQ-000151,2026-09-05T09:27:28.421153+00:00,PATCH,/api/v1/shipments/SHP-0001/status,422,55,SELLER-385,VALIDATION_ERROR
REQ-000152,2026-09-04T18:33:17.421153+00:00,GET,/api/v1/health,200,104,SELLER-062,
REQ-000153,2026-09-05T03:59:06.421153+00:00,GET,/api/v1/limits,200,271,SELLER-045,
REQ-000154,2026-09-03T06:14:44.421153+00:00,GET,/api/v1/carriers,200,331,SELLER-252,
REQ-000155,2026-09-03T14:32:51.421153+00:00,POST,/api/v1/shipments,201,161,SELLER-015,
REQ-000156,2026-09-02T14:30:10.421153+00:00,GET,/api/v1/health,500,286,SELLER-274,INTERNAL_SERVER_ERROR
REQ-000157,2026-09-04T22:13:00.421153+00:00,GET,/api/v1/inventory/SKU-1001,200,129,SELLER-075,
REQ-000158,2026-09-04T10:02:00.421153+00:00,GET,/api/v1/health,200,278,SELLER-374,
REQ-000159,2026-09-07T23:49:07.421153+00:00,GET,/api/v1/shipments/SHP-0001,200,249,SELLER-246,
REQ-000160,2026-09-04T23:53:30.421153+00:00,GET,/api/v1/limits,200,81,SELLER-222,
REQ-000161,2026-09-03T03:36:43.421153+00:00,GET,/api/v1/warehouses,200,272,SELLER-442,
REQ-000162,2026-09-07T20:31:40.421153+00:00,POST,/api/v1/events,401,174,SELLER-207,MISSING_API_KEY
REQ-000163,2026-09-07T02:19:32.421153+00:00,GET,/api/v1/shipments/SHP-0001,200,192,SELLER-417,
REQ-000164,2026-09-02T23:38:36.421153+00:00,POST,/api/v1/events,201,242,SELLER-146,
REQ-000165,2026-09-01T18:54:22.421153+00:00,PATCH,/api/v1/shipments/SHP-0001/status,422,341,SELLER-436,VALIDATION_ERROR
REQ-000166,2026-09-05T22:37:06.421153+00:00,GET,/api/v1/shipments/SHP-0001,422,74,SELLER-042,VALIDATION_ERROR
REQ-000167,2026-09-02T11:14:57.421153+00:00,GET,/api/v1/shipments/SHP-0001,200,63,SELLER-154,
REQ-000168,2026-09-04T16:43:38.421153+00:00,POST,/api/v1/shipments,201,266,SELLER-337,
REQ-000169,2026-09-03T23:23:13.421153+00:00,GET,/api/v1/health,200,255,SELLER-026,
REQ-000170,2026-09-02T19:51:50.421153+00:00,GET,/api/v1/inventory/SKU-1001,200,72,SELLER-238,
REQ-000171,2026-09-02T17:44:41.421153+00:00,POST,/api/v1/shipments,201,35,SELLER-124,
REQ-000172,2026-09-01T20:42:24.421153+00:00,GET,/api/v1/health,429,333,SELLER-117,RATE_LIMIT_EXCEEDED
REQ-000173,2026-09-06T07:32:07.421153+00:00,GET,/api/v1/shipments/SHP-0001,200,78,SELLER-264,
REQ-000174,2026-09-01T19:25:45.421153+00:00,GET,/api/v1/shipments/SHP-0001,200,243,SELLER-298,
REQ-000175,2026-09-07T04:44:53.421153+00:00,POST,/api/v1/events,201,234,SELLER-383,
REQ-000176,2026-09-01T23:39:21.421153+00:00,GET,/api/v1/warehouses,200,218,SELLER-425,
REQ-000177,2026-09-06T02:20:38.421153+00:00,POST,/api/v1/shipments,201,148,SELLER-448,
REQ-000178,2026-09-07T12:50:36.421153+00:00,GET,/api/v1/limits,200,288,SELLER-403,
REQ-000179,2026-09-04T09:45:36.421153+00:00,GET,/api/v1/warehouses,200,81,SELLER-030,
REQ-000180,2026-09-07T08:02:38.421153+00:00,GET,/api/v1/warehouses,200,273,SELLER-437,
REQ-000181,2026-09-03T21:02:58.421153+00:00,GET,/api/v1/inventory/SKU-1001,200,269,SELLER-383,
REQ-000182,2026-09-05T00:26:13.421153+00:00,GET,/api/v1/warehouses,200,66,SELLER-169,
REQ-000183,2026-09-07T04:04:35.421153+00:00,PATCH,/api/v1/shipments/SHP-0001/status,200,224,SELLER-494,
REQ-000184,2026-09-04T01:29:50.421153+00:00,GET,/api/v1/health,200,67,SELLER-089,
REQ-000185,2026-09-04T10:57:01.421153+00:00,GET,/api/v1/inventory/SKU-1001,200,59,SELLER-425,
REQ-000186,2026-09-03T18:19:51.421153+00:00,GET,/api/v1/limits,401,105,SELLER-195,MISSING_API_KEY
REQ-000187,2026-09-02T12:10:13.421153+00:00,GET,/api/v1/limits,200,295,SELLER-190,
REQ-000188,2026-09-05T22:11:30.421153+00:00,POST,/api/v1/shipments,201,121,SELLER-494,
REQ-000189,2026-09-05T07:38:12.421153+00:00,GET,/api/v1/limits,200,225,SELLER-303,
REQ-000190,2026-09-07T01:33:44.421153+00:00,GET,/api/v1/health,403,44,SELLER-335,INTERNAL_SERVER_ERROR
REQ-000191,2026-09-07T07:23:47.421153+00:00,POST,/api/v1/events,201,295,SELLER-470,
REQ-000192,2026-09-04T20:31:20.421153+00:00,GET,/api/v1/carriers,200,102,SELLER-094,
REQ-000193,2026-09-05T13:04:32.421153+00:00,GET,/api/v1/carriers,200,327,SELLER-448,
REQ-000194,2026-09-06T22:33:36.421153+00:00,GET,/api/v1/limits,200,17,SELLER-170,
REQ-000195,2026-09-05T10:03:58.421153+00:00,PATCH,/api/v1/shipments/SHP-0001/status,200,54,SELLER-202,
REQ-000196,2026-09-06T23:01:07.421153+00:00,PATCH,/api/v1/shipments/SHP-0001/status,200,102,SELLER-484,
REQ-000197,2026-09-02T14:32:38.421153+00:00,POST,/api/v1/events,201,271,SELLER-034,
REQ-000198,2026-09-01T07:22:46.421153+00:00,GET,/api/v1/warehouses,200,292,SELLER-484,
REQ-000199,2026-09-06T20:26:18.421153+00:00,GET,/api/v1/limits,200,144,SELLER-059,
REQ-000200,2026-09-04T23:06:10.421153+00:00,GET,/api/v1/inventory/SKU-1001,401,251,SELLER-036,MISSING_API_KEY
REQ-000201,2026-09-02T16:54:24.421153+00:00,POST,/api/v1/events,201,253,SELLER-323,
REQ-000202,2026-09-04T02:34:24.421153+00:00,GET,/api/v1/carriers,200,106,SELLER-013,
REQ-000203,2026-09-02T08:03:48.421153+00:00,POST,/api/v1/events,201,69,SELLER-347,
REQ-000204,2026-09-06T10:58:10.421153+00:00,GET,/api/v1/carriers,200,295,SELLER-479,
REQ-000205,2026-09-06T21:07:24.421153+00:00,PATCH,/api/v1/shipments/SHP-0001/status,200,157,SELLER-399,
REQ-000206,2026-09-01T07:11:56.421153+00:00,GET,/api/v1/limits,200,98,SELLER-100,
REQ-000207,2026-09-05T12:49:40.421153+00:00,GET,/api/v1/carriers,200,93,SELLER-443,
REQ-000208,2026-09-04T06:16:33.421153+00:00,GET,/api/v1/limits,200,203,SELLER-121,
REQ-000209,2026-09-03T18:49:42.421153+00:00,GET,/api/v1/limits,200,347,SELLER-201,
REQ-000210,2026-09-06T15:31:44.421153+00:00,POST,/api/v1/shipments,201,159,SELLER-037,
REQ-000211,2026-09-07T12:27:07.421153+00:00,POST,/api/v1/events,201,75,SELLER-166,
REQ-000212,2026-09-02T10:01:58.421153+00:00,POST,/api/v1/events,201,111,SELLER-220,
REQ-000213,2026-09-04T22:53:05.421153+00:00,POST,/api/v1/shipments,201,253,SELLER-467,
REQ-000214,2026-09-01T06:18:57.421153+00:00,GET,/api/v1/shipments/SHP-0001,200,160,SELLER-406,
REQ-000215,2026-09-05T01:40:27.421153+00:00,PATCH,/api/v1/shipments/SHP-0001/status,200,296,SELLER-192,
REQ-000216,2026-09-03T17:16:20.421153+00:00,GET,/api/v1/limits,200,114,SELLER-410,
REQ-000217,2026-09-06T23:14:27.421153+00:00,GET,/api/v1/inventory/SKU-1001,200,59,SELLER-222,
REQ-000218,2026-09-05T13:14:39.421153+00:00,GET,/api/v1/limits,200,110,SELLER-450,
REQ-000219,2026-09-04T11:04:24.421153+00:00,GET,/api/v1/warehouses,200,23,SELLER-442,
REQ-000220,2026-09-06T16:03:51.421153+00:00,GET,/api/v1/warehouses,200,249,SELLER-241,
REQ-000221,2026-09-03T01:14:01.421153+00:00,GET,/api/v1/health,500,273,SELLER-072,INTERNAL_SERVER_ERROR
REQ-000222,2026-09-06T17:27:57.421153+00:00,GET,/api/v1/health,200,49,SELLER-013,
REQ-000223,2026-09-05T18:07:22.421153+00:00,GET,/api/v1/warehouses,404,143,SELLER-308,RESOURCE_NOT_FOUND
REQ-000224,2026-09-02T09:30:45.421153+00:00,GET,/api/v1/limits,200,254,SELLER-057,
REQ-000225,2026-09-07T13:15:43.421153+00:00,GET,/api/v1/limits,200,184,SELLER-176,
REQ-000226,2026-09-04T11:09:48.421153+00:00,PATCH,/api/v1/shipments/SHP-0001/status,200,198,SELLER-059,
REQ-000227,2026-09-04T17:31:10.421153+00:00,POST,/api/v1/events,201,96,SELLER-355,
REQ-000228,2026-09-02T12:38:29.421153+00:00,GET,/api/v1/shipments/SHP-0001,401,276,SELLER-397,MISSING_API_KEY
REQ-000229,2026-09-04T05:44:35.421153+00:00,GET,/api/v1/inventory/SKU-1001,200,334,SELLER-333,
REQ-000230,2026-09-02T19:15:42.421153+00:00,GET,/api/v1/inventory/SKU-1001,200,54,SELLER-469,
REQ-000231,2026-09-02T20:17:38.421153+00:00,GET,/api/v1/shipments/SHP-0001,200,69,SELLER-356,
REQ-000232,2026-09-08T04:16:30.421153+00:00,GET,/api/v1/inventory/SKU-1001,200,171,SELLER-126,
REQ-000233,2026-09-04T04:22:08.421153+00:00,GET,/api/v1/carriers,429,299,SELLER-243,RATE_LIMIT_EXCEEDED
REQ-000234,2026-09-04T05:51:23.421153+00:00,GET,/api/v1/limits,200,87,SELLER-216,
REQ-000235,2026-09-02T09:50:24.421153+00:00,POST,/api/v1/shipments,201,251,SELLER-455,
REQ-000236,2026-09-01T19:26:40.421153+00:00,POST,/api/v1/events,201,180,SELLER-465,
REQ-000237,2026-09-06T20:30:21.421153+00:00,GET,/api/v1/carriers,200,43,SELLER-307,
REQ-000238,2026-09-05T18:47:00.421153+00:00,GET,/api/v1/carriers,200,128,SELLER-378,
REQ-000239,2026-09-06T02:45:30.421153+00:00,GET,/api/v1/limits,200,185,SELLER-457,
REQ-000240,2026-09-03T19:25:20.421153+00:00,GET,/api/v1/warehouses,200,220,SELLER-095,
REQ-000241,2026-09-08T02:55:49.421153+00:00,POST,/api/v1/events,201,40,SELLER-368,
REQ-000242,2026-09-03T08:49:09.421153+00:00,GET,/api/v1/inventory/SKU-1001,200,50,SELLER-401,
REQ-000243,2026-09-05T23:33:33.421153+00:00,PATCH,/api/v1/shipments/SHP-0001/status,403,254,SELLER-275,INTERNAL_SERVER_ERROR
REQ-000244,2026-09-01T07:37:57.421153+00:00,GET,/api/v1/warehouses,200,163,SELLER-213,
REQ-000245,2026-09-07T08:06:44.421153+00:00,POST,/api/v1/shipments,201,348,SELLER-378,
REQ-000246,2026-09-06T11:51:26.421153+00:00,POST,/api/v1/shipments,201,138,SELLER-143,
REQ-000247,2026-09-01T18:17:55.421153+00:00,POST,/api/v1/events,201,19,SELLER-298,
REQ-000248,2026-09-04T06:24:01.421153+00:00,GET,/api/v1/health,200,42,SELLER-471,
REQ-000249,2026-09-06T11:38:46.421153+00:00,GET,/api/v1/health,200,276,SELLER-196,
REQ-000250,2026-09-04T07:34:24.421153+00:00,GET,/api/v1/warehouses,200,316,SELLER-161,
REQ-000251,2026-09-08T04:17:07.421153+00:00,GET,/api/v1/inventory/SKU-1001,200,130,SELLER-273,
REQ-000252,2026-09-05T19:20:05.421153+00:00,GET,/api/v1/limits,200,302,SELLER-209,
REQ-000253,2026-09-01T21:55:01.421153+00:00,GET,/api/v1/limits,400,14,SELLER-341,INVALID_STATE_TRANSITION
REQ-000254,2026-09-06T07:14:22.421153+00:00,GET,/api/v1/health,200,152,SELLER-104,
REQ-000255,2026-09-07T05:18:18.421153+00:00,GET,/api/v1/shipments/SHP-0001,200,203,SELLER-316,
REQ-000256,2026-09-08T01:04:16.421153+00:00,GET,/api/v1/inventory/SKU-1001,429,226,SELLER-323,RATE_LIMIT_EXCEEDED
REQ-000257,2026-09-04T09:17:26.421153+00:00,GET,/api/v1/health,200,77,SELLER-119,
REQ-000258,2026-09-02T15:55:17.421153+00:00,GET,/api/v1/warehouses,200,90,SELLER-124,
REQ-000259,2026-09-04T01:44:31.421153+00:00,GET,/api/v1/warehouses,200,338,SELLER-012,
REQ-000260,2026-09-06T18:42:01.421153+00:00,GET,/api/v1/carriers,200,186,SELLER-445,
REQ-000261,2026-09-07T09:40:07.421153+00:00,POST,/api/v1/events,201,203,SELLER-117,
REQ-000262,2026-09-05T19:50:01.421153+00:00,GET,/api/v1/shipments/SHP-0001,200,341,SELLER-097,
REQ-000263,2026-09-05T18:58:03.421153+00:00,GET,/api/v1/warehouses,200,294,SELLER-119,
REQ-000264,2026-09-02T17:29:43.421153+00:00,GET,/api/v1/carriers,200,259,SELLER-479,
REQ-000265,2026-09-05T17:57:03.421153+00:00,GET,/api/v1/shipments/SHP-0001,200,123,SELLER-144,
REQ-000266,2026-09-02T10:39:40.421153+00:00,GET,/api/v1/limits,200,73,SELLER-396,
REQ-000267,2026-09-05T06:50:01.421153+00:00,PATCH,/api/v1/shipments/SHP-0001/status,200,72,SELLER-167,
REQ-000268,2026-09-04T21:09:25.421153+00:00,GET,/api/v1/health,403,277,SELLER-402,INTERNAL_SERVER_ERROR
REQ-000269,2026-09-03T08:39:16.421153+00:00,GET,/api/v1/carriers,200,169,SELLER-027,
REQ-000270,2026-09-03T22:25:43.421153+00:00,POST,/api/v1/events,201,321,SELLER-321,
REQ-000271,2026-09-01T05:58:59.421153+00:00,GET,/api/v1/limits,200,281,SELLER-140,
REQ-000272,2026-09-01T14:34:24.421153+00:00,PATCH,/api/v1/shipments/SHP-0001/status,429,212,SELLER-311,RATE_LIMIT_EXCEEDED
REQ-000273,2026-09-05T23:20:41.421153+00:00,GET,/api/v1/carriers,404,39,SELLER-281,RESOURCE_NOT_FOUND
REQ-000274,2026-09-08T04:18:49.421153+00:00,GET,/api/v1/warehouses,200,121,SELLER-497,
REQ-000275,2026-09-06T01:13:23.421153+00:00,POST,/api/v1/shipments,201,62,SELLER-233,
REQ-000276,2026-09-03T16:01:21.421153+00:00,PATCH,/api/v1/shipments/SHP-0001/status,404,273,SELLER-180,RESOURCE_NOT_FOUND
REQ-000277,2026-09-02T13:17:51.421153+00:00,GET,/api/v1/shipments/SHP-0001,200,134,SELLER-397,
REQ-000278,2026-09-05T07:13:43.421153+00:00,POST,/api/v1/events,201,242,SELLER-362,
REQ-000279,2026-09-02T13:05:32.421153+00:00,GET,/api/v1/limits,200,18,SELLER-032,
REQ-000280,2026-09-03T03:53:07.421153+00:00,PATCH,/api/v1/shipments/SHP-0001/status,404,144,SELLER-114,RESOURCE_NOT_FOUND
REQ-000281,2026-09-07T23:12:52.421153+00:00,PATCH,/api/v1/shipments/SHP-0001/status,200,54,SELLER-353,
REQ-000282,2026-09-04T22:08:15.421153+00:00,GET,/api/v1/inventory/SKU-1001,200,119,SELLER-074,
REQ-000283,2026-09-06T03:12:56.421153+00:00,GET,/api/v1/warehouses,200,262,SELLER-359,
REQ-000284,2026-09-04T16:24:25.421153+00:00,POST,/api/v1/shipments,201,15,SELLER-125,
REQ-000285,2026-09-07T20:10:58.421153+00:00,GET,/api/v1/health,200,63,SELLER-036,
REQ-000286,2026-09-05T17:23:50.421153+00:00,GET,/api/v1/shipments/SHP-0001,200,282,SELLER-475,
REQ-000287,2026-09-06T06:29:43.421153+00:00,GET,/api/v1/carriers,200,37,SELLER-212,
REQ-000288,2026-09-04T09:20:44.421153+00:00,GET,/api/v1/carriers,200,32,SELLER-414,
REQ-000289,2026-09-03T15:10:17.421153+00:00,GET,/api/v1/shipments/SHP-0001,404,30,SELLER-096,RESOURCE_NOT_FOUND
REQ-000290,2026-09-08T01:01:11.421153+00:00,GET,/api/v1/carriers,200,203,SELLER-232,
REQ-000291,2026-09-07T08:14:11.421153+00:00,GET,/api/v1/shipments/SHP-0001,200,99,SELLER-420,
REQ-000292,2026-09-06T03:27:22.421153+00:00,GET,/api/v1/shipments/SHP-0001,401,260,SELLER-307,MISSING_API_KEY
REQ-000293,2026-09-07T20:41:44.421153+00:00,POST,/api/v1/events,201,45,SELLER-397,
REQ-000294,2026-09-04T21:58:53.421153+00:00,GET,/api/v1/inventory/SKU-1001,200,296,SELLER-148,
REQ-000295,2026-09-02T18:00:35.421153+00:00,GET,/api/v1/warehouses,200,344,SELLER-113,
REQ-000296,2026-09-03T01:39:23.421153+00:00,GET,/api/v1/inventory/SKU-1001,200,62,SELLER-026,
REQ-000297,2026-09-03T19:35:50.421153+00:00,PATCH,/api/v1/shipments/SHP-0001/status,200,336,SELLER-155,
REQ-000298,2026-09-04T21:39:21.421153+00:00,GET,/api/v1/health,200,214,SELLER-270,
REQ-000299,2026-09-08T01:41:52.421153+00:00,GET,/api/v1/health,200,79,SELLER-044,
REQ-000300,2026-09-05T10:19:31.421153+00:00,GET,/api/v1/limits,200,193,SELLER-118,
REQ-000301,2026-09-01T20:08:47.421153+00:00,GET,/api/v1/health,200,118,SELLER-364,
REQ-000302,2026-09-06T17:29:54.421153+00:00,GET,/api/v1/health,200,289,SELLER-466,
REQ-000303,2026-09-07T23:06:56.421153+00:00,POST,/api/v1/shipments,201,265,SELLER-450,
REQ-000304,2026-09-02T09:30:27.421153+00:00,GET,/api/v1/warehouses,200,246,SELLER-215,
REQ-000305,2026-09-03T21:32:45.421153+00:00,GET,/api/v1/health,200,327,SELLER-111,
REQ-000306,2026-09-03T20:28:27.421153+00:00,POST,/api/v1/events,201,304,SELLER-384,
REQ-000307,2026-09-07T03:34:19.421153+00:00,GET,/api/v1/inventory/SKU-1001,400,106,SELLER-106,INVALID_STATE_TRANSITION
REQ-000308,2026-09-03T03:57:10.421153+00:00,GET,/api/v1/inventory/SKU-1001,422,74,SELLER-493,VALIDATION_ERROR
REQ-000309,2026-09-02T14:53:22.421153+00:00,GET,/api/v1/shipments/SHP-0001,200,144,SELLER-271,
REQ-000310,2026-09-04T02:56:54.421153+00:00,GET,/api/v1/shipments/SHP-0001,200,285,SELLER-408,
REQ-000311,2026-09-04T03:21:55.421153+00:00,GET,/api/v1/carriers,200,49,SELLER-221,
REQ-000312,2026-09-04T16:31:04.421153+00:00,GET,/api/v1/carriers,500,306,SELLER-166,INTERNAL_SERVER_ERROR
REQ-000313,2026-09-04T13:32:42.421153+00:00,PATCH,/api/v1/shipments/SHP-0001/status,200,322,SELLER-383,
REQ-000314,2026-09-01T17:16:38.421153+00:00,GET,/api/v1/shipments/SHP-0001,404,154,SELLER-096,RESOURCE_NOT_FOUND
REQ-000315,2026-09-05T05:11:18.421153+00:00,GET,/api/v1/limits,200,65,SELLER-128,
REQ-000316,2026-09-02T00:55:43.421153+00:00,POST,/api/v1/shipments,201,222,SELLER-022,
REQ-000317,2026-09-01T11:44:54.421153+00:00,GET,/api/v1/warehouses,200,128,SELLER-358,
REQ-000318,2026-09-06T00:55:04.421153+00:00,GET,/api/v1/health,422,78,SELLER-466,VALIDATION_ERROR
REQ-000319,2026-09-01T10:15:09.421153+00:00,GET,/api/v1/limits,200,235,SELLER-142,
REQ-000320,2026-09-07T07:04:51.421153+00:00,GET,/api/v1/carriers,403,313,SELLER-332,INTERNAL_SERVER_ERROR
REQ-000321,2026-09-02T23:11:12.421153+00:00,GET,/api/v1/limits,200,47,SELLER-296,
REQ-000322,2026-09-03T05:44:47.421153+00:00,GET,/api/v1/shipments/SHP-0001,200,12,SELLER-417,
REQ-000323,2026-09-04T16:02:17.421153+00:00,GET,/api/v1/warehouses,200,44,SELLER-385,
REQ-000324,2026-09-02T00:29:30.421153+00:00,POST,/api/v1/shipments,201,225,SELLER-375,
REQ-000325,2026-09-02T03:22:24.421153+00:00,GET,/api/v1/warehouses,200,186,SELLER-010,
REQ-000326,2026-09-07T04:22:21.421153+00:00,GET,/api/v1/inventory/SKU-1001,200,181,SELLER-424,
REQ-000327,2026-09-02T01:53:37.421153+00:00,GET,/api/v1/shipments/SHP-0001,200,343,SELLER-114,
REQ-000328,2026-09-05T06:51:26.421153+00:00,GET,/api/v1/shipments/SHP-0001,200,126,SELLER-308,
REQ-000329,2026-09-02T07:39:50.421153+00:00,GET,/api/v1/carriers,200,144,SELLER-310,
REQ-000330,2026-09-07T11:01:16.421153+00:00,PATCH,/api/v1/shipments/SHP-0001/status,200,342,SELLER-081,
REQ-000331,2026-09-05T15:15:00.421153+00:00,GET,/api/v1/carriers,200,324,SELLER-125,
REQ-000332,2026-09-06T23:39:28.421153+00:00,GET,/api/v1/warehouses,200,97,SELLER-220,
REQ-000333,2026-09-04T11:01:23.421153+00:00,PATCH,/api/v1/shipments/SHP-0001/status,422,239,SELLER-391,VALIDATION_ERROR
REQ-000334,2026-09-08T02:52:51.421153+00:00,GET,/api/v1/carriers,200,60,SELLER-457,
REQ-000335,2026-09-06T13:37:12.421153+00:00,PATCH,/api/v1/shipments/SHP-0001/status,200,238,SELLER-477,
REQ-000336,2026-09-01T05:56:10.421153+00:00,GET,/api/v1/carriers,200,290,SELLER-070,
REQ-000337,2026-09-01T07:18:01.421153+00:00,GET,/api/v1/warehouses,200,131,SELLER-269,
REQ-000338,2026-09-01T07:57:22.421153+00:00,POST,/api/v1/shipments,201,96,SELLER-182,
REQ-000339,2026-09-01T07:01:34.421153+00:00,GET,/api/v1/warehouses,200,232,SELLER-462,
REQ-000340,2026-09-06T16:23:23.421153+00:00,POST,/api/v1/events,201,228,SELLER-034,
REQ-000341,2026-09-02T22:51:49.421153+00:00,GET,/api/v1/health,200,259,SELLER-469,
REQ-000342,2026-09-03T20:18:31.421153+00:00,GET,/api/v1/inventory/SKU-1001,200,92,SELLER-068,
REQ-000343,2026-09-05T20:01:44.421153+00:00,GET,/api/v1/carriers,200,178,SELLER-223,
REQ-000344,2026-09-04T07:38:24.421153+00:00,GET,/api/v1/warehouses,200,67,SELLER-101,
REQ-000345,2026-09-01T13:25:56.421153+00:00,POST,/api/v1/shipments,201,49,SELLER-189,
REQ-000346,2026-09-03T20:03:28.421153+00:00,POST,/api/v1/shipments,201,298,SELLER-486,
REQ-000347,2026-09-04T01:40:30.421153+00:00,POST,/api/v1/shipments,201,36,SELLER-071,
REQ-000348,2026-09-03T21:33:44.421153+00:00,GET,/api/v1/limits,200,170,SELLER-140,
REQ-000349,2026-09-05T15:58:13.421153+00:00,GET,/api/v1/warehouses,200,208,SELLER-012,
REQ-000350,2026-09-05T18:41:48.421153+00:00,POST,/api/v1/shipments,201,230,SELLER-282,
REQ-000351,2026-09-04T15:54:44.421153+00:00,POST,/api/v1/shipments,201,325,SELLER-473,
REQ-000352,2026-09-06T02:46:14.421153+00:00,POST,/api/v1/events,201,166,SELLER-436,
REQ-000353,2026-09-01T23:44:48.421153+00:00,GET,/api/v1/inventory/SKU-1001,200,181,SELLER-249,
REQ-000354,2026-09-03T23:52:27.421153+00:00,PATCH,/api/v1/shipments/SHP-0001/status,401,37,SELLER-270,MISSING_API_KEY
REQ-000355,2026-09-03T15:22:24.421153+00:00,GET,/api/v1/limits,200,154,SELLER-337,
REQ-000356,2026-09-07T16:34:06.421153+00:00,PATCH,/api/v1/shipments/SHP-0001/status,200,148,SELLER-170,
REQ-000357,2026-09-01T16:22:23.421153+00:00,GET,/api/v1/inventory/SKU-1001,200,255,SELLER-331,
REQ-000358,2026-09-07T10:22:09.421153+00:00,PATCH,/api/v1/shipments/SHP-0001/status,200,84,SELLER-011,
REQ-000359,2026-09-07T02:26:50.421153+00:00,GET,/api/v1/carriers,200,309,SELLER-138,
REQ-000360,2026-09-01T19:35:48.421153+00:00,POST,/api/v1/shipments,403,17,SELLER-222,INTERNAL_SERVER_ERROR
REQ-000361,2026-09-07T01:13:09.421153+00:00,GET,/api/v1/limits,200,254,SELLER-115,
REQ-000362,2026-09-04T07:19:36.421153+00:00,POST,/api/v1/events,201,323,SELLER-155,
REQ-000363,2026-09-03T00:52:24.421153+00:00,PATCH,/api/v1/shipments/SHP-0001/status,200,70,SELLER-299,
REQ-000364,2026-09-07T12:48:16.421153+00:00,POST,/api/v1/events,201,322,SELLER-356,
REQ-000365,2026-09-06T10:18:27.421153+00:00,GET,/api/v1/limits,200,300,SELLER-415,
REQ-000366,2026-09-04T00:29:19.421153+00:00,GET,/api/v1/health,200,162,SELLER-480,
REQ-000367,2026-09-06T10:18:39.421153+00:00,GET,/api/v1/inventory/SKU-1001,200,108,SELLER-243,
REQ-000368,2026-09-02T17:47:29.421153+00:00,PATCH,/api/v1/shipments/SHP-0001/status,200,114,SELLER-162,
REQ-000369,2026-09-06T01:37:53.421153+00:00,PATCH,/api/v1/shipments/SHP-0001/status,200,29,SELLER-235,
REQ-000370,2026-09-07T19:39:08.421153+00:00,GET,/api/v1/warehouses,200,47,SELLER-164,
REQ-000371,2026-09-02T15:09:48.421153+00:00,GET,/api/v1/limits,429,24,SELLER-189,RATE_LIMIT_EXCEEDED
REQ-000372,2026-09-04T22:10:30.421153+00:00,GET,/api/v1/warehouses,200,247,SELLER-092,
REQ-000373,2026-09-05T16:28:17.421153+00:00,GET,/api/v1/warehouses,200,263,SELLER-348,
REQ-000374,2026-09-04T10:28:15.421153+00:00,GET,/api/v1/limits,200,273,SELLER-361,
REQ-000375,2026-09-02T23:04:08.421153+00:00,POST,/api/v1/shipments,201,14,SELLER-115,
REQ-000376,2026-09-07T11:22:09.421153+00:00,PATCH,/api/v1/shipments/SHP-0001/status,200,265,SELLER-390,
REQ-000377,2026-09-06T13:02:03.421153+00:00,POST,/api/v1/shipments,201,279,SELLER-440,
REQ-000378,2026-09-02T00:06:38.421153+00:00,POST,/api/v1/events,201,257,SELLER-448,
REQ-000379,2026-09-03T00:00:39.421153+00:00,GET,/api/v1/carriers,200,80,SELLER-030,
REQ-000380,2026-09-05T15:36:58.421153+00:00,GET,/api/v1/shipments/SHP-0001,200,196,SELLER-082,
REQ-000381,2026-09-02T22:43:10.421153+00:00,PATCH,/api/v1/shipments/SHP-0001/status,200,106,SELLER-070,
REQ-000382,2026-09-01T15:06:44.421153+00:00,POST,/api/v1/events,201,58,SELLER-184,
REQ-000383,2026-09-02T22:15:46.421153+00:00,GET,/api/v1/warehouses,200,213,SELLER-373,
REQ-000384,2026-09-07T11:58:59.421153+00:00,GET,/api/v1/limits,200,117,SELLER-468,
REQ-000385,2026-09-02T19:58:15.421153+00:00,GET,/api/v1/shipments/SHP-0001,403,151,SELLER-283,INTERNAL_SERVER_ERROR
REQ-000386,2026-09-01T15:18:01.421153+00:00,GET,/api/v1/carriers,422,226,SELLER-139,VALIDATION_ERROR
REQ-000387,2026-09-06T02:27:28.421153+00:00,GET,/api/v1/inventory/SKU-1001,422,259,SELLER-180,VALIDATION_ERROR
REQ-000388,2026-09-03T13:41:38.421153+00:00,GET,/api/v1/health,429,23,SELLER-108,RATE_LIMIT_EXCEEDED
REQ-000389,2026-09-07T22:45:16.421153+00:00,GET,/api/v1/warehouses,200,161,SELLER-227,
REQ-000390,2026-09-04T10:35:51.421153+00:00,GET,/api/v1/shipments/SHP-0001,200,213,SELLER-106,
REQ-000391,2026-09-03T01:10:26.421153+00:00,POST,/api/v1/shipments,201,74,SELLER-227,
REQ-000392,2026-09-02T13:07:30.421153+00:00,POST,/api/v1/shipments,201,279,SELLER-081,
REQ-000393,2026-09-04T08:43:47.421153+00:00,GET,/api/v1/health,200,17,SELLER-411,
REQ-000394,2026-09-02T14:22:24.421153+00:00,GET,/api/v1/carriers,200,235,SELLER-328,
REQ-000395,2026-09-04T10:26:16.421153+00:00,GET,/api/v1/health,200,135,SELLER-276,
REQ-000396,2026-09-02T12:29:11.421153+00:00,GET,/api/v1/limits,200,196,SELLER-229,
REQ-000397,2026-09-05T16:27:29.421153+00:00,POST,/api/v1/events,201,54,SELLER-032,
REQ-000398,2026-09-02T08:31:42.421153+00:00,PATCH,/api/v1/shipments/SHP-0001/status,200,273,SELLER-134,
REQ-000399,2026-09-07T23:30:24.421153+00:00,GET,/api/v1/inventory/SKU-1001,403,83,SELLER-060,INTERNAL_SERVER_ERROR
REQ-000400,2026-09-02T04:56:26.421153+00:00,GET,/api/v1/inventory/SKU-1001,200,255,SELLER-496,
REQ-000401,2026-09-07T09:22:13.421153+00:00,GET,/api/v1/carriers,429,221,SELLER-313,RATE_LIMIT_EXCEEDED
REQ-000402,2026-09-07T20:09:10.421153+00:00,POST,/api/v1/shipments,201,191,SELLER-005,
REQ-000403,2026-09-01T22:17:01.421153+00:00,GET,/api/v1/carriers,403,111,SELLER-114,INTERNAL_SERVER_ERROR
REQ-000404,2026-09-05T02:19:25.421153+00:00,GET,/api/v1/inventory/SKU-1001,200,180,SELLER-371,
REQ-000405,2026-09-03T13:24:40.421153+00:00,GET,/api/v1/inventory/SKU-1001,200,317,SELLER-006,
REQ-000406,2026-09-06T04:54:21.421153+00:00,GET,/api/v1/inventory/SKU-1001,404,20,SELLER-363,RESOURCE_NOT_FOUND
REQ-000407,2026-09-02T21:07:28.421153+00:00,GET,/api/v1/warehouses,200,13,SELLER-437,
REQ-000408,2026-09-05T13:53:50.421153+00:00,PATCH,/api/v1/shipments/SHP-0001/status,200,302,SELLER-127,
REQ-000409,2026-09-06T19:26:25.421153+00:00,POST,/api/v1/events,201,36,SELLER-458,
REQ-000410,2026-09-01T16:46:52.421153+00:00,GET,/api/v1/shipments/SHP-0001,200,211,SELLER-012,
REQ-000411,2026-09-02T05:13:21.421153+00:00,GET,/api/v1/shipments/SHP-0001,200,131,SELLER-003,
REQ-000412,2026-09-02T19:53:17.421153+00:00,GET,/api/v1/carriers,200,95,SELLER-342,
REQ-000413,2026-09-04T05:05:31.421153+00:00,PATCH,/api/v1/shipments/SHP-0001/status,200,193,SELLER-115,
REQ-000414,2026-09-07T04:13:34.421153+00:00,GET,/api/v1/carriers,200,144,SELLER-420,
REQ-000415,2026-09-05T05:54:44.421153+00:00,POST,/api/v1/events,401,216,SELLER-200,MISSING_API_KEY
REQ-000416,2026-09-04T23:10:38.421153+00:00,GET,/api/v1/health,200,63,SELLER-042,
REQ-000417,2026-09-03T20:34:00.421153+00:00,POST,/api/v1/events,201,272,SELLER-161,
REQ-000418,2026-09-03T10:41:51.421153+00:00,POST,/api/v1/events,201,97,SELLER-117,
REQ-000419,2026-09-02T22:01:41.421153+00:00,GET,/api/v1/health,200,154,SELLER-276,
REQ-000420,2026-09-03T19:46:37.421153+00:00,GET,/api/v1/warehouses,200,304,SELLER-378,
REQ-000421,2026-09-05T19:00:00.421153+00:00,POST,/api/v1/shipments,201,39,SELLER-299,
REQ-000422,2026-09-02T03:27:12.421153+00:00,GET,/api/v1/carriers,200,14,SELLER-049,
REQ-000423,2026-09-01T13:19:48.421153+00:00,GET,/api/v1/inventory/SKU-1001,500,247,SELLER-031,INTERNAL_SERVER_ERROR
REQ-000424,2026-09-02T02:54:03.421153+00:00,GET,/api/v1/limits,200,223,SELLER-422,
REQ-000425,2026-09-03T14:37:04.421153+00:00,GET,/api/v1/inventory/SKU-1001,200,186,SELLER-339,
REQ-000426,2026-09-05T13:48:09.421153+00:00,GET,/api/v1/limits,403,350,SELLER-330,INTERNAL_SERVER_ERROR
REQ-000427,2026-09-03T01:27:30.421153+00:00,GET,/api/v1/carriers,200,43,SELLER-088,
REQ-000428,2026-09-03T22:52:42.421153+00:00,GET,/api/v1/limits,200,346,SELLER-140,
REQ-000429,2026-09-04T12:28:41.421153+00:00,PATCH,/api/v1/shipments/SHP-0001/status,200,339,SELLER-005,
REQ-000430,2026-09-05T01:19:48.421153+00:00,GET,/api/v1/shipments/SHP-0001,200,99,SELLER-350,
REQ-000431,2026-09-01T08:35:06.421153+00:00,GET,/api/v1/limits,200,39,SELLER-214,
REQ-000432,2026-09-07T13:54:30.421153+00:00,GET,/api/v1/warehouses,429,221,SELLER-161,RATE_LIMIT_EXCEEDED
REQ-000433,2026-09-06T17:21:38.421153+00:00,GET,/api/v1/health,200,313,SELLER-464,
REQ-000434,2026-09-04T10:25:32.421153+00:00,PATCH,/api/v1/shipments/SHP-0001/status,200,218,SELLER-334,
REQ-000435,2026-09-04T09:47:37.421153+00:00,POST,/api/v1/events,201,321,SELLER-487,
REQ-000436,2026-09-06T10:36:06.421153+00:00,GET,/api/v1/limits,200,114,SELLER-317,
REQ-000437,2026-09-07T08:35:12.421153+00:00,POST,/api/v1/events,429,17,SELLER-216,RATE_LIMIT_EXCEEDED
REQ-000438,2026-09-08T02:24:38.421153+00:00,POST,/api/v1/events,201,325,SELLER-028,
REQ-000439,2026-09-05T01:36:58.421153+00:00,POST,/api/v1/shipments,201,171,SELLER-144,
REQ-000440,2026-09-04T16:11:12.421153+00:00,PATCH,/api/v1/shipments/SHP-0001/status,200,328,SELLER-073,
REQ-000441,2026-09-03T08:17:02.421153+00:00,GET,/api/v1/limits,422,288,SELLER-457,VALIDATION_ERROR
REQ-000442,2026-09-03T01:22:09.421153+00:00,GET,/api/v1/carriers,200,184,SELLER-421,
REQ-000443,2026-09-05T17:42:36.421153+00:00,PATCH,/api/v1/shipments/SHP-0001/status,200,214,SELLER-375,
REQ-000444,2026-09-07T01:25:22.421153+00:00,GET,/api/v1/shipments/SHP-0001,200,343,SELLER-432,
REQ-000445,2026-09-03T02:08:19.421153+00:00,GET,/api/v1/health,200,322,SELLER-095,
REQ-000446,2026-09-04T01:59:59.421153+00:00,GET,/api/v1/shipments/SHP-0001,200,234,SELLER-012,
REQ-000447,2026-09-05T23:07:05.421153+00:00,GET,/api/v1/limits,401,231,SELLER-301,MISSING_API_KEY
REQ-000448,2026-09-03T23:00:09.421153+00:00,POST,/api/v1/events,201,49,SELLER-433,
REQ-000449,2026-09-02T14:28:38.421153+00:00,POST,/api/v1/shipments,201,104,SELLER-031,
REQ-000450,2026-09-01T07:13:49.421153+00:00,GET,/api/v1/warehouses,200,118,SELLER-461,
REQ-000451,2026-09-07T00:09:14.421153+00:00,GET,/api/v1/shipments/SHP-0001,429,225,SELLER-316,RATE_LIMIT_EXCEEDED
REQ-000452,2026-09-02T13:35:50.421153+00:00,GET,/api/v1/health,200,114,SELLER-245,
REQ-000453,2026-09-03T19:25:21.421153+00:00,GET,/api/v1/health,200,278,SELLER-012,
REQ-000454,2026-09-06T19:59:18.421153+00:00,GET,/api/v1/warehouses,200,27,SELLER-474,
REQ-000455,2026-09-01T16:57:44.421153+00:00,PATCH,/api/v1/shipments/SHP-0001/status,200,350,SELLER-436,
REQ-000456,2026-09-06T02:05:46.421153+00:00,POST,/api/v1/events,201,164,SELLER-272,
REQ-000457,2026-09-03T11:16:07.421153+00:00,POST,/api/v1/events,201,198,SELLER-352,
REQ-000458,2026-09-04T04:56:53.421153+00:00,GET,/api/v1/warehouses,200,19,SELLER-039,
REQ-000459,2026-09-02T18:02:59.421153+00:00,PATCH,/api/v1/shipments/SHP-0001/status,200,210,SELLER-061,
REQ-000460,2026-09-04T03:25:01.421153+00:00,GET,/api/v1/inventory/SKU-1001,200,348,SELLER-417,
REQ-000461,2026-09-02T15:47:50.421153+00:00,GET,/api/v1/carriers,200,270,SELLER-475,
REQ-000462,2026-09-05T09:19:25.421153+00:00,POST,/api/v1/shipments,201,32,SELLER-420,
REQ-000463,2026-09-02T23:02:43.421153+00:00,PATCH,/api/v1/shipments/SHP-0001/status,200,45,SELLER-443,
REQ-000464,2026-09-05T17:30:18.421153+00:00,PATCH,/api/v1/shipments/SHP-0001/status,200,329,SELLER-089,
REQ-000465,2026-09-04T12:22:14.421153+00:00,PATCH,/api/v1/shipments/SHP-0001/status,200,16,SELLER-454,
REQ-000466,2026-09-04T18:10:36.421153+00:00,GET,/api/v1/limits,429,336,SELLER-255,RATE_LIMIT_EXCEEDED
REQ-000467,2026-09-08T03:35:31.421153+00:00,GET,/api/v1/warehouses,200,113,SELLER-136,
REQ-000468,2026-09-06T02:54:57.421153+00:00,GET,/api/v1/shipments/SHP-0001,200,83,SELLER-434,
REQ-000469,2026-09-05T01:39:23.421153+00:00,PATCH,/api/v1/shipments/SHP-0001/status,200,343,SELLER-262,
REQ-000470,2026-09-04T12:49:15.421153+00:00,GET,/api/v1/health,200,169,SELLER-014,
REQ-000471,2026-09-08T02:12:01.421153+00:00,PATCH,/api/v1/shipments/SHP-0001/status,200,69,SELLER-108,
REQ-000472,2026-09-03T00:34:25.421153+00:00,PATCH,/api/v1/shipments/SHP-0001/status,200,257,SELLER-011,
REQ-000473,2026-09-03T08:51:21.421153+00:00,GET,/api/v1/carriers,200,75,SELLER-475,
REQ-000474,2026-09-05T03:32:45.421153+00:00,POST,/api/v1/events,201,268,SELLER-199,
REQ-000475,2026-09-03T18:28:58.421153+00:00,GET,/api/v1/warehouses,200,332,SELLER-405,
REQ-000476,2026-09-01T22:42:46.421153+00:00,GET,/api/v1/inventory/SKU-1001,200,83,SELLER-260,
REQ-000477,2026-09-06T01:52:49.421153+00:00,POST,/api/v1/events,201,132,SELLER-265,
REQ-000478,2026-09-05T02:24:45.421153+00:00,POST,/api/v1/shipments,201,272,SELLER-411,
REQ-000479,2026-09-06T15:50:44.421153+00:00,POST,/api/v1/shipments,201,212,SELLER-403,
REQ-000480,2026-09-05T17:45:40.421153+00:00,GET,/api/v1/warehouses,200,114,SELLER-012,
REQ-000481,2026-09-06T22:20:39.421153+00:00,GET,/api/v1/health,200,131,SELLER-056,
REQ-000482,2026-09-07T16:34:19.421153+00:00,GET,/api/v1/limits,200,184,SELLER-121,
REQ-000483,2026-09-06T18:09:29.421153+00:00,GET,/api/v1/health,200,197,SELLER-180,
REQ-000484,2026-09-01T17:18:47.421153+00:00,GET,/api/v1/warehouses,200,303,SELLER-414,
REQ-000485,2026-09-04T03:25:09.421153+00:00,GET,/api/v1/inventory/SKU-1001,200,110,SELLER-331,
REQ-000486,2026-09-04T04:30:22.421153+00:00,GET,/api/v1/warehouses,200,112,SELLER-168,
REQ-000487,2026-09-05T22:52:53.421153+00:00,POST,/api/v1/shipments,201,306,SELLER-396,
REQ-000488,2026-09-04T20:53:02.421153+00:00,GET,/api/v1/warehouses,200,136,SELLER-265,
REQ-000489,2026-09-03T03:08:01.421153+00:00,POST,/api/v1/shipments,201,177,SELLER-256,
REQ-000490,2026-09-03T07:37:02.421153+00:00,GET,/api/v1/shipments/SHP-0001,200,254,SELLER-003,
REQ-000491,2026-09-05T18:20:52.421153+00:00,POST,/api/v1/events,201,140,SELLER-283,
REQ-000492,2026-09-06T02:47:35.421153+00:00,GET,/api/v1/inventory/SKU-1001,200,259,SELLER-354,
REQ-000493,2026-09-07T10:23:58.421153+00:00,POST,/api/v1/events,201,317,SELLER-384,
REQ-000494,2026-09-05T12:14:32.421153+00:00,GET,/api/v1/limits,404,173,SELLER-393,RESOURCE_NOT_FOUND
REQ-000495,2026-09-02T08:06:22.421153+00:00,POST,/api/v1/shipments,201,64,SELLER-105,
REQ-000496,2026-09-01T20:39:06.421153+00:00,POST,/api/v1/events,201,214,SELLER-494,
REQ-000497,2026-09-07T05:02:53.421153+00:00,GET,/api/v1/carriers,200,18,SELLER-336,
REQ-000498,2026-09-05T06:26:53.421153+00:00,GET,/api/v1/inventory/SKU-1001,200,169,SELLER-364,
REQ-000499,2026-09-02T10:36:54.421153+00:00,GET,/api/v1/inventory/SKU-1001,200,183,SELLER-046,
REQ-000500,2026-09-03T07:35:01.421153+00:00,GET,/api/v1/warehouses,200,124,SELLER-276,
REQ-000501,2026-09-02T02:28:39.421153+00:00,POST,/api/v1/events,201,168,SELLER-312,
REQ-000502,2026-09-02T16:44:23.421153+00:00,GET,/api/v1/warehouses,200,127,SELLER-285,
REQ-000503,2026-09-03T01:36:53.421153+00:00,PATCH,/api/v1/shipments/SHP-0001/status,200,193,SELLER-033,
REQ-000504,2026-09-01T14:09:42.421153+00:00,GET,/api/v1/warehouses,200,55,SELLER-500,
REQ-000505,2026-09-02T15:41:49.421153+00:00,GET,/api/v1/shipments/SHP-0001,400,307,SELLER-340,INVALID_STATE_TRANSITION
REQ-000506,2026-09-04T22:02:58.421153+00:00,GET,/api/v1/warehouses,200,99,SELLER-053,
REQ-000507,2026-09-04T21:11:47.421153+00:00,POST,/api/v1/events,201,174,SELLER-369,
REQ-000508,2026-09-07T14:04:23.421153+00:00,POST,/api/v1/shipments,429,67,SELLER-204,RATE_LIMIT_EXCEEDED
REQ-000509,2026-09-05T04:54:19.421153+00:00,GET,/api/v1/carriers,404,194,SELLER-401,RESOURCE_NOT_FOUND
REQ-000510,2026-09-06T00:30:53.421153+00:00,PATCH,/api/v1/shipments/SHP-0001/status,200,109,SELLER-140,
REQ-000511,2026-09-05T01:05:31.421153+00:00,GET,/api/v1/inventory/SKU-1001,200,225,SELLER-283,
REQ-000512,2026-09-04T16:55:02.421153+00:00,PATCH,/api/v1/shipments/SHP-0001/status,200,264,SELLER-070,
REQ-000513,2026-09-07T16:01:05.421153+00:00,GET,/api/v1/inventory/SKU-1001,200,141,SELLER-256,
REQ-000514,2026-09-02T23:45:02.421153+00:00,PATCH,/api/v1/shipments/SHP-0001/status,200,36,SELLER-062,
REQ-000515,2026-09-05T20:02:10.421153+00:00,GET,/api/v1/shipments/SHP-0001,401,23,SELLER-220,MISSING_API_KEY
REQ-000516,2026-09-04T20:14:12.421153+00:00,GET,/api/v1/limits,200,311,SELLER-235,
REQ-000517,2026-09-06T10:27:40.421153+00:00,GET,/api/v1/health,200,74,SELLER-025,
REQ-000518,2026-09-06T20:03:54.421153+00:00,PATCH,/api/v1/shipments/SHP-0001/status,200,217,SELLER-229,
REQ-000519,2026-09-05T09:27:58.421153+00:00,GET,/api/v1/inventory/SKU-1001,200,196,SELLER-227,
REQ-000520,2026-09-03T23:59:07.421153+00:00,GET,/api/v1/warehouses,200,65,SELLER-306,
REQ-000521,2026-09-05T19:53:06.421153+00:00,GET,/api/v1/carriers,200,207,SELLER-048,
REQ-000522,2026-09-06T00:55:56.421153+00:00,GET,/api/v1/shipments/SHP-0001,200,96,SELLER-104,
REQ-000523,2026-09-03T08:27:56.421153+00:00,GET,/api/v1/inventory/SKU-1001,200,81,SELLER-421,
REQ-000524,2026-09-07T23:06:20.421153+00:00,GET,/api/v1/carriers,200,215,SELLER-453,
REQ-000525,2026-09-07T16:34:28.421153+00:00,GET,/api/v1/shipments/SHP-0001,200,255,SELLER-103,
REQ-000526,2026-09-05T07:22:08.421153+00:00,GET,/api/v1/health,200,322,SELLER-321,
REQ-000527,2026-09-02T18:32:03.421153+00:00,GET,/api/v1/health,200,256,SELLER-051,
REQ-000528,2026-09-02T03:00:04.421153+00:00,GET,/api/v1/carriers,200,179,SELLER-195,
REQ-000529,2026-09-01T11:06:43.421153+00:00,PATCH,/api/v1/shipments/SHP-0001/status,401,253,SELLER-438,MISSING_API_KEY
REQ-000530,2026-09-08T02:53:28.421153+00:00,GET,/api/v1/limits,200,140,SELLER-239,
REQ-000531,2026-09-05T06:13:36.421153+00:00,GET,/api/v1/limits,200,165,SELLER-027,
REQ-000532,2026-09-04T08:07:00.421153+00:00,GET,/api/v1/health,200,188,SELLER-109,
REQ-000533,2026-09-02T05:01:46.421153+00:00,GET,/api/v1/warehouses,200,64,SELLER-112,
REQ-000534,2026-09-04T19:39:35.421153+00:00,POST,/api/v1/events,201,220,SELLER-332,
REQ-000535,2026-09-05T02:46:47.421153+00:00,GET,/api/v1/limits,200,37,SELLER-205,
REQ-000536,2026-09-03T01:41:57.421153+00:00,GET,/api/v1/health,200,15,SELLER-389,
REQ-000537,2026-09-06T18:29:53.421153+00:00,GET,/api/v1/warehouses,403,169,SELLER-190,INTERNAL_SERVER_ERROR
REQ-000538,2026-09-03T21:29:57.421153+00:00,POST,/api/v1/shipments,201,255,SELLER-064,
REQ-000539,2026-09-01T04:21:54.421153+00:00,POST,/api/v1/events,201,177,SELLER-383,
REQ-000540,2026-09-04T13:12:29.421153+00:00,POST,/api/v1/shipments,201,257,SELLER-229,
REQ-000541,2026-09-02T18:57:45.421153+00:00,GET,/api/v1/shipments/SHP-0001,200,130,SELLER-382,
REQ-000542,2026-09-07T22:15:36.421153+00:00,PATCH,/api/v1/shipments/SHP-0001/status,200,252,SELLER-186,
REQ-000543,2026-09-06T00:58:43.421153+00:00,GET,/api/v1/health,200,277,SELLER-130,
REQ-000544,2026-09-06T04:43:08.421153+00:00,PATCH,/api/v1/shipments/SHP-0001/status,200,189,SELLER-403,
REQ-000545,2026-09-04T23:26:07.421153+00:00,POST,/api/v1/shipments,201,157,SELLER-255,
REQ-000546,2026-09-04T06:17:15.421153+00:00,GET,/api/v1/health,200,61,SELLER-217,
REQ-000547,2026-09-04T14:41:46.421153+00:00,GET,/api/v1/health,200,154,SELLER-318,
REQ-000548,2026-09-02T15:00:13.421153+00:00,POST,/api/v1/events,201,184,SELLER-337,
REQ-000549,2026-09-01T08:28:49.421153+00:00,POST,/api/v1/events,201,20,SELLER-131,
REQ-000550,2026-09-03T15:39:46.421153+00:00,GET,/api/v1/warehouses,200,198,SELLER-117,
REQ-000551,2026-09-02T11:13:50.421153+00:00,GET,/api/v1/inventory/SKU-1001,429,12,SELLER-430,RATE_LIMIT_EXCEEDED
REQ-000552,2026-09-01T14:04:38.421153+00:00,GET,/api/v1/health,200,240,SELLER-013,
REQ-000553,2026-09-04T09:37:43.421153+00:00,GET,/api/v1/carriers,200,199,SELLER-017,
REQ-000554,2026-09-03T11:28:55.421153+00:00,GET,/api/v1/health,401,155,SELLER-246,MISSING_API_KEY
REQ-000555,2026-09-03T01:09:16.421153+00:00,GET,/api/v1/warehouses,200,55,SELLER-276,
REQ-000556,2026-09-04T03:55:29.421153+00:00,GET,/api/v1/shipments/SHP-0001,200,114,SELLER-312,
REQ-000557,2026-09-04T02:32:44.421153+00:00,GET,/api/v1/warehouses,500,281,SELLER-281,INTERNAL_SERVER_ERROR
REQ-000558,2026-09-07T17:40:49.421153+00:00,POST,/api/v1/shipments,201,263,SELLER-181,
REQ-000559,2026-09-06T16:33:49.421153+00:00,GET,/api/v1/carriers,401,164,SELLER-372,MISSING_API_KEY
REQ-000560,2026-09-01T09:32:00.421153+00:00,POST,/api/v1/events,201,24,SELLER-497,
REQ-000561,2026-09-06T12:19:27.421153+00:00,POST,/api/v1/events,201,148,SELLER-386,
REQ-000562,2026-09-05T20:45:37.421153+00:00,GET,/api/v1/limits,200,49,SELLER-292,
REQ-000563,2026-09-02T18:25:04.421153+00:00,GET,/api/v1/warehouses,200,27,SELLER-443,
REQ-000564,2026-09-07T16:28:17.421153+00:00,GET,/api/v1/warehouses,200,285,SELLER-067,
REQ-000565,2026-09-03T03:11:23.421153+00:00,POST,/api/v1/shipments,401,299,SELLER-399,MISSING_API_KEY
REQ-000566,2026-09-05T09:37:37.421153+00:00,POST,/api/v1/events,400,174,SELLER-161,INVALID_STATE_TRANSITION
REQ-000567,2026-09-07T17:07:51.421153+00:00,GET,/api/v1/carriers,200,158,SELLER-032,
REQ-000568,2026-09-01T06:45:14.421153+00:00,GET,/api/v1/carriers,200,101,SELLER-053,
REQ-000569,2026-09-06T20:05:36.421153+00:00,GET,/api/v1/inventory/SKU-1001,200,71,SELLER-449,
REQ-000570,2026-09-05T07:06:48.421153+00:00,GET,/api/v1/shipments/SHP-0001,200,164,SELLER-078,
REQ-000571,2026-09-01T08:44:03.421153+00:00,GET,/api/v1/carriers,200,348,SELLER-491,
REQ-000572,2026-09-02T11:18:13.421153+00:00,GET,/api/v1/warehouses,200,291,SELLER-020,
REQ-000573,2026-09-02T00:44:11.421153+00:00,GET,/api/v1/health,200,51,SELLER-498,
REQ-000574,2026-09-05T08:46:45.421153+00:00,GET,/api/v1/carriers,200,46,SELLER-127,
REQ-000575,2026-09-04T16:59:24.421153+00:00,GET,/api/v1/inventory/SKU-1001,200,248,SELLER-275,
REQ-000576,2026-09-07T16:41:39.421153+00:00,GET,/api/v1/warehouses,200,295,SELLER-166,
REQ-000577,2026-09-06T17:46:39.421153+00:00,GET,/api/v1/warehouses,200,221,SELLER-218,
REQ-000578,2026-09-04T14:59:54.421153+00:00,GET,/api/v1/carriers,200,273,SELLER-479,
REQ-000579,2026-09-03T18:04:19.421153+00:00,GET,/api/v1/health,429,245,SELLER-095,RATE_LIMIT_EXCEEDED
REQ-000580,2026-09-06T23:24:30.421153+00:00,GET,/api/v1/shipments/SHP-0001,200,212,SELLER-245,
REQ-000581,2026-09-03T14:43:06.421153+00:00,GET,/api/v1/warehouses,200,82,SELLER-156,
REQ-000582,2026-09-07T00:20:40.421153+00:00,GET,/api/v1/shipments/SHP-0001,200,93,SELLER-095,
REQ-000583,2026-09-05T13:54:48.421153+00:00,GET,/api/v1/inventory/SKU-1001,200,73,SELLER-284,
REQ-000584,2026-09-05T03:56:16.421153+00:00,GET,/api/v1/limits,401,23,SELLER-300,MISSING_API_KEY
REQ-000585,2026-09-02T07:22:10.421153+00:00,POST,/api/v1/shipments,201,17,SELLER-029,
REQ-000586,2026-09-05T18:34:42.421153+00:00,PATCH,/api/v1/shipments/SHP-0001/status,200,137,SELLER-299,
REQ-000587,2026-09-01T08:08:10.421153+00:00,POST,/api/v1/shipments,201,64,SELLER-016,
REQ-000588,2026-09-04T00:12:41.421153+00:00,GET,/api/v1/health,200,302,SELLER-288,
REQ-000589,2026-09-04T04:19:44.421153+00:00,GET,/api/v1/limits,401,168,SELLER-308,MISSING_API_KEY
REQ-000590,2026-09-06T07:40:57.421153+00:00,POST,/api/v1/shipments,201,12,SELLER-244,
REQ-000591,2026-09-07T15:37:40.421153+00:00,GET,/api/v1/shipments/SHP-0001,200,248,SELLER-451,
REQ-000592,2026-09-01T18:14:02.421153+00:00,GET,/api/v1/health,200,109,SELLER-029,
REQ-000593,2026-09-07T19:10:13.421153+00:00,GET,/api/v1/inventory/SKU-1001,200,334,SELLER-087,
REQ-000594,2026-09-03T06:16:46.421153+00:00,POST,/api/v1/shipments,201,140,SELLER-205,
REQ-000595,2026-09-03T16:47:16.421153+00:00,GET,/api/v1/warehouses,200,326,SELLER-462,
REQ-000596,2026-09-04T16:57:45.421153+00:00,GET,/api/v1/health,404,104,SELLER-252,RESOURCE_NOT_FOUND
REQ-000597,2026-09-03T20:46:42.421153+00:00,GET,/api/v1/limits,200,16,SELLER-330,
REQ-000598,2026-09-02T10:43:15.421153+00:00,PATCH,/api/v1/shipments/SHP-0001/status,200,152,SELLER-261,
REQ-000599,2026-09-03T13:41:56.421153+00:00,PATCH,/api/v1/shipments/SHP-0001/status,200,134,SELLER-111,
REQ-000600,2026-09-02T00:18:39.421153+00:00,POST,/api/v1/shipments,201,315,SELLER-397,
REQ-000601,2026-09-07T10:01:49.421153+00:00,POST,/api/v1/events,404,95,SELLER-495,RESOURCE_NOT_FOUND
REQ-000602,2026-09-04T04:15:46.421153+00:00,PATCH,/api/v1/shipments/SHP-0001/status,200,187,SELLER-033,
REQ-000603,2026-09-03T12:16:21.421153+00:00,GET,/api/v1/warehouses,404,222,SELLER-417,RESOURCE_NOT_FOUND
REQ-000604,2026-09-05T21:23:06.421153+00:00,GET,/api/v1/inventory/SKU-1001,200,82,SELLER-286,
REQ-000605,2026-09-02T23:57:59.421153+00:00,GET,/api/v1/limits,200,138,SELLER-484,
REQ-000606,2026-09-02T00:57:16.421153+00:00,GET,/api/v1/carriers,200,284,SELLER-329,
REQ-000607,2026-09-04T17:32:52.421153+00:00,GET,/api/v1/warehouses,200,169,SELLER-200,
REQ-000608,2026-09-04T19:24:30.421153+00:00,POST,/api/v1/shipments,201,275,SELLER-172,
REQ-000609,2026-09-03T14:23:56.421153+00:00,POST,/api/v1/events,201,157,SELLER-417,
REQ-000610,2026-09-07T21:28:02.421153+00:00,POST,/api/v1/events,201,341,SELLER-055,
REQ-000611,2026-09-06T17:39:02.421153+00:00,GET,/api/v1/health,422,56,SELLER-378,VALIDATION_ERROR
REQ-000612,2026-09-05T22:38:41.421153+00:00,POST,/api/v1/events,201,199,SELLER-203,
REQ-000613,2026-09-01T12:09:27.421153+00:00,GET,/api/v1/inventory/SKU-1001,403,38,SELLER-207,INTERNAL_SERVER_ERROR
REQ-000614,2026-09-02T04:37:06.421153+00:00,GET,/api/v1/warehouses,200,164,SELLER-242,
REQ-000615,2026-09-02T12:22:38.421153+00:00,GET,/api/v1/health,200,141,SELLER-042,
REQ-000616,2026-09-05T00:53:49.421153+00:00,POST,/api/v1/shipments,201,169,SELLER-381,
REQ-000617,2026-09-03T12:03:21.421153+00:00,GET,/api/v1/shipments/SHP-0001,401,238,SELLER-364,MISSING_API_KEY
REQ-000618,2026-09-07T03:21:20.421153+00:00,GET,/api/v1/warehouses,200,309,SELLER-404,
REQ-000619,2026-09-02T10:02:27.421153+00:00,PATCH,/api/v1/shipments/SHP-0001/status,200,42,SELLER-280,
REQ-000620,2026-09-06T12:52:19.421153+00:00,POST,/api/v1/shipments,201,240,SELLER-191,
REQ-000621,2026-09-05T02:34:09.421153+00:00,GET,/api/v1/limits,200,324,SELLER-322,
REQ-000622,2026-09-03T07:06:17.421153+00:00,GET,/api/v1/shipments/SHP-0001,200,275,SELLER-347,
REQ-000623,2026-09-02T14:38:50.421153+00:00,PATCH,/api/v1/shipments/SHP-0001/status,200,248,SELLER-428,
REQ-000624,2026-09-01T21:15:08.421153+00:00,POST,/api/v1/events,201,128,SELLER-446,
REQ-000625,2026-09-04T08:33:11.421153+00:00,GET,/api/v1/carriers,200,263,SELLER-269,
REQ-000626,2026-09-02T23:45:02.421153+00:00,POST,/api/v1/events,201,221,SELLER-403,
REQ-000627,2026-09-05T23:45:09.421153+00:00,GET,/api/v1/shipments/SHP-0001,200,72,SELLER-332,
REQ-000628,2026-09-01T23:46:20.421153+00:00,POST,/api/v1/shipments,201,284,SELLER-173,
REQ-000629,2026-09-04T01:24:33.421153+00:00,POST,/api/v1/shipments,201,179,SELLER-453,
REQ-000630,2026-09-07T05:38:21.421153+00:00,POST,/api/v1/shipments,201,285,SELLER-036,
REQ-000631,2026-09-04T06:37:58.421153+00:00,GET,/api/v1/shipments/SHP-0001,200,23,SELLER-221,
REQ-000632,2026-09-01T10:15:27.421153+00:00,GET,/api/v1/health,200,130,SELLER-337,
REQ-000633,2026-09-01T10:19:32.421153+00:00,GET,/api/v1/health,200,29,SELLER-203,
REQ-000634,2026-09-07T01:06:42.421153+00:00,GET,/api/v1/carriers,200,165,SELLER-405,
REQ-000635,2026-09-05T17:36:44.421153+00:00,GET,/api/v1/warehouses,403,89,SELLER-023,INTERNAL_SERVER_ERROR
REQ-000636,2026-09-04T08:12:01.421153+00:00,GET,/api/v1/health,200,246,SELLER-048,
REQ-000637,2026-09-08T03:33:49.421153+00:00,GET,/api/v1/limits,200,136,SELLER-279,
REQ-000638,2026-09-05T01:19:14.421153+00:00,GET,/api/v1/carriers,200,304,SELLER-039,
REQ-000639,2026-09-07T08:01:41.421153+00:00,POST,/api/v1/events,201,142,SELLER-032,
REQ-000640,2026-09-01T23:34:58.421153+00:00,GET,/api/v1/health,200,314,SELLER-186,
REQ-000641,2026-09-05T03:36:47.421153+00:00,GET,/api/v1/health,400,73,SELLER-130,INVALID_STATE_TRANSITION
REQ-000642,2026-09-01T11:38:23.421153+00:00,GET,/api/v1/warehouses,200,110,SELLER-275,
REQ-000643,2026-09-05T01:19:08.421153+00:00,GET,/api/v1/health,200,335,SELLER-104,
REQ-000644,2026-09-02T11:20:31.421153+00:00,GET,/api/v1/shipments/SHP-0001,404,36,SELLER-198,RESOURCE_NOT_FOUND
REQ-000645,2026-09-03T09:26:23.421153+00:00,POST,/api/v1/shipments,201,237,SELLER-349,
REQ-000646,2026-09-06T05:05:01.421153+00:00,PATCH,/api/v1/shipments/SHP-0001/status,200,50,SELLER-019,
REQ-000647,2026-09-05T15:02:50.421153+00:00,GET,/api/v1/limits,200,217,SELLER-043,
REQ-000648,2026-09-03T23:08:19.421153+00:00,POST,/api/v1/shipments,201,314,SELLER-153,
REQ-000649,2026-09-02T15:51:09.421153+00:00,GET,/api/v1/limits,401,41,SELLER-160,MISSING_API_KEY
REQ-000650,2026-09-03T17:32:27.421153+00:00,GET,/api/v1/inventory/SKU-1001,200,305,SELLER-326,
REQ-000651,2026-09-04T22:36:51.421153+00:00,GET,/api/v1/health,404,78,SELLER-186,RESOURCE_NOT_FOUND
REQ-000652,2026-09-02T08:28:49.421153+00:00,GET,/api/v1/limits,200,55,SELLER-379,
REQ-000653,2026-09-08T00:47:56.421153+00:00,GET,/api/v1/health,200,58,SELLER-199,
REQ-000654,2026-09-07T12:27:29.421153+00:00,GET,/api/v1/health,200,346,SELLER-127,
REQ-000655,2026-09-02T22:41:41.421153+00:00,GET,/api/v1/health,401,288,SELLER-317,MISSING_API_KEY
REQ-000656,2026-09-07T19:10:44.421153+00:00,POST,/api/v1/events,201,80,SELLER-039,
REQ-000657,2026-09-03T10:32:22.421153+00:00,GET,/api/v1/health,200,325,SELLER-112,
REQ-000658,2026-09-02T07:15:04.421153+00:00,GET,/api/v1/shipments/SHP-0001,200,179,SELLER-417,
REQ-000659,2026-09-05T03:48:23.421153+00:00,PATCH,/api/v1/shipments/SHP-0001/status,200,37,SELLER-410,
REQ-000660,2026-09-04T13:30:30.421153+00:00,GET,/api/v1/carriers,429,106,SELLER-061,RATE_LIMIT_EXCEEDED
REQ-000661,2026-09-02T07:56:21.421153+00:00,PATCH,/api/v1/shipments/SHP-0001/status,200,291,SELLER-375,
REQ-000662,2026-09-07T17:00:06.421153+00:00,PATCH,/api/v1/shipments/SHP-0001/status,200,280,SELLER-087,
REQ-000663,2026-09-04T07:53:12.421153+00:00,GET,/api/v1/shipments/SHP-0001,200,191,SELLER-425,
REQ-000664,2026-09-01T17:06:29.421153+00:00,GET,/api/v1/health,200,342,SELLER-472,
REQ-000665,2026-09-04T04:40:44.421153+00:00,GET,/api/v1/warehouses,200,119,SELLER-079,
REQ-000666,2026-09-05T12:45:18.421153+00:00,GET,/api/v1/inventory/SKU-1001,200,346,SELLER-151,
REQ-000667,2026-09-02T21:18:43.421153+00:00,GET,/api/v1/carriers,200,153,SELLER-111,
REQ-000668,2026-09-03T06:58:58.421153+00:00,PATCH,/api/v1/shipments/SHP-0001/status,200,42,SELLER-264,
REQ-000669,2026-09-01T11:30:26.421153+00:00,GET,/api/v1/shipments/SHP-0001,200,181,SELLER-016,
REQ-000670,2026-09-07T22:39:43.421153+00:00,GET,/api/v1/limits,200,317,SELLER-375,
REQ-000671,2026-09-07T17:48:18.421153+00:00,POST,/api/v1/shipments,201,54,SELLER-237,
REQ-000672,2026-09-04T03:26:05.421153+00:00,PATCH,/api/v1/shipments/SHP-0001/status,200,121,SELLER-126,
REQ-000673,2026-09-02T09:25:45.421153+00:00,GET,/api/v1/inventory/SKU-1001,200,34,SELLER-263,
REQ-000674,2026-09-01T22:40:34.421153+00:00,GET,/api/v1/inventory/SKU-1001,200,174,SELLER-112,
REQ-000675,2026-09-03T18:12:31.421153+00:00,GET,/api/v1/warehouses,200,197,SELLER-456,
REQ-000676,2026-09-02T01:08:26.421153+00:00,GET,/api/v1/warehouses,200,188,SELLER-344,
REQ-000677,2026-09-04T20:12:17.421153+00:00,POST,/api/v1/shipments,403,226,SELLER-189,INTERNAL_SERVER_ERROR
REQ-000678,2026-09-06T03:44:17.421153+00:00,GET,/api/v1/inventory/SKU-1001,200,112,SELLER-285,
REQ-000679,2026-09-02T15:25:22.421153+00:00,POST,/api/v1/shipments,201,278,SELLER-050,
REQ-000680,2026-09-02T06:26:42.421153+00:00,GET,/api/v1/inventory/SKU-1001,200,128,SELLER-005,
REQ-000681,2026-09-05T23:41:57.421153+00:00,POST,/api/v1/shipments,201,108,SELLER-304,
REQ-000682,2026-09-02T08:28:01.421153+00:00,POST,/api/v1/events,201,101,SELLER-474,
REQ-000683,2026-09-05T18:08:28.421153+00:00,PATCH,/api/v1/shipments/SHP-0001/status,200,88,SELLER-405,
REQ-000684,2026-09-05T21:09:02.421153+00:00,GET,/api/v1/carriers,200,68,SELLER-057,
REQ-000685,2026-09-06T12:14:18.421153+00:00,GET,/api/v1/inventory/SKU-1001,200,315,SELLER-209,
REQ-000686,2026-09-02T18:43:32.421153+00:00,GET,/api/v1/warehouses,200,115,SELLER-366,
REQ-000687,2026-09-05T00:29:05.421153+00:00,GET,/api/v1/limits,200,30,SELLER-289,
REQ-000688,2026-09-04T21:56:24.421153+00:00,POST,/api/v1/shipments,201,247,SELLER-081,
REQ-000689,2026-09-01T07:06:53.421153+00:00,GET,/api/v1/carriers,200,136,SELLER-355,
REQ-000690,2026-09-01T10:09:37.421153+00:00,GET,/api/v1/inventory/SKU-1001,200,65,SELLER-086,
REQ-000691,2026-09-01T19:03:26.421153+00:00,POST,/api/v1/shipments,201,64,SELLER-362,
REQ-000692,2026-09-04T09:57:15.421153+00:00,PATCH,/api/v1/shipments/SHP-0001/status,200,326,SELLER-055,
REQ-000693,2026-09-07T07:54:02.421153+00:00,GET,/api/v1/inventory/SKU-1001,500,89,SELLER-086,INTERNAL_SERVER_ERROR
REQ-000694,2026-09-05T16:20:11.421153+00:00,GET,/api/v1/shipments/SHP-0001,422,50,SELLER-277,VALIDATION_ERROR
REQ-000695,2026-09-07T18:16:34.421153+00:00,POST,/api/v1/shipments,201,301,SELLER-026,
REQ-000696,2026-09-06T02:56:27.421153+00:00,POST,/api/v1/events,201,202,SELLER-361,
REQ-000697,2026-09-05T07:56:42.421153+00:00,GET,/api/v1/carriers,200,214,SELLER-364,
REQ-000698,2026-09-01T21:24:39.421153+00:00,GET,/api/v1/warehouses,200,24,SELLER-051,
REQ-000699,2026-09-05T10:21:47.421153+00:00,GET,/api/v1/warehouses,200,78,SELLER-455,
REQ-000700,2026-09-05T22:37:51.421153+00:00,GET,/api/v1/limits,200,17,SELLER-304,
REQ-000701,2026-09-02T05:52:45.421153+00:00,PATCH,/api/v1/shipments/SHP-0001/status,200,259,SELLER-135,
REQ-000702,2026-09-01T09:06:33.421153+00:00,GET,/api/v1/health,200,258,SELLER-343,
REQ-000703,2026-09-03T06:43:58.421153+00:00,GET,/api/v1/inventory/SKU-1001,200,83,SELLER-478,
REQ-000704,2026-09-07T19:21:51.421153+00:00,GET,/api/v1/warehouses,200,308,SELLER-456,
REQ-000705,2026-09-08T02:05:58.421153+00:00,GET,/api/v1/carriers,200,73,SELLER-025,
REQ-000706,2026-09-05T23:25:01.421153+00:00,GET,/api/v1/health,200,303,SELLER-355,
REQ-000707,2026-09-05T03:16:13.421153+00:00,POST,/api/v1/events,201,297,SELLER-384,
REQ-000708,2026-09-05T09:47:20.421153+00:00,GET,/api/v1/shipments/SHP-0001,200,76,SELLER-179,
REQ-000709,2026-09-06T05:57:03.421153+00:00,POST,/api/v1/shipments,201,137,SELLER-173,
REQ-000710,2026-09-02T12:26:16.421153+00:00,GET,/api/v1/warehouses,200,336,SELLER-483,
REQ-000711,2026-09-06T13:32:30.421153+00:00,POST,/api/v1/events,201,281,SELLER-171,
REQ-000712,2026-09-01T11:58:14.421153+00:00,GET,/api/v1/carriers,200,153,SELLER-199,
REQ-000713,2026-09-05T08:46:39.421153+00:00,GET,/api/v1/health,200,342,SELLER-480,
REQ-000714,2026-09-07T21:57:40.421153+00:00,GET,/api/v1/shipments/SHP-0001,200,333,SELLER-125,
REQ-000715,2026-09-04T19:51:41.421153+00:00,PATCH,/api/v1/shipments/SHP-0001/status,200,119,SELLER-164,
REQ-000716,2026-09-07T16:35:16.421153+00:00,POST,/api/v1/shipments,201,347,SELLER-046,
REQ-000717,2026-09-02T17:21:30.421153+00:00,GET,/api/v1/shipments/SHP-0001,200,249,SELLER-263,
REQ-000718,2026-09-05T20:02:36.421153+00:00,GET,/api/v1/shipments/SHP-0001,200,85,SELLER-401,
REQ-000719,2026-09-05T15:32:44.421153+00:00,GET,/api/v1/limits,200,100,SELLER-013,
REQ-000720,2026-09-06T08:53:48.421153+00:00,GET,/api/v1/inventory/SKU-1001,429,223,SELLER-295,RATE_LIMIT_EXCEEDED
REQ-000721,2026-09-02T22:57:08.421153+00:00,GET,/api/v1/carriers,404,341,SELLER-394,RESOURCE_NOT_FOUND
REQ-000722,2026-09-06T01:15:38.421153+00:00,GET,/api/v1/warehouses,200,203,SELLER-106,
REQ-000723,2026-09-02T23:26:46.421153+00:00,GET,/api/v1/limits,200,202,SELLER-024,
REQ-000724,2026-09-07T13:31:12.421153+00:00,PATCH,/api/v1/shipments/SHP-0001/status,200,239,SELLER-047,
REQ-000725,2026-09-06T04:40:16.421153+00:00,GET,/api/v1/health,422,287,SELLER-289,VALIDATION_ERROR
REQ-000726,2026-09-01T10:36:30.421153+00:00,GET,/api/v1/shipments/SHP-0001,200,78,SELLER-279,
REQ-000727,2026-09-04T23:04:32.421153+00:00,GET,/api/v1/health,200,28,SELLER-273,
REQ-000728,2026-09-06T06:33:57.421153+00:00,GET,/api/v1/carriers,200,182,SELLER-010,
REQ-000729,2026-09-04T04:54:28.421153+00:00,POST,/api/v1/shipments,201,44,SELLER-273,
REQ-000730,2026-09-06T17:23:10.421153+00:00,GET,/api/v1/inventory/SKU-1001,200,296,SELLER-285,
REQ-000731,2026-09-05T00:37:57.421153+00:00,PATCH,/api/v1/shipments/SHP-0001/status,200,280,SELLER-073,
REQ-000732,2026-09-01T09:49:57.421153+00:00,PATCH,/api/v1/shipments/SHP-0001/status,200,274,SELLER-194,
REQ-000733,2026-09-02T17:04:50.421153+00:00,GET,/api/v1/inventory/SKU-1001,200,39,SELLER-150,
REQ-000734,2026-09-05T21:44:39.421153+00:00,GET,/api/v1/limits,200,36,SELLER-385,
REQ-000735,2026-09-04T00:00:05.421153+00:00,POST,/api/v1/events,201,255,SELLER-488,
REQ-000736,2026-09-02T06:30:30.421153+00:00,GET,/api/v1/shipments/SHP-0001,200,350,SELLER-302,
REQ-000737,2026-09-06T11:52:18.421153+00:00,POST,/api/v1/shipments,201,88,SELLER-125,
REQ-000738,2026-09-07T06:06:31.421153+00:00,PATCH,/api/v1/shipments/SHP-0001/status,200,201,SELLER-397,
REQ-000739,2026-09-06T18:49:17.421153+00:00,GET,/api/v1/health,200,313,SELLER-137,
REQ-000740,2026-09-04T06:27:27.421153+00:00,GET,/api/v1/limits,200,12,SELLER-085,
REQ-000741,2026-09-07T12:58:26.421153+00:00,PATCH,/api/v1/shipments/SHP-0001/status,422,225,SELLER-271,VALIDATION_ERROR
REQ-000742,2026-09-06T12:15:37.421153+00:00,PATCH,/api/v1/shipments/SHP-0001/status,200,87,SELLER-424,
REQ-000743,2026-09-05T18:16:46.421153+00:00,POST,/api/v1/shipments,201,185,SELLER-261,
REQ-000744,2026-09-06T11:25:30.421153+00:00,PATCH,/api/v1/shipments/SHP-0001/status,401,252,SELLER-420,MISSING_API_KEY
REQ-000745,2026-09-02T10:48:08.421153+00:00,GET,/api/v1/warehouses,200,331,SELLER-374,
REQ-000746,2026-09-07T07:52:20.421153+00:00,POST,/api/v1/events,201,34,SELLER-270,
REQ-000747,2026-09-07T03:03:31.421153+00:00,GET,/api/v1/limits,200,273,SELLER-083,
REQ-000748,2026-09-08T02:27:05.421153+00:00,GET,/api/v1/inventory/SKU-1001,200,280,SELLER-226,
REQ-000749,2026-09-04T18:42:01.421153+00:00,PATCH,/api/v1/shipments/SHP-0001/status,200,74,SELLER-184,
REQ-000750,2026-09-02T16:22:24.421153+00:00,GET,/api/v1/warehouses,200,332,SELLER-036,
REQ-000751,2026-09-06T11:22:00.421153+00:00,GET,/api/v1/health,200,99,SELLER-195,
REQ-000752,2026-09-03T07:31:33.421153+00:00,GET,/api/v1/health,200,285,SELLER-071,
REQ-000753,2026-09-07T01:48:06.421153+00:00,GET,/api/v1/inventory/SKU-1001,200,231,SELLER-179,
REQ-000754,2026-09-05T06:14:03.421153+00:00,GET,/api/v1/inventory/SKU-1001,200,45,SELLER-468,
REQ-000755,2026-09-07T07:36:02.421153+00:00,GET,/api/v1/inventory/SKU-1001,401,129,SELLER-030,MISSING_API_KEY
REQ-000756,2026-09-03T22:59:32.421153+00:00,GET,/api/v1/inventory/SKU-1001,422,93,SELLER-448,VALIDATION_ERROR
REQ-000757,2026-09-02T11:12:06.421153+00:00,GET,/api/v1/carriers,200,343,SELLER-352,
REQ-000758,2026-09-01T17:57:13.421153+00:00,GET,/api/v1/carriers,200,179,SELLER-370,
REQ-000759,2026-09-05T15:41:43.421153+00:00,POST,/api/v1/events,201,146,SELLER-417,
REQ-000760,2026-09-07T06:54:30.421153+00:00,GET,/api/v1/carriers,404,299,SELLER-056,RESOURCE_NOT_FOUND
REQ-000761,2026-09-07T03:53:55.421153+00:00,GET,/api/v1/shipments/SHP-0001,200,157,SELLER-484,
REQ-000762,2026-09-07T09:52:37.421153+00:00,GET,/api/v1/shipments/SHP-0001,200,349,SELLER-239,
REQ-000763,2026-09-06T04:09:11.421153+00:00,GET,/api/v1/inventory/SKU-1001,200,205,SELLER-452,
REQ-000764,2026-09-02T09:49:17.421153+00:00,GET,/api/v1/health,200,243,SELLER-444,
REQ-000765,2026-09-04T19:47:21.421153+00:00,PATCH,/api/v1/shipments/SHP-0001/status,200,35,SELLER-359,
REQ-000766,2026-09-07T10:55:49.421153+00:00,GET,/api/v1/inventory/SKU-1001,500,204,SELLER-127,INTERNAL_SERVER_ERROR
REQ-000767,2026-09-04T12:01:29.421153+00:00,GET,/api/v1/carriers,200,252,SELLER-341,
REQ-000768,2026-09-01T16:44:40.421153+00:00,GET,/api/v1/inventory/SKU-1001,200,36,SELLER-442,
REQ-000769,2026-09-07T17:29:46.421153+00:00,GET,/api/v1/shipments/SHP-0001,200,195,SELLER-005,
REQ-000770,2026-09-01T14:55:12.421153+00:00,POST,/api/v1/events,404,111,SELLER-484,RESOURCE_NOT_FOUND
REQ-000771,2026-09-04T21:49:05.421153+00:00,GET,/api/v1/limits,200,134,SELLER-120,
REQ-000772,2026-09-07T13:36:53.421153+00:00,GET,/api/v1/warehouses,429,216,SELLER-220,RATE_LIMIT_EXCEEDED
REQ-000773,2026-09-07T19:11:15.421153+00:00,GET,/api/v1/inventory/SKU-1001,200,273,SELLER-309,
REQ-000774,2026-09-04T17:23:55.421153+00:00,GET,/api/v1/carriers,200,27,SELLER-132,
REQ-000775,2026-09-05T22:58:19.421153+00:00,GET,/api/v1/limits,200,321,SELLER-128,
REQ-000776,2026-09-04T09:25:04.421153+00:00,GET,/api/v1/limits,200,48,SELLER-244,
REQ-000777,2026-09-06T13:13:00.421153+00:00,POST,/api/v1/shipments,201,279,SELLER-118,
REQ-000778,2026-09-01T19:22:50.421153+00:00,GET,/api/v1/carriers,200,56,SELLER-058,
REQ-000779,2026-09-02T23:59:46.421153+00:00,GET,/api/v1/limits,200,210,SELLER-221,
REQ-000780,2026-09-05T21:29:37.421153+00:00,POST,/api/v1/shipments,201,282,SELLER-365,
REQ-000781,2026-09-06T22:20:57.421153+00:00,GET,/api/v1/shipments/SHP-0001,200,329,SELLER-215,
REQ-000782,2026-09-06T00:39:00.421153+00:00,GET,/api/v1/warehouses,403,267,SELLER-450,INTERNAL_SERVER_ERROR
REQ-000783,2026-09-04T19:15:44.421153+00:00,GET,/api/v1/health,400,98,SELLER-332,INVALID_STATE_TRANSITION
REQ-000784,2026-09-07T15:36:47.421153+00:00,POST,/api/v1/shipments,201,31,SELLER-491,
REQ-000785,2026-09-01T22:35:42.421153+00:00,POST,/api/v1/shipments,201,282,SELLER-215,
REQ-000786,2026-09-06T00:40:42.421153+00:00,POST,/api/v1/shipments,400,106,SELLER-063,INVALID_STATE_TRANSITION
REQ-000787,2026-09-05T19:59:42.421153+00:00,POST,/api/v1/shipments,201,286,SELLER-453,
REQ-000788,2026-09-01T16:02:01.421153+00:00,POST,/api/v1/shipments,403,310,SELLER-084,INTERNAL_SERVER_ERROR
REQ-000789,2026-09-02T23:56:19.421153+00:00,GET,/api/v1/carriers,200,221,SELLER-433,
REQ-000790,2026-09-03T21:24:41.421153+00:00,POST,/api/v1/events,201,155,SELLER-159,
REQ-000791,2026-09-01T14:45:27.421153+00:00,GET,/api/v1/inventory/SKU-1001,200,336,SELLER-397,
REQ-000792,2026-09-06T23:46:52.421153+00:00,POST,/api/v1/shipments,201,315,SELLER-412,
REQ-000793,2026-09-05T10:37:57.421153+00:00,PATCH,/api/v1/shipments/SHP-0001/status,400,318,SELLER-086,INVALID_STATE_TRANSITION
REQ-000794,2026-09-03T22:40:20.421153+00:00,GET,/api/v1/shipments/SHP-0001,200,331,SELLER-168,
REQ-000795,2026-09-01T11:54:26.421153+00:00,PATCH,/api/v1/shipments/SHP-0001/status,200,253,SELLER-462,
REQ-000796,2026-09-04T04:41:29.421153+00:00,GET,/api/v1/warehouses,200,187,SELLER-078,
REQ-000797,2026-09-06T06:42:55.421153+00:00,GET,/api/v1/inventory/SKU-1001,200,74,SELLER-261,
REQ-000798,2026-09-06T21:10:09.421153+00:00,GET,/api/v1/carriers,403,32,SELLER-233,INTERNAL_SERVER_ERROR
REQ-000799,2026-09-04T21:28:59.421153+00:00,GET,/api/v1/health,404,171,SELLER-469,RESOURCE_NOT_FOUND
REQ-000800,2026-09-03T00:39:27.421153+00:00,POST,/api/v1/events,201,71,SELLER-167,
REQ-000801,2026-09-04T21:26:18.421153+00:00,GET,/api/v1/limits,200,347,SELLER-358,
REQ-000802,2026-09-07T00:06:38.421153+00:00,GET,/api/v1/warehouses,429,342,SELLER-386,RATE_LIMIT_EXCEEDED
REQ-000803,2026-09-06T07:02:50.421153+00:00,GET,/api/v1/carriers,200,62,SELLER-165,
REQ-000804,2026-09-07T21:28:02.421153+00:00,POST,/api/v1/events,201,99,SELLER-326,
REQ-000805,2026-09-07T16:07:35.421153+00:00,POST,/api/v1/events,201,44,SELLER-133,
REQ-000806,2026-09-05T14:57:23.421153+00:00,GET,/api/v1/shipments/SHP-0001,200,180,SELLER-471,
REQ-000807,2026-09-04T18:23:27.421153+00:00,GET,/api/v1/shipments/SHP-0001,200,183,SELLER-008,
REQ-000808,2026-09-04T14:28:22.421153+00:00,POST,/api/v1/shipments,201,20,SELLER-249,
REQ-000809,2026-09-03T22:32:29.421153+00:00,GET,/api/v1/carriers,200,246,SELLER-485,
REQ-000810,2026-09-02T10:24:23.421153+00:00,GET,/api/v1/shipments/SHP-0001,200,338,SELLER-321,
REQ-000811,2026-09-02T02:58:33.421153+00:00,POST,/api/v1/events,500,129,SELLER-268,INTERNAL_SERVER_ERROR
REQ-000812,2026-09-03T17:33:23.421153+00:00,GET,/api/v1/limits,200,324,SELLER-230,
REQ-000813,2026-09-02T06:41:19.421153+00:00,POST,/api/v1/shipments,404,227,SELLER-045,RESOURCE_NOT_FOUND
REQ-000814,2026-09-08T03:19:35.421153+00:00,GET,/api/v1/inventory/SKU-1001,200,164,SELLER-178,
REQ-000815,2026-09-05T02:58:48.421153+00:00,GET,/api/v1/carriers,200,82,SELLER-122,
REQ-000816,2026-09-01T08:20:38.421153+00:00,GET,/api/v1/health,200,325,SELLER-015,
REQ-000817,2026-09-05T12:28:25.421153+00:00,POST,/api/v1/events,201,331,SELLER-301,
REQ-000818,2026-09-04T13:59:33.421153+00:00,GET,/api/v1/inventory/SKU-1001,400,152,SELLER-375,INVALID_STATE_TRANSITION
REQ-000819,2026-09-07T23:24:08.421153+00:00,GET,/api/v1/inventory/SKU-1001,200,322,SELLER-340,
REQ-000820,2026-09-02T21:09:26.421153+00:00,GET,/api/v1/limits,200,71,SELLER-409,
REQ-000821,2026-09-06T08:26:29.421153+00:00,GET,/api/v1/warehouses,200,108,SELLER-259,
REQ-000822,2026-09-06T23:46:54.421153+00:00,GET,/api/v1/carriers,500,256,SELLER-174,INTERNAL_SERVER_ERROR
REQ-000823,2026-09-07T18:08:55.421153+00:00,GET,/api/v1/shipments/SHP-0001,200,268,SELLER-288,
REQ-000824,2026-09-04T03:22:23.421153+00:00,GET,/api/v1/inventory/SKU-1001,200,166,SELLER-041,
REQ-000825,2026-09-03T08:17:42.421153+00:00,POST,/api/v1/shipments,201,210,SELLER-280,
REQ-000826,2026-09-04T16:10:33.421153+00:00,POST,/api/v1/events,201,315,SELLER-151,
REQ-000827,2026-09-07T01:43:35.421153+00:00,GET,/api/v1/warehouses,200,18,SELLER-443,
REQ-000828,2026-09-04T16:55:30.421153+00:00,GET,/api/v1/inventory/SKU-1001,200,197,SELLER-280,
REQ-000829,2026-09-03T01:43:38.421153+00:00,PATCH,/api/v1/shipments/SHP-0001/status,200,135,SELLER-140,
REQ-000830,2026-09-08T01:00:46.421153+00:00,POST,/api/v1/shipments,201,73,SELLER-397,
REQ-000831,2026-09-08T01:17:38.421153+00:00,GET,/api/v1/limits,200,176,SELLER-249,
REQ-000832,2026-09-03T18:15:22.421153+00:00,GET,/api/v1/warehouses,404,281,SELLER-271,RESOURCE_NOT_FOUND
REQ-000833,2026-09-07T23:18:44.421153+00:00,PATCH,/api/v1/shipments/SHP-0001/status,200,93,SELLER-298,
REQ-000834,2026-09-06T16:05:55.421153+00:00,GET,/api/v1/limits,200,204,SELLER-023,
REQ-000835,2026-09-08T03:51:51.421153+00:00,GET,/api/v1/health,200,295,SELLER-024,
REQ-000836,2026-09-02T15:51:18.421153+00:00,GET,/api/v1/inventory/SKU-1001,404,130,SELLER-299,RESOURCE_NOT_FOUND
REQ-000837,2026-09-03T20:08:45.421153+00:00,PATCH,/api/v1/shipments/SHP-0001/status,200,116,SELLER-257,
REQ-000838,2026-09-03T19:29:16.421153+00:00,POST,/api/v1/events,201,147,SELLER-249,
REQ-000839,2026-09-03T21:38:09.421153+00:00,PATCH,/api/v1/shipments/SHP-0001/status,200,208,SELLER-335,
REQ-000840,2026-09-03T00:02:27.421153+00:00,POST,/api/v1/events,201,280,SELLER-363,
REQ-000841,2026-09-04T16:05:10.421153+00:00,GET,/api/v1/limits,200,342,SELLER-279,
REQ-000842,2026-09-02T11:09:10.421153+00:00,GET,/api/v1/shipments/SHP-0001,200,339,SELLER-191,
REQ-000843,2026-09-05T13:30:24.421153+00:00,GET,/api/v1/health,200,282,SELLER-115,
REQ-000844,2026-09-06T03:22:20.421153+00:00,GET,/api/v1/limits,200,291,SELLER-188,
REQ-000845,2026-09-06T17:52:54.421153+00:00,POST,/api/v1/shipments,201,166,SELLER-064,
REQ-000846,2026-09-03T08:11:44.421153+00:00,GET,/api/v1/inventory/SKU-1001,200,162,SELLER-039,
REQ-000847,2026-09-06T12:22:40.421153+00:00,GET,/api/v1/limits,200,55,SELLER-010,
REQ-000848,2026-09-01T11:23:10.421153+00:00,POST,/api/v1/shipments,400,113,SELLER-126,INVALID_STATE_TRANSITION
REQ-000849,2026-09-02T19:16:35.421153+00:00,GET,/api/v1/inventory/SKU-1001,200,349,SELLER-498,
REQ-000850,2026-09-06T19:26:06.421153+00:00,GET,/api/v1/shipments/SHP-0001,200,337,SELLER-202,
REQ-000851,2026-09-02T17:52:49.421153+00:00,GET,/api/v1/carriers,200,155,SELLER-409,
REQ-000852,2026-09-07T03:44:48.421153+00:00,GET,/api/v1/limits,200,270,SELLER-459,
REQ-000853,2026-09-06T07:53:20.421153+00:00,GET,/api/v1/carriers,200,31,SELLER-022,
REQ-000854,2026-09-07T07:30:04.421153+00:00,PATCH,/api/v1/shipments/SHP-0001/status,200,167,SELLER-359,
REQ-000855,2026-09-05T12:51:08.421153+00:00,GET,/api/v1/inventory/SKU-1001,200,290,SELLER-259,
REQ-000856,2026-09-04T18:28:26.421153+00:00,GET,/api/v1/shipments/SHP-0001,200,218,SELLER-239,
REQ-000857,2026-09-06T21:07:22.421153+00:00,PATCH,/api/v1/shipments/SHP-0001/status,422,27,SELLER-060,VALIDATION_ERROR
REQ-000858,2026-09-07T10:05:25.421153+00:00,GET,/api/v1/carriers,200,297,SELLER-065,
REQ-000859,2026-09-07T01:27:30.421153+00:00,GET,/api/v1/shipments/SHP-0001,200,79,SELLER-126,
REQ-000860,2026-09-01T04:56:32.421153+00:00,POST,/api/v1/events,201,234,SELLER-217,
REQ-000861,2026-09-07T07:32:34.421153+00:00,GET,/api/v1/limits,200,151,SELLER-280,
REQ-000862,2026-09-04T16:10:09.421153+00:00,GET,/api/v1/health,200,324,SELLER-232,
REQ-000863,2026-09-03T13:55:48.421153+00:00,GET,/api/v1/carriers,404,80,SELLER-436,RESOURCE_NOT_FOUND
REQ-000864,2026-09-04T13:32:07.421153+00:00,PATCH,/api/v1/shipments/SHP-0001/status,401,295,SELLER-449,MISSING_API_KEY
REQ-000865,2026-09-04T15:08:51.421153+00:00,GET,/api/v1/health,200,123,SELLER-262,
REQ-000866,2026-09-05T20:21:50.421153+00:00,GET,/api/v1/inventory/SKU-1001,200,304,SELLER-408,
REQ-000867,2026-09-07T06:45:41.421153+00:00,PATCH,/api/v1/shipments/SHP-0001/status,200,262,SELLER-499,
REQ-000868,2026-09-04T03:55:06.421153+00:00,GET,/api/v1/warehouses,400,160,SELLER-495,INVALID_STATE_TRANSITION
REQ-000869,2026-09-01T09:14:31.421153+00:00,GET,/api/v1/inventory/SKU-1001,200,95,SELLER-418,
REQ-000870,2026-09-05T11:09:58.421153+00:00,POST,/api/v1/shipments,201,33,SELLER-108,
REQ-000871,2026-09-05T09:40:21.421153+00:00,GET,/api/v1/warehouses,200,41,SELLER-427,
REQ-000872,2026-09-04T00:14:33.421153+00:00,GET,/api/v1/health,401,202,SELLER-453,MISSING_API_KEY
REQ-000873,2026-09-08T01:52:10.421153+00:00,POST,/api/v1/events,201,100,SELLER-469,
REQ-000874,2026-09-06T08:23:35.421153+00:00,PATCH,/api/v1/shipments/SHP-0001/status,200,46,SELLER-043,
REQ-000875,2026-09-04T06:45:02.421153+00:00,GET,/api/v1/inventory/SKU-1001,200,56,SELLER-279,
REQ-000876,2026-09-03T08:07:18.421153+00:00,PATCH,/api/v1/shipments/SHP-0001/status,200,271,SELLER-029,
REQ-000877,2026-09-02T00:05:49.421153+00:00,PATCH,/api/v1/shipments/SHP-0001/status,200,123,SELLER-334,
REQ-000878,2026-09-03T19:16:44.421153+00:00,GET,/api/v1/shipments/SHP-0001,200,320,SELLER-402,
REQ-000879,2026-09-03T17:02:07.421153+00:00,PATCH,/api/v1/shipments/SHP-0001/status,200,91,SELLER-301,
REQ-000880,2026-09-06T13:44:21.421153+00:00,GET,/api/v1/limits,200,155,SELLER-347,
REQ-000881,2026-09-05T03:57:36.421153+00:00,GET,/api/v1/warehouses,200,60,SELLER-488,
REQ-000882,2026-09-02T23:00:13.421153+00:00,PATCH,/api/v1/shipments/SHP-0001/status,200,251,SELLER-352,
REQ-000883,2026-09-06T15:38:38.421153+00:00,POST,/api/v1/shipments,201,285,SELLER-004,
REQ-000884,2026-09-06T01:50:01.421153+00:00,GET,/api/v1/health,200,160,SELLER-343,
REQ-000885,2026-09-01T05:21:40.421153+00:00,PATCH,/api/v1/shipments/SHP-0001/status,404,244,SELLER-053,RESOURCE_NOT_FOUND
REQ-000886,2026-09-05T16:17:43.421153+00:00,GET,/api/v1/carriers,200,305,SELLER-369,
REQ-000887,2026-09-04T04:13:15.421153+00:00,GET,/api/v1/carriers,200,57,SELLER-318,
REQ-000888,2026-09-05T00:28:17.421153+00:00,GET,/api/v1/limits,429,71,SELLER-221,RATE_LIMIT_EXCEEDED
REQ-000889,2026-09-05T09:27:54.421153+00:00,POST,/api/v1/shipments,400,149,SELLER-450,INVALID_STATE_TRANSITION
REQ-000890,2026-09-03T04:19:37.421153+00:00,GET,/api/v1/shipments/SHP-0001,200,205,SELLER-181,
REQ-000891,2026-09-04T11:10:01.421153+00:00,GET,/api/v1/health,200,274,SELLER-457,
REQ-000892,2026-09-05T23:30:58.421153+00:00,GET,/api/v1/warehouses,200,217,SELLER-157,
REQ-000893,2026-09-05T03:08:14.421153+00:00,POST,/api/v1/events,404,187,SELLER-161,RESOURCE_NOT_FOUND
REQ-000894,2026-09-08T02:01:23.421153+00:00,GET,/api/v1/shipments/SHP-0001,200,148,SELLER-066,
REQ-000895,2026-09-04T12:58:24.421153+00:00,GET,/api/v1/inventory/SKU-1001,403,268,SELLER-341,INTERNAL_SERVER_ERROR
REQ-000896,2026-09-07T16:23:07.421153+00:00,POST,/api/v1/shipments,201,198,SELLER-033,
REQ-000897,2026-09-05T13:18:26.421153+00:00,GET,/api/v1/shipments/SHP-0001,200,168,SELLER-471,
REQ-000898,2026-09-06T15:30:58.421153+00:00,GET,/api/v1/warehouses,200,203,SELLER-459,
REQ-000899,2026-09-04T18:36:28.421153+00:00,POST,/api/v1/shipments,201,228,SELLER-439,
REQ-000900,2026-09-03T19:08:05.421153+00:00,GET,/api/v1/inventory/SKU-1001,200,143,SELLER-175,
REQ-000901,2026-09-03T00:49:42.421153+00:00,GET,/api/v1/warehouses,200,89,SELLER-288,
REQ-000902,2026-09-03T22:48:48.421153+00:00,POST,/api/v1/shipments,201,90,SELLER-088,
REQ-000903,2026-09-04T16:37:59.421153+00:00,GET,/api/v1/health,403,299,SELLER-234,INTERNAL_SERVER_ERROR
REQ-000904,2026-09-07T21:52:21.421153+00:00,POST,/api/v1/events,201,242,SELLER-102,
REQ-000905,2026-09-05T08:43:15.421153+00:00,GET,/api/v1/carriers,422,95,SELLER-282,VALIDATION_ERROR
REQ-000906,2026-09-05T23:16:54.421153+00:00,GET,/api/v1/health,429,58,SELLER-452,RATE_LIMIT_EXCEEDED
REQ-000907,2026-09-06T10:26:11.421153+00:00,GET,/api/v1/health,200,114,SELLER-084,
REQ-000908,2026-09-06T07:27:43.421153+00:00,GET,/api/v1/limits,200,229,SELLER-369,
REQ-000909,2026-09-04T03:20:06.421153+00:00,GET,/api/v1/inventory/SKU-1001,200,198,SELLER-338,
REQ-000910,2026-09-02T02:39:52.421153+00:00,GET,/api/v1/limits,200,293,SELLER-297,
REQ-000911,2026-09-05T11:31:11.421153+00:00,GET,/api/v1/limits,200,249,SELLER-055,
REQ-000912,2026-09-03T02:26:04.421153+00:00,GET,/api/v1/health,200,53,SELLER-205,
REQ-000913,2026-09-07T16:25:35.421153+00:00,GET,/api/v1/limits,200,96,SELLER-285,
REQ-000914,2026-09-05T08:47:29.421153+00:00,GET,/api/v1/inventory/SKU-1001,200,73,SELLER-053,
REQ-000915,2026-09-04T03:43:38.421153+00:00,POST,/api/v1/shipments,201,141,SELLER-225,
REQ-000916,2026-09-01T18:34:39.421153+00:00,GET,/api/v1/carriers,200,271,SELLER-482,
REQ-000917,2026-09-04T08:03:25.421153+00:00,POST,/api/v1/shipments,201,289,SELLER-271,
REQ-000918,2026-09-03T06:37:03.421153+00:00,GET,/api/v1/shipments/SHP-0001,200,260,SELLER-066,
REQ-000919,2026-09-04T13:12:52.421153+00:00,GET,/api/v1/health,400,232,SELLER-387,INVALID_STATE_TRANSITION
REQ-000920,2026-09-02T06:17:40.421153+00:00,GET,/api/v1/shipments/SHP-0001,200,199,SELLER-469,
REQ-000921,2026-09-04T00:55:32.421153+00:00,POST,/api/v1/events,429,335,SELLER-409,RATE_LIMIT_EXCEEDED
REQ-000922,2026-09-01T12:01:13.421153+00:00,GET,/api/v1/shipments/SHP-0001,200,272,SELLER-190,
REQ-000923,2026-09-06T17:15:37.421153+00:00,GET,/api/v1/inventory/SKU-1001,200,322,SELLER-099,
REQ-000924,2026-09-07T11:08:34.421153+00:00,GET,/api/v1/carriers,200,63,SELLER-129,
REQ-000925,2026-09-02T10:38:43.421153+00:00,POST,/api/v1/shipments,201,158,SELLER-198,
REQ-000926,2026-09-04T12:50:16.421153+00:00,POST,/api/v1/events,201,292,SELLER-045,
REQ-000927,2026-09-02T11:17:17.421153+00:00,GET,/api/v1/inventory/SKU-1001,403,25,SELLER-087,INTERNAL_SERVER_ERROR
REQ-000928,2026-09-02T10:10:01.421153+00:00,GET,/api/v1/health,200,245,SELLER-379,
REQ-000929,2026-09-04T12:02:02.421153+00:00,POST,/api/v1/shipments,201,108,SELLER-051,
REQ-000930,2026-09-03T11:39:35.421153+00:00,GET,/api/v1/shipments/SHP-0001,200,270,SELLER-450,
REQ-000931,2026-09-01T06:24:28.421153+00:00,GET,/api/v1/inventory/SKU-1001,200,300,SELLER-326,
REQ-000932,2026-09-06T03:58:42.421153+00:00,POST,/api/v1/shipments,201,65,SELLER-116,
REQ-000933,2026-09-05T08:53:33.421153+00:00,GET,/api/v1/inventory/SKU-1001,200,328,SELLER-063,
REQ-000934,2026-09-06T23:21:26.421153+00:00,GET,/api/v1/health,200,238,SELLER-059,
REQ-000935,2026-09-05T19:39:30.421153+00:00,POST,/api/v1/events,500,159,SELLER-041,INTERNAL_SERVER_ERROR
REQ-000936,2026-09-03T08:10:55.421153+00:00,POST,/api/v1/events,201,176,SELLER-101,
REQ-000937,2026-09-05T13:03:56.421153+00:00,GET,/api/v1/warehouses,200,149,SELLER-385,
REQ-000938,2026-09-02T20:53:50.421153+00:00,GET,/api/v1/health,200,285,SELLER-347,
REQ-000939,2026-09-07T06:31:36.421153+00:00,POST,/api/v1/shipments,201,317,SELLER-100,
REQ-000940,2026-09-03T01:26:50.421153+00:00,GET,/api/v1/health,200,176,SELLER-418,
REQ-000941,2026-09-02T11:26:17.421153+00:00,POST,/api/v1/events,201,212,SELLER-307,
REQ-000942,2026-09-03T14:53:20.421153+00:00,GET,/api/v1/limits,200,266,SELLER-009,
REQ-000943,2026-09-04T21:26:04.421153+00:00,GET,/api/v1/shipments/SHP-0001,200,295,SELLER-386,
REQ-000944,2026-09-03T05:35:56.421153+00:00,POST,/api/v1/shipments,429,266,SELLER-123,RATE_LIMIT_EXCEEDED
REQ-000945,2026-09-04T12:57:21.421153+00:00,POST,/api/v1/events,201,219,SELLER-360,
REQ-000946,2026-09-06T00:15:52.421153+00:00,GET,/api/v1/health,200,46,SELLER-401,
REQ-000947,2026-09-05T13:13:08.421153+00:00,POST,/api/v1/shipments,201,83,SELLER-089,
REQ-000948,2026-09-07T05:40:19.421153+00:00,GET,/api/v1/carriers,200,188,SELLER-101,
REQ-000949,2026-09-04T21:26:17.421153+00:00,GET,/api/v1/inventory/SKU-1001,200,253,SELLER-490,
REQ-000950,2026-09-02T15:00:35.421153+00:00,POST,/api/v1/shipments,201,175,SELLER-419,
REQ-000951,2026-09-07T03:07:24.421153+00:00,POST,/api/v1/shipments,201,163,SELLER-290,
REQ-000952,2026-09-05T06:28:25.421153+00:00,GET,/api/v1/carriers,200,275,SELLER-097,
REQ-000953,2026-09-07T21:07:04.421153+00:00,GET,/api/v1/health,200,148,SELLER-058,
REQ-000954,2026-09-06T00:45:52.421153+00:00,POST,/api/v1/events,201,177,SELLER-042,
REQ-000955,2026-09-04T20:06:50.421153+00:00,GET,/api/v1/warehouses,200,144,SELLER-439,
REQ-000956,2026-09-03T08:25:49.421153+00:00,GET,/api/v1/carriers,403,112,SELLER-325,INTERNAL_SERVER_ERROR
REQ-000957,2026-09-08T01:17:49.421153+00:00,GET,/api/v1/limits,200,69,SELLER-422,
REQ-000958,2026-09-07T02:38:41.421153+00:00,PATCH,/api/v1/shipments/SHP-0001/status,429,147,SELLER-169,RATE_LIMIT_EXCEEDED
REQ-000959,2026-09-08T00:42:27.421153+00:00,GET,/api/v1/limits,200,64,SELLER-308,
REQ-000960,2026-09-05T01:39:51.421153+00:00,POST,/api/v1/events,201,165,SELLER-348,
REQ-000961,2026-09-03T00:12:58.421153+00:00,GET,/api/v1/limits,200,258,SELLER-235,
REQ-000962,2026-09-01T11:10:16.421153+00:00,PATCH,/api/v1/shipments/SHP-0001/status,422,144,SELLER-413,VALIDATION_ERROR
REQ-000963,2026-09-04T10:03:14.421153+00:00,GET,/api/v1/carriers,200,97,SELLER-269,
REQ-000964,2026-09-01T09:35:43.421153+00:00,GET,/api/v1/inventory/SKU-1001,200,160,SELLER-444,
REQ-000965,2026-09-01T07:40:26.421153+00:00,POST,/api/v1/shipments,404,210,SELLER-007,RESOURCE_NOT_FOUND
REQ-000966,2026-09-07T04:19:50.421153+00:00,GET,/api/v1/limits,200,216,SELLER-138,
REQ-000967,2026-09-07T08:24:02.421153+00:00,POST,/api/v1/shipments,201,77,SELLER-484,
REQ-000968,2026-09-01T19:36:32.421153+00:00,GET,/api/v1/carriers,200,27,SELLER-094,
REQ-000969,2026-09-03T20:00:42.421153+00:00,GET,/api/v1/health,200,130,SELLER-079,
REQ-000970,2026-09-03T08:15:10.421153+00:00,GET,/api/v1/limits,200,174,SELLER-423,
REQ-000971,2026-09-06T00:55:02.421153+00:00,PATCH,/api/v1/shipments/SHP-0001/status,200,266,SELLER-278,
REQ-000972,2026-09-05T11:01:48.421153+00:00,PATCH,/api/v1/shipments/SHP-0001/status,200,262,SELLER-039,
REQ-000973,2026-09-06T16:08:33.421153+00:00,GET,/api/v1/inventory/SKU-1001,200,263,SELLER-063,
REQ-000974,2026-09-05T04:06:34.421153+00:00,GET,/api/v1/health,200,135,SELLER-117,
REQ-000975,2026-09-07T17:20:47.421153+00:00,GET,/api/v1/health,200,207,SELLER-022,
REQ-000976,2026-09-05T22:42:27.421153+00:00,GET,/api/v1/carriers,200,71,SELLER-270,
REQ-000977,2026-09-04T02:11:13.421153+00:00,GET,/api/v1/warehouses,200,326,SELLER-275,
REQ-000978,2026-09-03T02:54:15.421153+00:00,PATCH,/api/v1/shipments/SHP-0001/status,200,311,SELLER-097,
REQ-000979,2026-09-06T04:16:03.421153+00:00,GET,/api/v1/carriers,403,310,SELLER-226,INTERNAL_SERVER_ERROR
REQ-000980,2026-09-06T22:58:38.421153+00:00,GET,/api/v1/shipments/SHP-0001,200,292,SELLER-107,
REQ-000981,2026-09-01T19:15:45.421153+00:00,POST,/api/v1/shipments,403,111,SELLER-195,INTERNAL_SERVER_ERROR
REQ-000982,2026-09-04T05:35:45.421153+00:00,GET,/api/v1/warehouses,200,53,SELLER-305,
REQ-000983,2026-09-07T20:04:23.421153+00:00,POST,/api/v1/events,201,308,SELLER-249,
REQ-000984,2026-09-07T12:07:47.421153+00:00,GET,/api/v1/warehouses,200,88,SELLER-280,
REQ-000985,2026-09-05T00:46:06.421153+00:00,GET,/api/v1/health,200,341,SELLER-107,
REQ-000986,2026-09-02T08:40:15.421153+00:00,GET,/api/v1/carriers,200,291,SELLER-336,
REQ-000987,2026-09-01T09:38:08.421153+00:00,GET,/api/v1/carriers,200,78,SELLER-045,
REQ-000988,2026-09-07T03:40:24.421153+00:00,GET,/api/v1/inventory/SKU-1001,200,134,SELLER-474,
REQ-000989,2026-09-01T06:11:55.421153+00:00,PATCH,/api/v1/shipments/SHP-0001/status,200,285,SELLER-360,
REQ-000990,2026-09-02T09:23:51.421153+00:00,POST,/api/v1/events,201,205,SELLER-073,
REQ-000991,2026-09-06T20:59:20.421153+00:00,GET,/api/v1/limits,200,313,SELLER-120,
REQ-000992,2026-09-01T23:01:50.421153+00:00,GET,/api/v1/shipments/SHP-0001,200,19,SELLER-423,
REQ-000993,2026-09-01T21:24:54.421153+00:00,PATCH,/api/v1/shipments/SHP-0001/status,200,162,SELLER-058,
REQ-000994,2026-09-02T08:07:24.421153+00:00,POST,/api/v1/events,201,44,SELLER-220,
REQ-000995,2026-09-07T22:35:39.421153+00:00,PATCH,/api/v1/shipments/SHP-0001/status,200,293,SELLER-378,
REQ-000996,2026-09-06T23:43:10.421153+00:00,GET,/api/v1/inventory/SKU-1001,403,340,SELLER-279,INTERNAL_SERVER_ERROR
REQ-000997,2026-09-06T21:56:56.421153+00:00,POST,/api/v1/events,201,67,SELLER-179,
REQ-000998,2026-09-06T10:25:15.421153+00:00,PATCH,/api/v1/shipments/SHP-0001/status,200,346,SELLER-361,
REQ-000999,2026-09-03T04:34:37.421153+00:00,POST,/api/v1/shipments,201,220,SELLER-216,
REQ-001000,2026-09-01T17:51:13.421153+00:00,GET,/api/v1/limits,429,116,SELLER-227,RATE_LIMIT_EXCEEDED
REQ-001001,2026-09-08T00:19:34.421153+00:00,GET,/api/v1/carriers,200,301,SELLER-223,
REQ-001002,2026-09-03T08:09:48.421153+00:00,POST,/api/v1/events,400,306,SELLER-105,INVALID_STATE_TRANSITION
REQ-001003,2026-09-04T14:25:09.421153+00:00,GET,/api/v1/health,200,46,SELLER-280,
REQ-001004,2026-09-02T01:09:40.421153+00:00,GET,/api/v1/carriers,200,348,SELLER-342,
REQ-001005,2026-09-07T01:46:17.421153+00:00,POST,/api/v1/events,201,121,SELLER-174,
REQ-001006,2026-09-07T15:40:10.421153+00:00,POST,/api/v1/shipments,500,101,SELLER-006,INTERNAL_SERVER_ERROR
REQ-001007,2026-09-07T04:12:06.421153+00:00,GET,/api/v1/warehouses,200,348,SELLER-397,
REQ-001008,2026-09-01T10:46:30.421153+00:00,GET,/api/v1/carriers,200,60,SELLER-135,
REQ-001009,2026-09-06T14:22:48.421153+00:00,POST,/api/v1/shipments,201,155,SELLER-500,
REQ-001010,2026-09-03T07:47:35.421153+00:00,GET,/api/v1/limits,422,154,SELLER-110,VALIDATION_ERROR
REQ-001011,2026-09-05T11:01:50.421153+00:00,GET,/api/v1/carriers,200,226,SELLER-016,
REQ-001012,2026-09-01T22:42:55.421153+00:00,GET,/api/v1/health,200,342,SELLER-056,
REQ-001013,2026-09-07T01:15:16.421153+00:00,GET,/api/v1/warehouses,200,126,SELLER-380,
REQ-001014,2026-09-06T20:34:23.421153+00:00,PATCH,/api/v1/shipments/SHP-0001/status,200,100,SELLER-089,
REQ-001015,2026-09-07T10:38:28.421153+00:00,POST,/api/v1/shipments,201,304,SELLER-276,
REQ-001016,2026-09-01T11:51:09.421153+00:00,POST,/api/v1/shipments,500,348,SELLER-465,INTERNAL_SERVER_ERROR
REQ-001017,2026-09-06T19:25:27.421153+00:00,GET,/api/v1/shipments/SHP-0001,200,157,SELLER-491,
REQ-001018,2026-09-06T03:40:51.421153+00:00,GET,/api/v1/limits,404,79,SELLER-275,RESOURCE_NOT_FOUND
REQ-001019,2026-09-07T00:19:49.421153+00:00,POST,/api/v1/events,201,137,SELLER-141,
REQ-001020,2026-09-07T15:56:54.421153+00:00,GET,/api/v1/carriers,200,317,SELLER-394,
REQ-001021,2026-09-03T03:53:21.421153+00:00,GET,/api/v1/inventory/SKU-1001,200,139,SELLER-267,
REQ-001022,2026-09-01T22:19:06.421153+00:00,PATCH,/api/v1/shipments/SHP-0001/status,200,81,SELLER-293,
REQ-001023,2026-09-02T00:45:43.421153+00:00,POST,/api/v1/shipments,201,213,SELLER-206,
REQ-001024,2026-09-02T11:04:40.421153+00:00,GET,/api/v1/inventory/SKU-1001,403,197,SELLER-252,INTERNAL_SERVER_ERROR
REQ-001025,2026-09-03T02:47:16.421153+00:00,GET,/api/v1/health,200,136,SELLER-108,
REQ-001026,2026-09-05T22:48:46.421153+00:00,POST,/api/v1/events,201,332,SELLER-225,
REQ-001027,2026-09-04T17:07:34.421153+00:00,GET,/api/v1/limits,200,335,SELLER-172,
REQ-001028,2026-09-03T19:38:54.421153+00:00,POST,/api/v1/shipments,201,135,SELLER-137,
REQ-001029,2026-09-07T07:30:10.421153+00:00,POST,/api/v1/events,201,36,SELLER-428,
REQ-001030,2026-09-05T01:46:10.421153+00:00,GET,/api/v1/shipments/SHP-0001,200,80,SELLER-493,
REQ-001031,2026-09-05T10:05:30.421153+00:00,POST,/api/v1/events,201,31,SELLER-202,
REQ-001032,2026-09-04T04:06:57.421153+00:00,POST,/api/v1/shipments,201,30,SELLER-428,
REQ-001033,2026-09-07T06:18:45.421153+00:00,GET,/api/v1/inventory/SKU-1001,200,187,SELLER-341,
REQ-001034,2026-09-06T05:02:38.421153+00:00,GET,/api/v1/carriers,200,131,SELLER-068,
REQ-001035,2026-09-02T16:06:00.421153+00:00,PATCH,/api/v1/shipments/SHP-0001/status,200,323,SELLER-370,
REQ-001036,2026-09-07T01:36:50.421153+00:00,GET,/api/v1/inventory/SKU-1001,200,204,SELLER-496,
REQ-001037,2026-09-03T20:00:09.421153+00:00,GET,/api/v1/warehouses,200,138,SELLER-396,
REQ-001038,2026-09-02T00:33:11.421153+00:00,GET,/api/v1/health,200,101,SELLER-113,
REQ-001039,2026-09-06T11:24:50.421153+00:00,POST,/api/v1/shipments,201,72,SELLER-479,
REQ-001040,2026-09-06T20:22:20.421153+00:00,GET,/api/v1/health,200,342,SELLER-203,
REQ-001041,2026-09-07T07:26:00.421153+00:00,GET,/api/v1/shipments/SHP-0001,200,255,SELLER-373,
REQ-001042,2026-09-02T03:47:01.421153+00:00,POST,/api/v1/shipments,201,293,SELLER-346,
REQ-001043,2026-09-06T04:11:37.421153+00:00,GET,/api/v1/shipments/SHP-0001,200,208,SELLER-292,
REQ-001044,2026-09-04T10:06:27.421153+00:00,GET,/api/v1/carriers,403,344,SELLER-437,INTERNAL_SERVER_ERROR
REQ-001045,2026-09-05T19:34:05.421153+00:00,GET,/api/v1/inventory/SKU-1001,200,261,SELLER-085,
REQ-001046,2026-09-02T17:38:41.421153+00:00,GET,/api/v1/warehouses,200,242,SELLER-068,
REQ-001047,2026-09-06T13:19:49.421153+00:00,POST,/api/v1/shipments,201,274,SELLER-092,
REQ-001048,2026-09-02T14:51:42.421153+00:00,GET,/api/v1/health,200,246,SELLER-033,
REQ-001049,2026-09-06T12:15:16.421153+00:00,GET,/api/v1/carriers,200,187,SELLER-205,
REQ-001050,2026-09-07T22:37:12.421153+00:00,GET,/api/v1/warehouses,200,226,SELLER-383,
REQ-001051,2026-09-04T09:08:18.421153+00:00,GET,/api/v1/shipments/SHP-0001,200,125,SELLER-478,
REQ-001052,2026-09-08T03:38:15.421153+00:00,GET,/api/v1/limits,200,130,SELLER-043,
REQ-001053,2026-09-05T00:02:07.421153+00:00,GET,/api/v1/health,200,318,SELLER-452,
REQ-001054,2026-09-07T09:45:17.421153+00:00,GET,/api/v1/limits,200,332,SELLER-354,
REQ-001055,2026-09-01T21:41:40.421153+00:00,POST,/api/v1/shipments,201,91,SELLER-474,
REQ-001056,2026-09-07T22:14:34.421153+00:00,GET,/api/v1/limits,200,99,SELLER-444,
REQ-001057,2026-09-01T17:32:00.421153+00:00,POST,/api/v1/events,201,97,SELLER-467,
REQ-001058,2026-09-04T01:01:31.421153+00:00,GET,/api/v1/carriers,200,146,SELLER-436,
REQ-001059,2026-09-01T04:40:44.421153+00:00,GET,/api/v1/shipments/SHP-0001,200,99,SELLER-038,
REQ-001060,2026-09-08T00:16:04.421153+00:00,GET,/api/v1/carriers,400,80,SELLER-324,INVALID_STATE_TRANSITION
REQ-001061,2026-09-02T23:40:37.421153+00:00,PATCH,/api/v1/shipments/SHP-0001/status,200,282,SELLER-314,
REQ-001062,2026-09-06T17:55:10.421153+00:00,GET,/api/v1/carriers,200,12,SELLER-306,
REQ-001063,2026-09-03T07:03:18.421153+00:00,GET,/api/v1/health,200,226,SELLER-077,
REQ-001064,2026-09-03T20:57:31.421153+00:00,GET,/api/v1/carriers,200,38,SELLER-007,
REQ-001065,2026-09-03T15:41:32.421153+00:00,PATCH,/api/v1/shipments/SHP-0001/status,200,99,SELLER-166,
REQ-001066,2026-09-02T15:16:35.421153+00:00,PATCH,/api/v1/shipments/SHP-0001/status,200,84,SELLER-021,
REQ-001067,2026-09-02T20:31:33.421153+00:00,POST,/api/v1/events,201,78,SELLER-248,
REQ-001068,2026-09-07T14:07:55.421153+00:00,GET,/api/v1/warehouses,404,219,SELLER-138,RESOURCE_NOT_FOUND
REQ-001069,2026-09-07T07:04:03.421153+00:00,GET,/api/v1/limits,200,92,SELLER-354,
REQ-001070,2026-09-01T11:41:01.421153+00:00,POST,/api/v1/events,201,337,SELLER-087,
REQ-001071,2026-09-03T07:17:07.421153+00:00,POST,/api/v1/shipments,201,249,SELLER-363,
REQ-001072,2026-09-04T10:29:26.421153+00:00,POST,/api/v1/shipments,422,173,SELLER-096,VALIDATION_ERROR
REQ-001073,2026-09-03T05:50:03.421153+00:00,POST,/api/v1/shipments,201,233,SELLER-319,
REQ-001074,2026-09-06T17:30:42.421153+00:00,PATCH,/api/v1/shipments/SHP-0001/status,200,294,SELLER-349,
REQ-001075,2026-09-03T03:18:11.421153+00:00,GET,/api/v1/health,200,181,SELLER-270,
REQ-001076,2026-09-07T02:59:40.421153+00:00,GET,/api/v1/carriers,200,160,SELLER-228,
REQ-001077,2026-09-01T19:35:31.421153+00:00,GET,/api/v1/warehouses,200,50,SELLER-197,
REQ-001078,2026-09-04T10:00:41.421153+00:00,GET,/api/v1/limits,500,325,SELLER-466,INTERNAL_SERVER_ERROR
REQ-001079,2026-09-05T08:35:35.421153+00:00,GET,/api/v1/limits,200,225,SELLER-074,
REQ-001080,2026-09-06T04:09:29.421153+00:00,POST,/api/v1/shipments,201,181,SELLER-494,
REQ-001081,2026-09-02T14:37:07.421153+00:00,GET,/api/v1/carriers,200,86,SELLER-266,
REQ-001082,2026-09-07T15:14:18.421153+00:00,GET,/api/v1/carriers,200,102,SELLER-312,
REQ-001083,2026-09-05T22:03:09.421153+00:00,POST,/api/v1/shipments,201,334,SELLER-498,
REQ-001084,2026-09-05T06:32:29.421153+00:00,GET,/api/v1/warehouses,200,243,SELLER-344,
REQ-001085,2026-09-05T04:07:51.421153+00:00,GET,/api/v1/limits,500,151,SELLER-452,INTERNAL_SERVER_ERROR
REQ-001086,2026-09-04T00:18:23.421153+00:00,PATCH,/api/v1/shipments/SHP-0001/status,200,235,SELLER-469,
REQ-001087,2026-09-06T05:45:30.421153+00:00,GET,/api/v1/shipments/SHP-0001,200,105,SELLER-094,
REQ-001088,2026-09-01T13:42:00.421153+00:00,GET,/api/v1/carriers,200,350,SELLER-345,
REQ-001089,2026-09-02T00:02:13.421153+00:00,GET,/api/v1/limits,200,317,SELLER-112,
REQ-001090,2026-09-04T08:36:30.421153+00:00,GET,/api/v1/carriers,200,326,SELLER-075,
REQ-001091,2026-09-04T05:41:05.421153+00:00,POST,/api/v1/shipments,201,194,SELLER-144,
REQ-001092,2026-09-01T21:37:59.421153+00:00,PATCH,/api/v1/shipments/SHP-0001/status,200,193,SELLER-350,
REQ-001093,2026-09-03T15:06:30.421153+00:00,GET,/api/v1/health,200,277,SELLER-262,
REQ-001094,2026-09-06T15:52:04.421153+00:00,POST,/api/v1/shipments,201,205,SELLER-128,
REQ-001095,2026-09-07T20:02:31.421153+00:00,GET,/api/v1/shipments/SHP-0001,200,255,SELLER-117,
REQ-001096,2026-09-04T16:55:14.421153+00:00,GET,/api/v1/inventory/SKU-1001,401,33,SELLER-419,MISSING_API_KEY
REQ-001097,2026-09-01T06:54:02.421153+00:00,PATCH,/api/v1/shipments/SHP-0001/status,200,93,SELLER-446,
REQ-001098,2026-09-06T17:06:33.421153+00:00,POST,/api/v1/events,201,298,SELLER-408,
REQ-001099,2026-09-05T13:08:38.421153+00:00,POST,/api/v1/events,201,64,SELLER-378,
REQ-001100,2026-09-04T23:46:31.421153+00:00,POST,/api/v1/shipments,401,262,SELLER-248,MISSING_API_KEY
REQ-001101,2026-09-01T10:21:16.421153+00:00,GET,/api/v1/carriers,200,131,SELLER-094,
REQ-001102,2026-09-01T20:09:50.421153+00:00,POST,/api/v1/shipments,201,16,SELLER-112,
REQ-001103,2026-09-02T06:20:45.421153+00:00,POST,/api/v1/shipments,400,68,SELLER-026,INVALID_STATE_TRANSITION
REQ-001104,2026-09-07T23:11:31.421153+00:00,PATCH,/api/v1/shipments/SHP-0001/status,400,98,SELLER-102,INVALID_STATE_TRANSITION
REQ-001105,2026-09-07T14:40:09.421153+00:00,GET,/api/v1/limits,200,258,SELLER-172,
REQ-001106,2026-09-04T16:53:46.421153+00:00,GET,/api/v1/shipments/SHP-0001,200,65,SELLER-298,
REQ-001107,2026-09-06T08:16:04.421153+00:00,PATCH,/api/v1/shipments/SHP-0001/status,200,199,SELLER-029,
REQ-001108,2026-09-05T23:05:25.421153+00:00,GET,/api/v1/shipments/SHP-0001,200,102,SELLER-444,
REQ-001109,2026-09-05T11:46:10.421153+00:00,PATCH,/api/v1/shipments/SHP-0001/status,200,199,SELLER-114,
REQ-001110,2026-09-07T00:49:49.421153+00:00,GET,/api/v1/limits,200,37,SELLER-487,
REQ-001111,2026-09-05T00:46:18.421153+00:00,GET,/api/v1/shipments/SHP-0001,200,166,SELLER-484,
REQ-001112,2026-09-01T19:16:42.421153+00:00,PATCH,/api/v1/shipments/SHP-0001/status,200,196,SELLER-103,
REQ-001113,2026-09-07T11:51:16.421153+00:00,PATCH,/api/v1/shipments/SHP-0001/status,200,128,SELLER-357,
REQ-001114,2026-09-07T14:44:56.421153+00:00,GET,/api/v1/inventory/SKU-1001,200,258,SELLER-131,
REQ-001115,2026-09-03T18:48:04.421153+00:00,POST,/api/v1/events,201,104,SELLER-078,
REQ-001116,2026-09-05T22:28:59.421153+00:00,GET,/api/v1/warehouses,404,219,SELLER-093,RESOURCE_NOT_FOUND
REQ-001117,2026-09-07T09:05:17.421153+00:00,GET,/api/v1/warehouses,200,148,SELLER-460,
REQ-001118,2026-09-01T11:01:49.421153+00:00,POST,/api/v1/shipments,403,19,SELLER-115,INTERNAL_SERVER_ERROR
REQ-001119,2026-09-01T15:55:30.421153+00:00,GET,/api/v1/shipments/SHP-0001,200,46,SELLER-032,
REQ-001120,2026-09-01T11:52:49.421153+00:00,GET,/api/v1/health,200,232,SELLER-024,
REQ-001121,2026-09-04T03:29:42.421153+00:00,GET,/api/v1/warehouses,200,17,SELLER-056,
REQ-001122,2026-09-05T09:48:41.421153+00:00,GET,/api/v1/carriers,200,28,SELLER-416,
REQ-001123,2026-09-05T16:24:09.421153+00:00,POST,/api/v1/shipments,201,148,SELLER-105,
REQ-001124,2026-09-05T10:16:13.421153+00:00,GET,/api/v1/carriers,200,267,SELLER-183,
REQ-001125,2026-09-07T20:31:58.421153+00:00,GET,/api/v1/shipments/SHP-0001,200,74,SELLER-480,
REQ-001126,2026-09-03T07:52:04.421153+00:00,GET,/api/v1/warehouses,200,289,SELLER-058,
REQ-001127,2026-09-02T04:45:56.421153+00:00,GET,/api/v1/inventory/SKU-1001,200,348,SELLER-376,
REQ-001128,2026-09-08T01:32:20.421153+00:00,GET,/api/v1/carriers,401,306,SELLER-238,MISSING_API_KEY
REQ-001129,2026-09-05T09:02:07.421153+00:00,GET,/api/v1/shipments/SHP-0001,200,349,SELLER-422,
REQ-001130,2026-09-02T23:53:24.421153+00:00,GET,/api/v1/health,200,294,SELLER-199,
REQ-001131,2026-09-04T20:21:52.421153+00:00,GET,/api/v1/limits,200,343,SELLER-268,
REQ-001132,2026-09-06T07:46:59.421153+00:00,GET,/api/v1/shipments/SHP-0001,200,77,SELLER-096,
REQ-001133,2026-09-02T13:52:08.421153+00:00,POST,/api/v1/events,201,113,SELLER-073,
REQ-001134,2026-09-04T00:29:06.421153+00:00,GET,/api/v1/warehouses,200,336,SELLER-061,
REQ-001135,2026-09-06T19:14:39.421153+00:00,GET,/api/v1/shipments/SHP-0001,200,332,SELLER-392,
REQ-001136,2026-09-08T00:52:57.421153+00:00,GET,/api/v1/inventory/SKU-1001,200,129,SELLER-185,
REQ-001137,2026-09-04T09:55:27.421153+00:00,GET,/api/v1/warehouses,200,26,SELLER-164,
REQ-001138,2026-09-05T20:44:07.421153+00:00,GET,/api/v1/warehouses,200,133,SELLER-045,
REQ-001139,2026-09-03T09:23:49.421153+00:00,GET,/api/v1/limits,500,239,SELLER-391,INTERNAL_SERVER_ERROR
REQ-001140,2026-09-02T20:50:01.421153+00:00,POST,/api/v1/events,201,231,SELLER-216,
REQ-001141,2026-09-01T16:50:58.421153+00:00,GET,/api/v1/shipments/SHP-0001,200,297,SELLER-398,
REQ-001142,2026-09-04T18:53:30.421153+00:00,GET,/api/v1/warehouses,200,253,SELLER-020,
REQ-001143,2026-09-07T03:54:09.421153+00:00,GET,/api/v1/health,200,319,SELLER-299,
REQ-001144,2026-09-08T00:17:03.421153+00:00,GET,/api/v1/limits,200,209,SELLER-081,
REQ-001145,2026-09-06T04:48:30.421153+00:00,GET,/api/v1/limits,200,267,SELLER-112,
REQ-001146,2026-09-03T14:01:03.421153+00:00,GET,/api/v1/carriers,200,328,SELLER-283,
REQ-001147,2026-09-05T08:12:58.421153+00:00,GET,/api/v1/limits,200,91,SELLER-408,
REQ-001148,2026-09-07T09:24:29.421153+00:00,GET,/api/v1/limits,200,41,SELLER-336,
REQ-001149,2026-09-03T03:25:37.421153+00:00,POST,/api/v1/events,201,194,SELLER-371,
REQ-001150,2026-09-07T22:33:38.421153+00:00,GET,/api/v1/inventory/SKU-1001,200,27,SELLER-361,
REQ-001151,2026-09-05T03:41:37.421153+00:00,GET,/api/v1/shipments/SHP-0001,200,125,SELLER-172,
REQ-001152,2026-09-01T23:12:26.421153+00:00,GET,/api/v1/carriers,403,111,SELLER-434,INTERNAL_SERVER_ERROR
REQ-001153,2026-09-01T23:46:09.421153+00:00,PATCH,/api/v1/shipments/SHP-0001/status,200,166,SELLER-171,
REQ-001154,2026-09-05T07:00:18.421153+00:00,GET,/api/v1/health,200,50,SELLER-121,
REQ-001155,2026-09-03T10:20:59.421153+00:00,GET,/api/v1/shipments/SHP-0001,200,334,SELLER-041,
REQ-001156,2026-09-04T04:02:49.421153+00:00,GET,/api/v1/health,200,65,SELLER-232,
REQ-001157,2026-09-06T08:51:17.421153+00:00,PATCH,/api/v1/shipments/SHP-0001/status,200,344,SELLER-096,
REQ-001158,2026-09-07T10:07:03.421153+00:00,GET,/api/v1/inventory/SKU-1001,200,348,SELLER-202,
REQ-001159,2026-09-02T14:31:16.421153+00:00,POST,/api/v1/shipments,201,303,SELLER-474,
REQ-001160,2026-09-06T01:09:39.421153+00:00,GET,/api/v1/warehouses,400,64,SELLER-276,INVALID_STATE_TRANSITION
REQ-001161,2026-09-01T09:42:15.421153+00:00,GET,/api/v1/shipments/SHP-0001,200,260,SELLER-173,
REQ-001162,2026-09-05T11:36:36.421153+00:00,PATCH,/api/v1/shipments/SHP-0001/status,200,167,SELLER-280,
REQ-001163,2026-09-02T14:38:15.421153+00:00,POST,/api/v1/events,201,342,SELLER-390,
REQ-001164,2026-09-01T16:26:27.421153+00:00,GET,/api/v1/inventory/SKU-1001,200,283,SELLER-057,
REQ-001165,2026-09-01T18:36:57.421153+00:00,GET,/api/v1/shipments/SHP-0001,200,336,SELLER-276,
REQ-001166,2026-09-03T13:02:59.421153+00:00,POST,/api/v1/shipments,201,19,SELLER-060,
REQ-001167,2026-09-04T18:26:24.421153+00:00,GET,/api/v1/inventory/SKU-1001,403,256,SELLER-238,INTERNAL_SERVER_ERROR
REQ-001168,2026-09-06T19:51:33.421153+00:00,GET,/api/v1/limits,200,43,SELLER-237,
REQ-001169,2026-09-03T16:16:22.421153+00:00,GET,/api/v1/shipments/SHP-0001,500,68,SELLER-300,INTERNAL_SERVER_ERROR
REQ-001170,2026-09-02T19:16:47.421153+00:00,GET,/api/v1/warehouses,400,245,SELLER-102,INVALID_STATE_TRANSITION
REQ-001171,2026-09-05T20:36:22.421153+00:00,POST,/api/v1/events,201,232,SELLER-005,
REQ-001172,2026-09-03T17:27:03.421153+00:00,POST,/api/v1/events,201,89,SELLER-384,
REQ-001173,2026-09-07T12:55:44.421153+00:00,GET,/api/v1/health,403,297,SELLER-300,INTERNAL_SERVER_ERROR
REQ-001174,2026-09-05T06:23:26.421153+00:00,GET,/api/v1/warehouses,200,231,SELLER-379,
REQ-001175,2026-09-05T23:11:31.421153+00:00,POST,/api/v1/shipments,201,304,SELLER-174,
REQ-001176,2026-09-08T01:50:45.421153+00:00,GET,/api/v1/inventory/SKU-1001,200,67,SELLER-386,
REQ-001177,2026-09-03T08:52:32.421153+00:00,GET,/api/v1/warehouses,200,254,SELLER-341,
REQ-001178,2026-09-01T13:16:05.421153+00:00,POST,/api/v1/shipments,201,64,SELLER-327,
REQ-001179,2026-09-05T06:24:47.421153+00:00,GET,/api/v1/shipments/SHP-0001,200,112,SELLER-349,
REQ-001180,2026-09-04T06:59:57.421153+00:00,POST,/api/v1/events,201,154,SELLER-392,
REQ-001181,2026-09-05T19:23:30.421153+00:00,GET,/api/v1/shipments/SHP-0001,200,96,SELLER-014,
REQ-001182,2026-09-01T06:12:27.421153+00:00,GET,/api/v1/carriers,200,27,SELLER-180,
REQ-001183,2026-09-01T16:55:33.421153+00:00,PATCH,/api/v1/shipments/SHP-0001/status,200,281,SELLER-104,
REQ-001184,2026-09-01T05:18:50.421153+00:00,GET,/api/v1/inventory/SKU-1001,200,328,SELLER-274,
REQ-001185,2026-09-07T19:56:10.421153+00:00,GET,/api/v1/limits,403,129,SELLER-304,INTERNAL_SERVER_ERROR
REQ-001186,2026-09-03T14:01:48.421153+00:00,POST,/api/v1/events,201,272,SELLER-209,
REQ-001187,2026-09-04T06:45:22.421153+00:00,GET,/api/v1/limits,200,147,SELLER-337,
REQ-001188,2026-09-02T13:04:16.421153+00:00,PATCH,/api/v1/shipments/SHP-0001/status,200,316,SELLER-248,
REQ-001189,2026-09-05T19:38:04.421153+00:00,POST,/api/v1/shipments,201,87,SELLER-321,
REQ-001190,2026-09-07T05:53:01.421153+00:00,GET,/api/v1/shipments/SHP-0001,200,289,SELLER-158,
REQ-001191,2026-09-06T04:32:55.421153+00:00,PATCH,/api/v1/shipments/SHP-0001/status,200,13,SELLER-008,
REQ-001192,2026-09-03T17:59:57.421153+00:00,POST,/api/v1/shipments,422,304,SELLER-447,VALIDATION_ERROR
REQ-001193,2026-09-05T05:45:28.421153+00:00,GET,/api/v1/shipments/SHP-0001,422,170,SELLER-160,VALIDATION_ERROR
REQ-001194,2026-09-07T07:59:09.421153+00:00,PATCH,/api/v1/shipments/SHP-0001/status,200,138,SELLER-358,
REQ-001195,2026-09-02T09:57:22.421153+00:00,GET,/api/v1/limits,400,68,SELLER-172,INVALID_STATE_TRANSITION
REQ-001196,2026-09-01T08:12:13.421153+00:00,GET,/api/v1/health,200,55,SELLER-134,
REQ-001197,2026-09-03T00:34:28.421153+00:00,GET,/api/v1/warehouses,200,113,SELLER-358,
REQ-001198,2026-09-05T01:16:28.421153+00:00,PATCH,/api/v1/shipments/SHP-0001/status,200,224,SELLER-459,
REQ-001199,2026-09-03T05:28:22.421153+00:00,PATCH,/api/v1/shipments/SHP-0001/status,400,317,SELLER-085,INVALID_STATE_TRANSITION
REQ-001200,2026-09-03T10:43:33.421153+00:00,GET,/api/v1/carriers,200,38,SELLER-307,
REQ-001201,2026-09-05T04:34:15.421153+00:00,GET,/api/v1/inventory/SKU-1001,401,168,SELLER-144,MISSING_API_KEY
REQ-001202,2026-09-05T18:07:20.421153+00:00,GET,/api/v1/carriers,200,273,SELLER-277,
REQ-001203,2026-09-08T03:12:05.421153+00:00,POST,/api/v1/events,201,66,SELLER-029,
REQ-001204,2026-09-01T12:23:56.421153+00:00,GET,/api/v1/carriers,200,212,SELLER-191,
REQ-001205,2026-09-03T14:18:28.421153+00:00,POST,/api/v1/events,201,22,SELLER-371,
REQ-001206,2026-09-04T04:28:07.421153+00:00,POST,/api/v1/shipments,201,272,SELLER-164,
REQ-001207,2026-09-06T05:16:31.421153+00:00,GET,/api/v1/inventory/SKU-1001,200,242,SELLER-042,
REQ-001208,2026-09-04T09:47:59.421153+00:00,GET,/api/v1/carriers,200,105,SELLER-119,
REQ-001209,2026-09-04T12:01:36.421153+00:00,GET,/api/v1/carriers,200,150,SELLER-011,
REQ-001210,2026-09-06T22:36:41.421153+00:00,GET,/api/v1/warehouses,200,58,SELLER-249,
REQ-001211,2026-09-01T07:41:10.421153+00:00,PATCH,/api/v1/shipments/SHP-0001/status,500,189,SELLER-099,INTERNAL_SERVER_ERROR
REQ-001212,2026-09-04T15:23:26.421153+00:00,GET,/api/v1/inventory/SKU-1001,200,62,SELLER-447,
REQ-001213,2026-09-06T08:12:13.421153+00:00,GET,/api/v1/shipments/SHP-0001,200,72,SELLER-046,
REQ-001214,2026-09-02T23:57:11.421153+00:00,GET,/api/v1/shipments/SHP-0001,200,282,SELLER-164,
REQ-001215,2026-09-02T06:32:33.421153+00:00,POST,/api/v1/events,201,317,SELLER-089,
REQ-001216,2026-09-02T19:32:23.421153+00:00,GET,/api/v1/carriers,200,337,SELLER-273,
REQ-001217,2026-09-02T21:51:14.421153+00:00,POST,/api/v1/events,401,200,SELLER-240,MISSING_API_KEY
REQ-001218,2026-09-02T21:54:23.421153+00:00,GET,/api/v1/health,200,254,SELLER-343,
REQ-001219,2026-09-05T11:48:50.421153+00:00,POST,/api/v1/shipments,201,197,SELLER-006,
REQ-001220,2026-09-04T14:26:10.421153+00:00,GET,/api/v1/limits,200,349,SELLER-056,
REQ-001221,2026-09-03T19:24:05.421153+00:00,POST,/api/v1/shipments,201,148,SELLER-305,
REQ-001222,2026-09-03T19:03:54.421153+00:00,GET,/api/v1/warehouses,200,41,SELLER-145,
REQ-001223,2026-09-03T07:02:04.421153+00:00,GET,/api/v1/limits,200,36,SELLER-487,
REQ-001224,2026-09-06T02:27:57.421153+00:00,GET,/api/v1/health,401,269,SELLER-240,MISSING_API_KEY
REQ-001225,2026-09-07T06:18:49.421153+00:00,GET,/api/v1/limits,200,276,SELLER-428,
REQ-001226,2026-09-02T00:05:44.421153+00:00,POST,/api/v1/shipments,201,340,SELLER-208,
REQ-001227,2026-09-02T06:04:44.421153+00:00,GET,/api/v1/inventory/SKU-1001,500,323,SELLER-215,INTERNAL_SERVER_ERROR
REQ-001228,2026-09-04T20:58:36.421153+00:00,PATCH,/api/v1/shipments/SHP-0001/status,403,166,SELLER-089,INTERNAL_SERVER_ERROR
REQ-001229,2026-09-03T14:52:42.421153+00:00,POST,/api/v1/shipments,201,31,SELLER-173,
REQ-001230,2026-09-02T10:05:35.421153+00:00,GET,/api/v1/health,200,86,SELLER-182,
REQ-001231,2026-09-03T20:03:13.421153+00:00,GET,/api/v1/carriers,200,159,SELLER-334,
REQ-001232,2026-09-01T09:56:54.421153+00:00,GET,/api/v1/limits,200,49,SELLER-224,
REQ-001233,2026-09-04T22:12:18.421153+00:00,POST,/api/v1/shipments,201,300,SELLER-133,
REQ-001234,2026-09-02T15:19:24.421153+00:00,PATCH,/api/v1/shipments/SHP-0001/status,200,153,SELLER-135,
REQ-001235,2026-09-03T09:13:53.421153+00:00,GET,/api/v1/limits,500,244,SELLER-301,INTERNAL_SERVER_ERROR
REQ-001236,2026-09-01T13:12:39.421153+00:00,GET,/api/v1/limits,200,162,SELLER-403,
REQ-001237,2026-09-03T08:32:17.421153+00:00,POST,/api/v1/events,201,98,SELLER-081,
REQ-001238,2026-09-07T23:56:21.421153+00:00,GET,/api/v1/inventory/SKU-1001,200,164,SELLER-479,
REQ-001239,2026-09-07T00:28:14.421153+00:00,POST,/api/v1/shipments,500,91,SELLER-219,INTERNAL_SERVER_ERROR
REQ-001240,2026-09-01T20:45:44.421153+00:00,GET,/api/v1/inventory/SKU-1001,200,192,SELLER-135,
REQ-001241,2026-09-03T21:04:50.421153+00:00,GET,/api/v1/warehouses,200,56,SELLER-313,
REQ-001242,2026-09-04T19:49:06.421153+00:00,GET,/api/v1/health,200,40,SELLER-482,
REQ-001243,2026-09-01T18:58:02.421153+00:00,GET,/api/v1/inventory/SKU-1001,200,257,SELLER-450,
REQ-001244,2026-09-06T13:47:48.421153+00:00,POST,/api/v1/shipments,401,158,SELLER-123,MISSING_API_KEY
REQ-001245,2026-09-03T19:40:49.421153+00:00,GET,/api/v1/health,200,179,SELLER-398,
REQ-001246,2026-09-01T06:28:27.421153+00:00,POST,/api/v1/shipments,201,309,SELLER-108,
REQ-001247,2026-09-07T12:02:02.421153+00:00,GET,/api/v1/shipments/SHP-0001,200,225,SELLER-432,
REQ-001248,2026-09-07T12:50:58.421153+00:00,GET,/api/v1/carriers,200,177,SELLER-444,
REQ-001249,2026-09-05T20:04:23.421153+00:00,GET,/api/v1/warehouses,200,328,SELLER-202,
REQ-001250,2026-09-05T21:40:42.421153+00:00,POST,/api/v1/events,201,130,SELLER-347,
REQ-001251,2026-09-08T03:43:30.421153+00:00,GET,/api/v1/limits,400,37,SELLER-257,INVALID_STATE_TRANSITION
REQ-001252,2026-09-06T23:14:39.421153+00:00,POST,/api/v1/shipments,201,131,SELLER-394,
REQ-001253,2026-09-07T11:32:16.421153+00:00,GET,/api/v1/shipments/SHP-0001,200,314,SELLER-321,
REQ-001254,2026-09-02T16:27:09.421153+00:00,GET,/api/v1/inventory/SKU-1001,200,151,SELLER-033,
REQ-001255,2026-09-03T16:00:37.421153+00:00,GET,/api/v1/health,200,154,SELLER-270,
REQ-001256,2026-09-01T13:42:30.421153+00:00,POST,/api/v1/events,201,243,SELLER-046,
REQ-001257,2026-09-07T02:08:04.421153+00:00,GET,/api/v1/health,200,172,SELLER-397,
REQ-001258,2026-09-07T01:28:50.421153+00:00,POST,/api/v1/shipments,201,338,SELLER-186,
REQ-001259,2026-09-07T06:55:09.421153+00:00,POST,/api/v1/events,201,348,SELLER-014,
REQ-001260,2026-09-07T03:04:33.421153+00:00,GET,/api/v1/warehouses,200,266,SELLER-467,
REQ-001261,2026-09-01T21:07:53.421153+00:00,POST,/api/v1/shipments,201,56,SELLER-323,
REQ-001262,2026-09-07T23:28:19.421153+00:00,GET,/api/v1/carriers,200,284,SELLER-228,
REQ-001263,2026-09-06T18:33:54.421153+00:00,GET,/api/v1/limits,200,48,SELLER-439,
REQ-001264,2026-09-04T05:08:58.421153+00:00,GET,/api/v1/shipments/SHP-0001,200,330,SELLER-061,
REQ-001265,2026-09-01T20:22:31.421153+00:00,GET,/api/v1/health,200,178,SELLER-151,
REQ-001266,2026-09-05T17:58:46.421153+00:00,POST,/api/v1/events,201,313,SELLER-499,
REQ-001267,2026-09-06T22:27:15.421153+00:00,GET,/api/v1/warehouses,200,308,SELLER-343,
REQ-001268,2026-09-07T08:52:15.421153+00:00,GET,/api/v1/carriers,422,309,SELLER-137,VALIDATION_ERROR
REQ-001269,2026-09-02T07:15:15.421153+00:00,GET,/api/v1/limits,200,127,SELLER-375,
REQ-001270,2026-09-02T17:51:18.421153+00:00,GET,/api/v1/inventory/SKU-1001,200,313,SELLER-378,
REQ-001271,2026-09-01T21:07:50.421153+00:00,GET,/api/v1/warehouses,200,335,SELLER-179,
REQ-001272,2026-09-05T04:29:28.421153+00:00,GET,/api/v1/warehouses,401,130,SELLER-452,MISSING_API_KEY
REQ-001273,2026-09-04T15:24:39.421153+00:00,GET,/api/v1/shipments/SHP-0001,200,135,SELLER-353,
REQ-001274,2026-09-06T03:41:30.421153+00:00,POST,/api/v1/events,422,190,SELLER-452,VALIDATION_ERROR
REQ-001275,2026-09-01T11:27:58.421153+00:00,GET,/api/v1/warehouses,200,113,SELLER-453,
REQ-001276,2026-09-01T17:27:18.421153+00:00,GET,/api/v1/warehouses,200,83,SELLER-424,
REQ-001277,2026-09-06T10:31:20.421153+00:00,GET,/api/v1/shipments/SHP-0001,200,271,SELLER-426,
REQ-001278,2026-09-03T19:46:38.421153+00:00,GET,/api/v1/limits,200,120,SELLER-081,
REQ-001279,2026-09-01T09:38:16.421153+00:00,GET,/api/v1/shipments/SHP-0001,200,23,SELLER-440,
REQ-001280,2026-09-05T06:28:15.421153+00:00,GET,/api/v1/limits,200,272,SELLER-244,
REQ-001281,2026-09-08T01:06:09.421153+00:00,PATCH,/api/v1/shipments/SHP-0001/status,200,73,SELLER-190,
REQ-001282,2026-09-05T01:52:39.421153+00:00,GET,/api/v1/shipments/SHP-0001,422,100,SELLER-389,VALIDATION_ERROR
REQ-001283,2026-09-06T03:13:01.421153+00:00,GET,/api/v1/carriers,200,84,SELLER-361,
REQ-001284,2026-09-07T16:23:35.421153+00:00,POST,/api/v1/shipments,201,53,SELLER-237,
REQ-001285,2026-09-06T00:18:30.421153+00:00,PATCH,/api/v1/shipments/SHP-0001/status,200,20,SELLER-247,
REQ-001286,2026-09-02T06:11:22.421153+00:00,POST,/api/v1/events,201,76,SELLER-026,
REQ-001287,2026-09-04T07:32:37.421153+00:00,GET,/api/v1/warehouses,200,50,SELLER-278,
REQ-001288,2026-09-01T21:47:09.421153+00:00,PATCH,/api/v1/shipments/SHP-0001/status,200,253,SELLER-348,
REQ-001289,2026-09-08T02:49:18.421153+00:00,GET,/api/v1/warehouses,200,326,SELLER-407,
REQ-001290,2026-09-02T15:24:30.421153+00:00,POST,/api/v1/shipments,201,276,SELLER-267,
REQ-001291,2026-09-05T20:29:36.421153+00:00,PATCH,/api/v1/shipments/SHP-0001/status,200,229,SELLER-469,
REQ-001292,2026-09-05T19:23:11.421153+00:00,GET,/api/v1/carriers,200,242,SELLER-260,
REQ-001293,2026-09-05T15:27:55.421153+00:00,POST,/api/v1/events,201,221,SELLER-020,
REQ-001294,2026-09-03T04:22:22.421153+00:00,POST,/api/v1/shipments,201,103,SELLER-387,
REQ-001295,2026-09-01T11:35:30.421153+00:00,GET,/api/v1/health,200,126,SELLER-458,
REQ-001296,2026-09-05T09:18:34.421153+00:00,GET,/api/v1/carriers,200,203,SELLER-061,
REQ-001297,2026-09-05T21:35:58.421153+00:00,GET,/api/v1/health,200,42,SELLER-455,
REQ-001298,2026-09-07T03:31:46.421153+00:00,GET,/api/v1/limits,200,213,SELLER-312,
REQ-001299,2026-09-06T06:21:38.421153+00:00,GET,/api/v1/carriers,200,294,SELLER-064,
REQ-001300,2026-09-03T10:51:12.421153+00:00,GET,/api/v1/inventory/SKU-1001,200,34,SELLER-272,
REQ-001301,2026-09-05T17:55:39.421153+00:00,GET,/api/v1/warehouses,200,137,SELLER-252,
REQ-001302,2026-09-06T20:34:47.421153+00:00,GET,/api/v1/health,500,143,SELLER-154,INTERNAL_SERVER_ERROR
REQ-001303,2026-09-03T13:26:52.421153+00:00,POST,/api/v1/events,201,332,SELLER-155,
REQ-001304,2026-09-02T16:09:48.421153+00:00,GET,/api/v1/warehouses,401,325,SELLER-284,MISSING_API_KEY
REQ-001305,2026-09-03T08:15:56.421153+00:00,POST,/api/v1/shipments,401,308,SELLER-425,MISSING_API_KEY
REQ-001306,2026-09-02T22:44:38.421153+00:00,GET,/api/v1/warehouses,200,39,SELLER-133,
REQ-001307,2026-09-01T20:51:58.421153+00:00,GET,/api/v1/limits,200,46,SELLER-309,
REQ-001308,2026-09-03T04:40:27.421153+00:00,GET,/api/v1/health,200,41,SELLER-161,
REQ-001309,2026-09-03T06:07:45.421153+00:00,PATCH,/api/v1/shipments/SHP-0001/status,200,245,SELLER-310,
REQ-001310,2026-09-06T06:30:40.421153+00:00,PATCH,/api/v1/shipments/SHP-0001/status,200,334,SELLER-238,
REQ-001311,2026-09-01T14:42:11.421153+00:00,GET,/api/v1/inventory/SKU-1001,404,346,SELLER-235,RESOURCE_NOT_FOUND
REQ-001312,2026-09-07T09:44:21.421153+00:00,POST,/api/v1/shipments,201,132,SELLER-456,
REQ-001313,2026-09-07T14:00:05.421153+00:00,GET,/api/v1/limits,422,281,SELLER-409,VALIDATION_ERROR
REQ-001314,2026-09-04T00:56:34.421153+00:00,GET,/api/v1/health,200,113,SELLER-260,
REQ-001315,2026-09-07T08:26:39.421153+00:00,GET,/api/v1/health,200,327,SELLER-318,
REQ-001316,2026-09-06T13:10:55.421153+00:00,GET,/api/v1/shipments/SHP-0001,200,89,SELLER-497,
REQ-001317,2026-09-03T09:20:53.421153+00:00,GET,/api/v1/inventory/SKU-1001,200,297,SELLER-055,
REQ-001318,2026-09-02T08:14:31.421153+00:00,GET,/api/v1/inventory/SKU-1001,200,109,SELLER-398,
REQ-001319,2026-09-07T07:41:05.421153+00:00,PATCH,/api/v1/shipments/SHP-0001/status,429,267,SELLER-013,RATE_LIMIT_EXCEEDED
REQ-001320,2026-09-03T08:37:24.421153+00:00,POST,/api/v1/shipments,201,119,SELLER-297,
REQ-001321,2026-09-06T16:04:28.421153+00:00,GET,/api/v1/health,200,20,SELLER-035,
REQ-001322,2026-09-04T17:19:43.421153+00:00,GET,/api/v1/carriers,200,193,SELLER-356,
REQ-001323,2026-09-01T22:45:04.421153+00:00,GET,/api/v1/inventory/SKU-1001,200,220,SELLER-263,
REQ-001324,2026-09-04T02:54:56.421153+00:00,GET,/api/v1/limits,200,103,SELLER-500,
REQ-001325,2026-09-02T13:48:09.421153+00:00,GET,/api/v1/health,200,32,SELLER-165,
REQ-001326,2026-09-07T19:17:23.421153+00:00,GET,/api/v1/warehouses,500,51,SELLER-274,INTERNAL_SERVER_ERROR
REQ-001327,2026-09-07T23:03:04.421153+00:00,POST,/api/v1/shipments,201,58,SELLER-420,
REQ-001328,2026-09-07T19:16:28.421153+00:00,POST,/api/v1/shipments,201,303,SELLER-449,
REQ-001329,2026-09-02T14:36:29.421153+00:00,GET,/api/v1/shipments/SHP-0001,200,91,SELLER-154,
REQ-001330,2026-09-02T09:02:44.421153+00:00,GET,/api/v1/health,200,148,SELLER-347,
REQ-001331,2026-09-01T13:44:51.421153+00:00,GET,/api/v1/warehouses,200,66,SELLER-047,
REQ-001332,2026-09-04T14:54:38.421153+00:00,GET,/api/v1/inventory/SKU-1001,200,26,SELLER-469,
REQ-001333,2026-09-03T13:40:58.421153+00:00,GET,/api/v1/carriers,200,186,SELLER-218,
REQ-001334,2026-09-01T22:00:42.421153+00:00,POST,/api/v1/shipments,403,247,SELLER-105,INTERNAL_SERVER_ERROR
REQ-001335,2026-09-06T09:08:17.421153+00:00,POST,/api/v1/shipments,201,80,SELLER-229,
REQ-001336,2026-09-07T21:20:20.421153+00:00,GET,/api/v1/shipments/SHP-0001,200,226,SELLER-211,
REQ-001337,2026-09-03T14:20:42.421153+00:00,GET,/api/v1/limits,404,42,SELLER-217,RESOURCE_NOT_FOUND
REQ-001338,2026-09-06T02:30:10.421153+00:00,PATCH,/api/v1/shipments/SHP-0001/status,200,39,SELLER-130,
REQ-001339,2026-09-07T00:06:16.421153+00:00,PATCH,/api/v1/shipments/SHP-0001/status,200,169,SELLER-241,
REQ-001340,2026-09-06T01:16:15.421153+00:00,GET,/api/v1/inventory/SKU-1001,200,328,SELLER-282,
REQ-001341,2026-09-05T23:43:35.421153+00:00,PATCH,/api/v1/shipments/SHP-0001/status,200,41,SELLER-310,
REQ-001342,2026-09-07T23:38:46.421153+00:00,PATCH,/api/v1/shipments/SHP-0001/status,200,21,SELLER-231,
REQ-001343,2026-09-07T22:15:31.421153+00:00,GET,/api/v1/inventory/SKU-1001,200,286,SELLER-468,
REQ-001344,2026-09-01T16:30:33.421153+00:00,GET,/api/v1/carriers,200,133,SELLER-027,
REQ-001345,2026-09-03T18:57:52.421153+00:00,POST,/api/v1/shipments,201,239,SELLER-021,
REQ-001346,2026-09-03T08:40:57.421153+00:00,POST,/api/v1/shipments,201,277,SELLER-168,
REQ-001347,2026-09-03T17:06:13.421153+00:00,POST,/api/v1/shipments,201,296,SELLER-144,
REQ-001348,2026-09-02T03:46:30.421153+00:00,GET,/api/v1/health,200,15,SELLER-265,
REQ-001349,2026-09-03T12:41:13.421153+00:00,GET,/api/v1/health,200,50,SELLER-127,
REQ-001350,2026-09-06T14:48:20.421153+00:00,POST,/api/v1/events,201,88,SELLER-041,
REQ-001351,2026-09-02T15:20:40.421153+00:00,POST,/api/v1/shipments,201,27,SELLER-474,
REQ-001352,2026-09-06T19:41:50.421153+00:00,GET,/api/v1/inventory/SKU-1001,200,193,SELLER-128,
REQ-001353,2026-09-02T12:06:28.421153+00:00,POST,/api/v1/shipments,404,96,SELLER-115,RESOURCE_NOT_FOUND
REQ-001354,2026-09-07T18:46:33.421153+00:00,POST,/api/v1/shipments,201,51,SELLER-496,
REQ-001355,2026-09-07T06:12:37.421153+00:00,GET,/api/v1/warehouses,500,70,SELLER-174,INTERNAL_SERVER_ERROR
REQ-001356,2026-09-02T19:31:34.421153+00:00,POST,/api/v1/shipments,201,248,SELLER-487,
REQ-001357,2026-09-06T12:01:40.421153+00:00,GET,/api/v1/inventory/SKU-1001,200,245,SELLER-089,
REQ-001358,2026-09-02T04:38:28.421153+00:00,POST,/api/v1/events,201,321,SELLER-365,
REQ-001359,2026-09-04T02:56:56.421153+00:00,GET,/api/v1/warehouses,401,210,SELLER-495,MISSING_API_KEY
REQ-001360,2026-09-03T11:43:29.421153+00:00,GET,/api/v1/health,200,191,SELLER-410,
REQ-001361,2026-09-02T23:01:47.421153+00:00,GET,/api/v1/limits,200,160,SELLER-270,
REQ-001362,2026-09-02T21:54:07.421153+00:00,PATCH,/api/v1/shipments/SHP-0001/status,200,280,SELLER-004,
REQ-001363,2026-09-05T05:00:34.421153+00:00,GET,/api/v1/limits,200,241,SELLER-480,
REQ-001364,2026-09-03T17:51:04.421153+00:00,PATCH,/api/v1/shipments/SHP-0001/status,200,209,SELLER-295,
REQ-001365,2026-09-06T03:44:24.421153+00:00,GET,/api/v1/shipments/SHP-0001,200,65,SELLER-381,
REQ-001366,2026-09-01T04:55:10.421153+00:00,GET,/api/v1/inventory/SKU-1001,200,85,SELLER-442,
REQ-001367,2026-09-05T00:49:57.421153+00:00,GET,/api/v1/inventory/SKU-1001,200,102,SELLER-201,
REQ-001368,2026-09-06T14:17:33.421153+00:00,GET,/api/v1/limits,422,333,SELLER-021,VALIDATION_ERROR
REQ-001369,2026-09-03T16:30:25.421153+00:00,POST,/api/v1/events,201,191,SELLER-485,
REQ-001370,2026-09-02T21:45:19.421153+00:00,GET,/api/v1/health,200,308,SELLER-322,
REQ-001371,2026-09-02T23:11:55.421153+00:00,GET,/api/v1/limits,200,34,SELLER-157,
REQ-001372,2026-09-04T02:02:54.421153+00:00,GET,/api/v1/shipments/SHP-0001,200,251,SELLER-378,
REQ-001373,2026-09-07T19:34:09.421153+00:00,PATCH,/api/v1/shipments/SHP-0001/status,200,103,SELLER-091,
REQ-001374,2026-09-02T04:41:12.421153+00:00,GET,/api/v1/health,200,216,SELLER-119,
REQ-001375,2026-09-06T01:32:06.421153+00:00,GET,/api/v1/shipments/SHP-0001,200,329,SELLER-414,
REQ-001376,2026-09-01T21:25:50.421153+00:00,GET,/api/v1/limits,200,42,SELLER-268,
REQ-001377,2026-09-02T02:02:02.421153+00:00,GET,/api/v1/warehouses,200,51,SELLER-219,
REQ-001378,2026-09-03T04:17:05.421153+00:00,POST,/api/v1/shipments,500,334,SELLER-381,INTERNAL_SERVER_ERROR
REQ-001379,2026-09-03T05:31:30.421153+00:00,GET,/api/v1/shipments/SHP-0001,200,86,SELLER-388,
REQ-001380,2026-09-05T11:49:02.421153+00:00,PATCH,/api/v1/shipments/SHP-0001/status,200,288,SELLER-402,
REQ-001381,2026-09-07T03:23:22.421153+00:00,GET,/api/v1/warehouses,200,90,SELLER-236,
REQ-001382,2026-09-07T10:20:13.421153+00:00,GET,/api/v1/warehouses,200,158,SELLER-461,
REQ-001383,2026-09-06T03:25:11.421153+00:00,GET,/api/v1/carriers,200,304,SELLER-008,
REQ-001384,2026-09-03T04:58:06.421153+00:00,PATCH,/api/v1/shipments/SHP-0001/status,200,184,SELLER-289,
REQ-001385,2026-09-03T19:30:00.421153+00:00,GET,/api/v1/shipments/SHP-0001,200,203,SELLER-376,
REQ-001386,2026-09-08T00:01:48.421153+00:00,GET,/api/v1/health,200,58,SELLER-357,
REQ-001387,2026-09-03T09:14:59.421153+00:00,GET,/api/v1/warehouses,200,66,SELLER-041,
REQ-001388,2026-09-06T21:20:22.421153+00:00,GET,/api/v1/inventory/SKU-1001,200,23,SELLER-192,
REQ-001389,2026-09-02T16:01:00.421153+00:00,PATCH,/api/v1/shipments/SHP-0001/status,200,43,SELLER-207,
REQ-001390,2026-09-05T08:16:59.421153+00:00,POST,/api/v1/shipments,201,330,SELLER-290,
REQ-001391,2026-09-06T02:07:07.421153+00:00,PATCH,/api/v1/shipments/SHP-0001/status,429,73,SELLER-153,RATE_LIMIT_EXCEEDED
REQ-001392,2026-09-07T01:51:32.421153+00:00,GET,/api/v1/warehouses,200,223,SELLER-416,
REQ-001393,2026-09-04T15:39:54.421153+00:00,GET,/api/v1/shipments/SHP-0001,200,305,SELLER-103,
REQ-001394,2026-09-01T08:09:35.421153+00:00,GET,/api/v1/warehouses,401,189,SELLER-418,MISSING_API_KEY
REQ-001395,2026-09-07T06:05:52.421153+00:00,POST,/api/v1/events,201,63,SELLER-157,
REQ-001396,2026-09-06T16:42:59.421153+00:00,GET,/api/v1/inventory/SKU-1001,200,173,SELLER-360,
REQ-001397,2026-09-03T05:16:55.421153+00:00,GET,/api/v1/inventory/SKU-1001,200,124,SELLER-386,
REQ-001398,2026-09-06T20:22:00.421153+00:00,GET,/api/v1/limits,200,76,SELLER-162,
REQ-001399,2026-09-01T05:14:16.421153+00:00,GET,/api/v1/inventory/SKU-1001,200,191,SELLER-076,
REQ-001400,2026-09-02T00:17:59.421153+00:00,GET,/api/v1/warehouses,404,62,SELLER-330,RESOURCE_NOT_FOUND
REQ-001401,2026-09-05T02:49:52.421153+00:00,GET,/api/v1/shipments/SHP-0001,500,168,SELLER-314,INTERNAL_SERVER_ERROR
REQ-001402,2026-09-03T06:36:18.421153+00:00,PATCH,/api/v1/shipments/SHP-0001/status,200,328,SELLER-345,
REQ-001403,2026-09-04T16:38:07.421153+00:00,GET,/api/v1/carriers,200,221,SELLER-306,
REQ-001404,2026-09-03T02:49:37.421153+00:00,GET,/api/v1/health,200,199,SELLER-151,
REQ-001405,2026-09-03T21:32:06.421153+00:00,GET,/api/v1/limits,200,192,SELLER-190,
REQ-001406,2026-09-06T16:40:09.421153+00:00,GET,/api/v1/inventory/SKU-1001,200,107,SELLER-154,
REQ-001407,2026-09-05T17:27:53.421153+00:00,GET,/api/v1/limits,200,183,SELLER-025,
REQ-001408,2026-09-04T05:03:23.421153+00:00,PATCH,/api/v1/shipments/SHP-0001/status,200,27,SELLER-334,
REQ-001409,2026-09-03T02:31:35.421153+00:00,GET,/api/v1/health,200,316,SELLER-351,
REQ-001410,2026-09-07T17:13:33.421153+00:00,GET,/api/v1/health,200,92,SELLER-194,
REQ-001411,2026-09-08T03:10:36.421153+00:00,GET,/api/v1/shipments/SHP-0001,422,271,SELLER-168,VALIDATION_ERROR
REQ-001412,2026-09-04T10:40:59.421153+00:00,POST,/api/v1/shipments,201,33,SELLER-028,
REQ-001413,2026-09-03T20:07:43.421153+00:00,GET,/api/v1/warehouses,401,156,SELLER-424,MISSING_API_KEY
REQ-001414,2026-09-01T09:21:01.421153+00:00,GET,/api/v1/carriers,200,66,SELLER-101,
REQ-001415,2026-09-02T12:27:07.421153+00:00,POST,/api/v1/shipments,201,47,SELLER-200,
REQ-001416,2026-09-04T04:18:32.421153+00:00,GET,/api/v1/carriers,200,318,SELLER-210,
REQ-001417,2026-09-04T19:17:40.421153+00:00,GET,/api/v1/limits,200,315,SELLER-214,
REQ-001418,2026-09-06T02:10:56.421153+00:00,GET,/api/v1/limits,200,259,SELLER-142,
REQ-001419,2026-09-02T16:44:04.421153+00:00,GET,/api/v1/limits,200,194,SELLER-462,
REQ-001420,2026-09-03T09:36:37.421153+00:00,GET,/api/v1/shipments/SHP-0001,200,98,SELLER-042,
REQ-001421,2026-09-04T06:21:16.421153+00:00,POST,/api/v1/shipments,201,110,SELLER-395,
REQ-001422,2026-09-01T13:47:33.421153+00:00,POST,/api/v1/events,201,174,SELLER-029,
REQ-001423,2026-09-04T01:32:46.421153+00:00,GET,/api/v1/warehouses,200,223,SELLER-360,
REQ-001424,2026-09-04T06:29:04.421153+00:00,GET,/api/v1/warehouses,200,143,SELLER-457,
REQ-001425,2026-09-04T08:10:06.421153+00:00,POST,/api/v1/events,400,166,SELLER-367,INVALID_STATE_TRANSITION
REQ-001426,2026-09-01T08:25:01.421153+00:00,GET,/api/v1/shipments/SHP-0001,200,222,SELLER-316,
REQ-001427,2026-09-05T13:11:26.421153+00:00,POST,/api/v1/shipments,201,118,SELLER-020,
REQ-001428,2026-09-03T06:10:31.421153+00:00,GET,/api/v1/carriers,200,221,SELLER-405,
REQ-001429,2026-09-05T06:55:45.421153+00:00,GET,/api/v1/shipments/SHP-0001,200,60,SELLER-285,
REQ-001430,2026-09-02T10:12:56.421153+00:00,GET,/api/v1/health,200,28,SELLER-347,
REQ-001431,2026-09-04T13:01:47.421153+00:00,GET,/api/v1/warehouses,200,231,SELLER-389,
REQ-001432,2026-09-03T23:00:09.421153+00:00,POST,/api/v1/events,201,284,SELLER-297,
REQ-001433,2026-09-02T21:22:38.421153+00:00,PATCH,/api/v1/shipments/SHP-0001/status,200,276,SELLER-034,
REQ-001434,2026-09-04T07:07:36.421153+00:00,GET,/api/v1/warehouses,200,334,SELLER-249,
REQ-001435,2026-09-05T06:58:39.421153+00:00,POST,/api/v1/shipments,201,336,SELLER-329,
REQ-001436,2026-09-05T03:19:07.421153+00:00,GET,/api/v1/carriers,403,271,SELLER-057,INTERNAL_SERVER_ERROR
REQ-001437,2026-09-04T03:10:51.421153+00:00,POST,/api/v1/events,201,65,SELLER-367,
REQ-001438,2026-09-06T13:31:58.421153+00:00,PATCH,/api/v1/shipments/SHP-0001/status,400,194,SELLER-212,INVALID_STATE_TRANSITION
REQ-001439,2026-09-02T10:13:51.421153+00:00,PATCH,/api/v1/shipments/SHP-0001/status,200,183,SELLER-336,
REQ-001440,2026-09-01T08:39:58.421153+00:00,POST,/api/v1/shipments,201,178,SELLER-363,
REQ-001441,2026-09-07T01:11:35.421153+00:00,POST,/api/v1/events,201,158,SELLER-475,
REQ-001442,2026-09-06T14:08:14.421153+00:00,GET,/api/v1/shipments/SHP-0001,200,326,SELLER-276,
REQ-001443,2026-09-03T15:03:57.421153+00:00,POST,/api/v1/shipments,201,335,SELLER-017,
REQ-001444,2026-09-04T00:47:32.421153+00:00,GET,/api/v1/carriers,200,259,SELLER-329,
REQ-001445,2026-09-02T10:58:18.421153+00:00,GET,/api/v1/limits,200,122,SELLER-354,
REQ-001446,2026-09-02T19:56:46.421153+00:00,GET,/api/v1/shipments/SHP-0001,200,57,SELLER-313,
REQ-001447,2026-09-04T14:52:12.421153+00:00,GET,/api/v1/warehouses,200,313,SELLER-237,
REQ-001448,2026-09-07T17:21:27.421153+00:00,GET,/api/v1/shipments/SHP-0001,200,45,SELLER-059,
REQ-001449,2026-09-03T10:04:59.421153+00:00,POST,/api/v1/shipments,400,317,SELLER-461,INVALID_STATE_TRANSITION
REQ-001450,2026-09-08T01:34:46.421153+00:00,POST,/api/v1/events,201,62,SELLER-279,
REQ-001451,2026-09-03T18:19:54.421153+00:00,GET,/api/v1/inventory/SKU-1001,200,224,SELLER-030,
REQ-001452,2026-09-07T05:47:19.421153+00:00,POST,/api/v1/events,201,26,SELLER-203,
REQ-001453,2026-09-07T00:26:47.421153+00:00,POST,/api/v1/events,201,15,SELLER-363,
REQ-001454,2026-09-02T16:07:55.421153+00:00,GET,/api/v1/limits,200,78,SELLER-054,
REQ-001455,2026-09-07T00:33:48.421153+00:00,GET,/api/v1/health,200,136,SELLER-081,
REQ-001456,2026-09-07T17:19:34.421153+00:00,POST,/api/v1/events,201,346,SELLER-488,
REQ-001457,2026-09-07T15:59:23.421153+00:00,GET,/api/v1/health,403,48,SELLER-377,INTERNAL_SERVER_ERROR
REQ-001458,2026-09-07T06:42:47.421153+00:00,PATCH,/api/v1/shipments/SHP-0001/status,200,315,SELLER-210,
REQ-001459,2026-09-06T07:50:24.421153+00:00,GET,/api/v1/limits,422,131,SELLER-492,VALIDATION_ERROR
REQ-001460,2026-09-05T16:33:13.421153+00:00,GET,/api/v1/inventory/SKU-1001,200,76,SELLER-213,
REQ-001461,2026-09-05T18:40:47.421153+00:00,GET,/api/v1/health,200,260,SELLER-313,
REQ-001462,2026-09-05T01:55:41.421153+00:00,POST,/api/v1/shipments,201,165,SELLER-063,
REQ-001463,2026-09-06T07:40:09.421153+00:00,GET,/api/v1/shipments/SHP-0001,200,206,SELLER-048,
REQ-001464,2026-09-05T12:33:31.421153+00:00,GET,/api/v1/shipments/SHP-0001,200,118,SELLER-494,
REQ-001465,2026-09-02T22:27:23.421153+00:00,GET,/api/v1/inventory/SKU-1001,500,167,SELLER-309,INTERNAL_SERVER_ERROR
REQ-001466,2026-09-06T09:53:34.421153+00:00,POST,/api/v1/events,201,303,SELLER-229,
REQ-001467,2026-09-07T10:43:53.421153+00:00,POST,/api/v1/events,201,230,SELLER-293,
REQ-001468,2026-09-01T19:09:29.421153+00:00,POST,/api/v1/shipments,201,251,SELLER-258,
REQ-001469,2026-09-06T00:55:47.421153+00:00,GET,/api/v1/shipments/SHP-0001,200,18,SELLER-391,
REQ-001470,2026-09-07T04:50:24.421153+00:00,GET,/api/v1/carriers,200,314,SELLER-329,
REQ-001471,2026-09-04T11:14:23.421153+00:00,POST,/api/v1/events,201,33,SELLER-290,
REQ-001472,2026-09-01T16:45:55.421153+00:00,GET,/api/v1/health,200,119,SELLER-157,
REQ-001473,2026-09-01T05:09:47.421153+00:00,GET,/api/v1/shipments/SHP-0001,400,134,SELLER-038,INVALID_STATE_TRANSITION
REQ-001474,2026-09-05T12:08:51.421153+00:00,GET,/api/v1/inventory/SKU-1001,200,260,SELLER-442,
REQ-001475,2026-09-01T20:08:55.421153+00:00,GET,/api/v1/health,200,47,SELLER-007,
REQ-001476,2026-09-07T08:14:17.421153+00:00,GET,/api/v1/health,200,168,SELLER-011,
REQ-001477,2026-09-03T09:01:23.421153+00:00,GET,/api/v1/limits,200,140,SELLER-194,
REQ-001478,2026-09-04T16:42:49.421153+00:00,POST,/api/v1/shipments,201,130,SELLER-013,
REQ-001479,2026-09-03T13:39:50.421153+00:00,GET,/api/v1/shipments/SHP-0001,200,34,SELLER-422,
REQ-001480,2026-09-03T13:38:58.421153+00:00,PATCH,/api/v1/shipments/SHP-0001/status,200,303,SELLER-128,
REQ-001481,2026-09-04T11:22:26.421153+00:00,GET,/api/v1/inventory/SKU-1001,200,38,SELLER-231,
REQ-001482,2026-09-04T00:14:15.421153+00:00,GET,/api/v1/shipments/SHP-0001,200,113,SELLER-134,
REQ-001483,2026-09-07T01:58:16.421153+00:00,GET,/api/v1/warehouses,200,94,SELLER-283,
REQ-001484,2026-09-02T18:26:27.421153+00:00,GET,/api/v1/shipments/SHP-0001,200,68,SELLER-466,
REQ-001485,2026-09-07T00:14:02.421153+00:00,GET,/api/v1/inventory/SKU-1001,200,130,SELLER-469,
REQ-001486,2026-09-05T02:09:08.421153+00:00,GET,/api/v1/shipments/SHP-0001,200,348,SELLER-291,
REQ-001487,2026-09-01T18:21:29.421153+00:00,POST,/api/v1/events,201,209,SELLER-230,
REQ-001488,2026-09-06T03:47:30.421153+00:00,POST,/api/v1/events,201,148,SELLER-076,
REQ-001489,2026-09-03T17:18:02.421153+00:00,GET,/api/v1/warehouses,200,160,SELLER-208,
REQ-001490,2026-09-03T20:36:06.421153+00:00,GET,/api/v1/limits,200,146,SELLER-152,
REQ-001491,2026-09-05T07:38:51.421153+00:00,GET,/api/v1/health,200,66,SELLER-429,
REQ-001492,2026-09-07T12:46:52.421153+00:00,GET,/api/v1/health,500,33,SELLER-261,INTERNAL_SERVER_ERROR
REQ-001493,2026-09-02T23:26:38.421153+00:00,GET,/api/v1/carriers,200,228,SELLER-242,
REQ-001494,2026-09-06T02:19:54.421153+00:00,GET,/api/v1/carriers,200,38,SELLER-477,
REQ-001495,2026-09-01T21:30:41.421153+00:00,GET,/api/v1/carriers,200,48,SELLER-460,
REQ-001496,2026-09-03T01:27:47.421153+00:00,GET,/api/v1/limits,200,58,SELLER-315,
REQ-001497,2026-09-03T08:03:20.421153+00:00,GET,/api/v1/inventory/SKU-1001,200,267,SELLER-125,
REQ-001498,2026-09-03T08:40:43.421153+00:00,GET,/api/v1/carriers,200,285,SELLER-370,
REQ-001499,2026-09-07T23:41:50.421153+00:00,POST,/api/v1/events,201,129,SELLER-163,
REQ-001500,2026-09-02T02:21:09.421153+00:00,GET,/api/v1/shipments/SHP-0001,200,230,SELLER-040,
REQ-001501,2026-09-05T20:10:18.421153+00:00,POST,/api/v1/shipments,429,189,SELLER-049,RATE_LIMIT_EXCEEDED
REQ-001502,2026-09-07T10:24:14.421153+00:00,GET,/api/v1/carriers,200,88,SELLER-088,
REQ-001503,2026-09-06T05:17:54.421153+00:00,PATCH,/api/v1/shipments/SHP-0001/status,200,90,SELLER-101,
REQ-001504,2026-09-05T07:10:47.421153+00:00,POST,/api/v1/events,201,273,SELLER-419,
REQ-001505,2026-09-05T20:56:25.421153+00:00,GET,/api/v1/warehouses,200,36,SELLER-018,
REQ-001506,2026-09-07T19:37:14.421153+00:00,GET,/api/v1/warehouses,403,290,SELLER-075,INTERNAL_SERVER_ERROR
REQ-001507,2026-09-06T20:17:59.421153+00:00,POST,/api/v1/events,401,319,SELLER-411,MISSING_API_KEY
REQ-001508,2026-09-07T06:17:03.421153+00:00,GET,/api/v1/limits,422,203,SELLER-206,VALIDATION_ERROR
REQ-001509,2026-09-01T15:21:17.421153+00:00,GET,/api/v1/warehouses,200,325,SELLER-264,
REQ-001510,2026-09-02T02:51:06.421153+00:00,GET,/api/v1/health,200,282,SELLER-071,
REQ-001511,2026-09-06T20:19:38.421153+00:00,GET,/api/v1/shipments/SHP-0001,500,285,SELLER-255,INTERNAL_SERVER_ERROR
REQ-001512,2026-09-06T06:29:06.421153+00:00,POST,/api/v1/events,201,62,SELLER-131,
REQ-001513,2026-09-07T11:29:12.421153+00:00,GET,/api/v1/inventory/SKU-1001,200,16,SELLER-487,
REQ-001514,2026-09-02T11:01:53.421153+00:00,POST,/api/v1/events,201,278,SELLER-014,
REQ-001515,2026-09-03T18:55:48.421153+00:00,GET,/api/v1/shipments/SHP-0001,200,223,SELLER-076,
REQ-001516,2026-09-01T06:46:49.421153+00:00,PATCH,/api/v1/shipments/SHP-0001/status,200,44,SELLER-185,
REQ-001517,2026-09-05T23:04:07.421153+00:00,GET,/api/v1/health,404,320,SELLER-159,RESOURCE_NOT_FOUND
REQ-001518,2026-09-03T09:29:05.421153+00:00,GET,/api/v1/health,200,181,SELLER-421,
REQ-001519,2026-09-05T19:34:56.421153+00:00,GET,/api/v1/inventory/SKU-1001,200,290,SELLER-416,
REQ-001520,2026-09-03T06:22:13.421153+00:00,GET,/api/v1/shipments/SHP-0001,200,78,SELLER-490,
REQ-001521,2026-09-05T00:40:49.421153+00:00,GET,/api/v1/limits,200,118,SELLER-418,
REQ-001522,2026-09-02T10:04:33.421153+00:00,GET,/api/v1/warehouses,200,145,SELLER-049,
REQ-001523,2026-09-03T08:23:04.421153+00:00,GET,/api/v1/warehouses,200,214,SELLER-237,
REQ-001524,2026-09-06T00:42:39.421153+00:00,GET,/api/v1/carriers,200,110,SELLER-167,
REQ-001525,2026-09-05T11:33:14.421153+00:00,GET,/api/v1/shipments/SHP-0001,429,133,SELLER-135,RATE_LIMIT_EXCEEDED
REQ-001526,2026-09-01T11:02:43.421153+00:00,GET,/api/v1/carriers,403,289,SELLER-114,INTERNAL_SERVER_ERROR
REQ-001527,2026-09-01T14:05:43.421153+00:00,GET,/api/v1/shipments/SHP-0001,200,30,SELLER-313,
REQ-001528,2026-09-04T18:15:39.421153+00:00,POST,/api/v1/shipments,201,241,SELLER-359,
REQ-001529,2026-09-06T11:24:23.421153+00:00,GET,/api/v1/health,400,317,SELLER-489,INVALID_STATE_TRANSITION
REQ-001530,2026-09-05T08:48:10.421153+00:00,GET,/api/v1/carriers,200,301,SELLER-329,
REQ-001531,2026-09-04T13:49:46.421153+00:00,GET,/api/v1/limits,200,223,SELLER-356,
REQ-001532,2026-09-06T22:12:08.421153+00:00,GET,/api/v1/shipments/SHP-0001,200,88,SELLER-243,
REQ-001533,2026-09-02T22:15:43.421153+00:00,GET,/api/v1/shipments/SHP-0001,422,243,SELLER-078,VALIDATION_ERROR
REQ-001534,2026-09-03T06:10:16.421153+00:00,GET,/api/v1/health,500,167,SELLER-277,INTERNAL_SERVER_ERROR
REQ-001535,2026-09-07T17:07:44.421153+00:00,GET,/api/v1/health,200,114,SELLER-120,
REQ-001536,2026-09-01T20:28:16.421153+00:00,GET,/api/v1/carriers,200,228,SELLER-495,
REQ-001537,2026-09-05T23:59:37.421153+00:00,GET,/api/v1/health,200,47,SELLER-176,
REQ-001538,2026-09-02T20:47:39.421153+00:00,PATCH,/api/v1/shipments/SHP-0001/status,200,14,SELLER-079,
REQ-001539,2026-09-06T13:33:53.421153+00:00,PATCH,/api/v1/shipments/SHP-0001/status,200,329,SELLER-338,
REQ-001540,2026-09-06T17:27:05.421153+00:00,GET,/api/v1/health,500,26,SELLER-089,INTERNAL_SERVER_ERROR
REQ-001541,2026-09-01T17:42:23.421153+00:00,GET,/api/v1/limits,200,294,SELLER-372,
REQ-001542,2026-09-02T00:06:56.421153+00:00,GET,/api/v1/inventory/SKU-1001,200,243,SELLER-303,
REQ-001543,2026-09-07T19:23:41.421153+00:00,GET,/api/v1/warehouses,200,292,SELLER-282,
REQ-001544,2026-09-03T20:54:38.421153+00:00,GET,/api/v1/carriers,422,70,SELLER-293,VALIDATION_ERROR
REQ-001545,2026-09-07T20:44:57.421153+00:00,POST,/api/v1/events,201,137,SELLER-018,
REQ-001546,2026-09-02T20:37:45.421153+00:00,GET,/api/v1/inventory/SKU-1001,200,177,SELLER-403,
REQ-001547,2026-09-01T10:26:50.421153+00:00,GET,/api/v1/warehouses,403,209,SELLER-203,INTERNAL_SERVER_ERROR
REQ-001548,2026-09-03T17:00:17.421153+00:00,GET,/api/v1/warehouses,200,82,SELLER-006,
REQ-001549,2026-09-07T09:07:08.421153+00:00,POST,/api/v1/shipments,201,293,SELLER-486,
REQ-001550,2026-09-08T03:57:29.421153+00:00,POST,/api/v1/shipments,201,47,SELLER-351,
REQ-001551,2026-09-07T05:41:41.421153+00:00,PATCH,/api/v1/shipments/SHP-0001/status,500,178,SELLER-221,INTERNAL_SERVER_ERROR
REQ-001552,2026-09-06T04:38:27.421153+00:00,GET,/api/v1/carriers,200,99,SELLER-275,
REQ-001553,2026-09-03T03:25:51.421153+00:00,PATCH,/api/v1/shipments/SHP-0001/status,401,180,SELLER-261,MISSING_API_KEY
REQ-001554,2026-09-05T01:29:54.421153+00:00,POST,/api/v1/events,401,109,SELLER-162,MISSING_API_KEY
REQ-001555,2026-09-04T09:44:53.421153+00:00,GET,/api/v1/limits,200,277,SELLER-079,
REQ-001556,2026-09-08T02:51:37.421153+00:00,POST,/api/v1/shipments,403,147,SELLER-152,INTERNAL_SERVER_ERROR
REQ-001557,2026-09-06T09:58:34.421153+00:00,GET,/api/v1/warehouses,200,92,SELLER-023,
REQ-001558,2026-09-03T10:55:07.421153+00:00,GET,/api/v1/warehouses,200,169,SELLER-376,
REQ-001559,2026-09-06T20:45:04.421153+00:00,GET,/api/v1/health,200,107,SELLER-394,
REQ-001560,2026-09-04T02:53:55.421153+00:00,GET,/api/v1/shipments/SHP-0001,200,325,SELLER-423,
REQ-001561,2026-09-02T11:42:13.421153+00:00,GET,/api/v1/shipments/SHP-0001,200,341,SELLER-262,
REQ-001562,2026-09-03T21:00:39.421153+00:00,PATCH,/api/v1/shipments/SHP-0001/status,403,289,SELLER-110,INTERNAL_SERVER_ERROR
REQ-001563,2026-09-05T08:20:56.421153+00:00,GET,/api/v1/limits,200,342,SELLER-089,
REQ-001564,2026-09-04T00:07:45.421153+00:00,POST,/api/v1/shipments,201,81,SELLER-338,
REQ-001565,2026-09-05T05:41:59.421153+00:00,POST,/api/v1/events,201,74,SELLER-163,
REQ-001566,2026-09-06T08:42:37.421153+00:00,GET,/api/v1/inventory/SKU-1001,200,339,SELLER-234,
REQ-001567,2026-09-03T11:36:14.421153+00:00,GET,/api/v1/carriers,200,236,SELLER-025,
REQ-001568,2026-09-02T20:30:13.421153+00:00,GET,/api/v1/health,200,236,SELLER-375,
REQ-001569,2026-09-07T01:31:37.421153+00:00,GET,/api/v1/limits,200,225,SELLER-493,
REQ-001570,2026-09-04T00:48:19.421153+00:00,GET,/api/v1/health,200,89,SELLER-014,
REQ-001571,2026-09-06T23:08:45.421153+00:00,GET,/api/v1/inventory/SKU-1001,200,30,SELLER-454,
REQ-001572,2026-09-02T06:41:06.421153+00:00,PATCH,/api/v1/shipments/SHP-0001/status,200,60,SELLER-170,
REQ-001573,2026-09-05T16:04:23.421153+00:00,POST,/api/v1/shipments,201,273,SELLER-339,
REQ-001574,2026-09-05T23:47:48.421153+00:00,GET,/api/v1/carriers,200,278,SELLER-169,
REQ-001575,2026-09-06T17:54:17.421153+00:00,GET,/api/v1/shipments/SHP-0001,200,36,SELLER-144,
REQ-001576,2026-09-05T16:10:22.421153+00:00,GET,/api/v1/inventory/SKU-1001,200,344,SELLER-076,
REQ-001577,2026-09-06T16:35:21.421153+00:00,POST,/api/v1/events,201,142,SELLER-349,
REQ-001578,2026-09-04T15:29:36.421153+00:00,GET,/api/v1/carriers,200,167,SELLER-388,
REQ-001579,2026-09-03T03:22:17.421153+00:00,PATCH,/api/v1/shipments/SHP-0001/status,200,294,SELLER-427,
REQ-001580,2026-09-02T01:59:02.421153+00:00,PATCH,/api/v1/shipments/SHP-0001/status,429,112,SELLER-254,RATE_LIMIT_EXCEEDED
REQ-001581,2026-09-03T10:40:11.421153+00:00,GET,/api/v1/carriers,200,76,SELLER-155,
REQ-001582,2026-09-07T19:45:31.421153+00:00,GET,/api/v1/warehouses,400,159,SELLER-007,INVALID_STATE_TRANSITION
REQ-001583,2026-09-05T11:49:47.421153+00:00,GET,/api/v1/warehouses,200,122,SELLER-141,
REQ-001584,2026-09-03T10:13:37.421153+00:00,POST,/api/v1/events,201,98,SELLER-372,
REQ-001585,2026-09-07T06:03:21.421153+00:00,PATCH,/api/v1/shipments/SHP-0001/status,200,48,SELLER-248,
REQ-001586,2026-09-04T12:44:56.421153+00:00,PATCH,/api/v1/shipments/SHP-0001/status,200,136,SELLER-240,
REQ-001587,2026-09-03T05:05:41.421153+00:00,GET,/api/v1/health,200,22,SELLER-472,
REQ-001588,2026-09-04T09:04:19.421153+00:00,GET,/api/v1/limits,200,158,SELLER-422,
REQ-001589,2026-09-05T20:02:50.421153+00:00,GET,/api/v1/health,200,86,SELLER-419,
REQ-001590,2026-09-05T06:21:01.421153+00:00,PATCH,/api/v1/shipments/SHP-0001/status,200,200,SELLER-158,
REQ-001591,2026-09-04T16:18:13.421153+00:00,GET,/api/v1/limits,200,298,SELLER-405,
REQ-001592,2026-09-05T10:06:02.421153+00:00,GET,/api/v1/health,200,307,SELLER-189,
REQ-001593,2026-09-07T03:45:08.421153+00:00,GET,/api/v1/limits,200,234,SELLER-460,
REQ-001594,2026-09-02T11:19:28.421153+00:00,GET,/api/v1/warehouses,200,133,SELLER-002,
REQ-001595,2026-09-06T12:07:04.421153+00:00,GET,/api/v1/limits,401,59,SELLER-113,MISSING_API_KEY
REQ-001596,2026-09-02T12:15:22.421153+00:00,GET,/api/v1/inventory/SKU-1001,200,213,SELLER-392,
REQ-001597,2026-09-07T07:24:27.421153+00:00,GET,/api/v1/shipments/SHP-0001,200,106,SELLER-136,
REQ-001598,2026-09-05T20:58:51.421153+00:00,GET,/api/v1/warehouses,200,159,SELLER-433,
REQ-001599,2026-09-05T20:01:13.421153+00:00,POST,/api/v1/events,201,182,SELLER-213,
REQ-001600,2026-09-03T09:57:01.421153+00:00,POST,/api/v1/shipments,201,26,SELLER-332,
REQ-001601,2026-09-04T13:48:51.421153+00:00,PATCH,/api/v1/shipments/SHP-0001/status,401,172,SELLER-374,MISSING_API_KEY
REQ-001602,2026-09-06T03:13:46.421153+00:00,POST,/api/v1/shipments,201,69,SELLER-073,
REQ-001603,2026-09-03T22:05:46.421153+00:00,GET,/api/v1/health,200,161,SELLER-429,
REQ-001604,2026-09-07T00:22:41.421153+00:00,GET,/api/v1/inventory/SKU-1001,200,318,SELLER-159,
REQ-001605,2026-09-02T02:06:58.421153+00:00,GET,/api/v1/warehouses,200,297,SELLER-153,
REQ-001606,2026-09-06T11:15:53.421153+00:00,PATCH,/api/v1/shipments/SHP-0001/status,200,176,SELLER-298,
REQ-001607,2026-09-03T21:15:57.421153+00:00,GET,/api/v1/inventory/SKU-1001,200,237,SELLER-189,
REQ-001608,2026-09-05T10:42:10.421153+00:00,GET,/api/v1/health,200,151,SELLER-043,
REQ-001609,2026-09-07T09:32:48.421153+00:00,GET,/api/v1/inventory/SKU-1001,200,248,SELLER-306,
REQ-001610,2026-09-05T07:40:13.421153+00:00,GET,/api/v1/shipments/SHP-0001,200,18,SELLER-081,
REQ-001611,2026-09-01T23:55:51.421153+00:00,GET,/api/v1/inventory/SKU-1001,200,290,SELLER-340,
REQ-001612,2026-09-06T12:05:35.421153+00:00,GET,/api/v1/limits,200,204,SELLER-039,
REQ-001613,2026-09-05T00:14:51.421153+00:00,POST,/api/v1/events,429,192,SELLER-268,RATE_LIMIT_EXCEEDED
REQ-001614,2026-09-04T22:39:26.421153+00:00,GET,/api/v1/shipments/SHP-0001,422,316,SELLER-226,VALIDATION_ERROR
REQ-001615,2026-09-08T00:41:48.421153+00:00,POST,/api/v1/events,201,72,SELLER-239,
REQ-001616,2026-09-07T21:49:53.421153+00:00,GET,/api/v1/warehouses,429,27,SELLER-259,RATE_LIMIT_EXCEEDED
REQ-001617,2026-09-01T17:07:17.421153+00:00,POST,/api/v1/events,201,280,SELLER-443,
REQ-001618,2026-09-05T18:07:11.421153+00:00,PATCH,/api/v1/shipments/SHP-0001/status,200,266,SELLER-074,
REQ-001619,2026-09-04T06:36:25.421153+00:00,PATCH,/api/v1/shipments/SHP-0001/status,500,305,SELLER-309,INTERNAL_SERVER_ERROR
REQ-001620,2026-09-04T22:41:48.421153+00:00,GET,/api/v1/carriers,200,79,SELLER-256,
REQ-001621,2026-09-06T15:19:11.421153+00:00,GET,/api/v1/warehouses,200,270,SELLER-165,
REQ-001622,2026-09-03T04:11:26.421153+00:00,PATCH,/api/v1/shipments/SHP-0001/status,200,270,SELLER-190,
REQ-001623,2026-09-02T02:53:27.421153+00:00,GET,/api/v1/inventory/SKU-1001,200,173,SELLER-428,
REQ-001624,2026-09-04T00:31:36.421153+00:00,GET,/api/v1/warehouses,422,262,SELLER-162,VALIDATION_ERROR
REQ-001625,2026-09-01T14:23:55.421153+00:00,PATCH,/api/v1/shipments/SHP-0001/status,200,151,SELLER-049,
REQ-001626,2026-09-01T21:04:06.421153+00:00,POST,/api/v1/events,404,159,SELLER-440,RESOURCE_NOT_FOUND
REQ-001627,2026-09-07T04:19:47.421153+00:00,GET,/api/v1/carriers,200,201,SELLER-328,
REQ-001628,2026-09-03T09:39:51.421153+00:00,GET,/api/v1/health,200,304,SELLER-157,
REQ-001629,2026-09-07T11:36:42.421153+00:00,POST,/api/v1/events,201,197,SELLER-486,
REQ-001630,2026-09-06T17:34:58.421153+00:00,GET,/api/v1/inventory/SKU-1001,200,222,SELLER-190,
REQ-001631,2026-09-05T02:08:52.421153+00:00,POST,/api/v1/shipments,201,252,SELLER-391,
REQ-001632,2026-09-05T13:19:27.421153+00:00,GET,/api/v1/health,200,112,SELLER-084,
REQ-001633,2026-09-07T15:33:16.421153+00:00,GET,/api/v1/shipments/SHP-0001,200,282,SELLER-484,
REQ-001634,2026-09-04T06:19:55.421153+00:00,GET,/api/v1/shipments/SHP-0001,200,32,SELLER-257,
REQ-001635,2026-09-06T04:49:36.421153+00:00,GET,/api/v1/warehouses,200,195,SELLER-298,
REQ-001636,2026-09-07T15:58:08.421153+00:00,GET,/api/v1/shipments/SHP-0001,200,311,SELLER-185,
REQ-001637,2026-09-01T19:24:30.421153+00:00,GET,/api/v1/limits,200,199,SELLER-102,
REQ-001638,2026-09-06T13:37:45.421153+00:00,POST,/api/v1/shipments,201,209,SELLER-071,
REQ-001639,2026-09-05T01:02:19.421153+00:00,POST,/api/v1/shipments,201,140,SELLER-205,
REQ-001640,2026-09-02T21:31:51.421153+00:00,POST,/api/v1/shipments,201,154,SELLER-362,
REQ-001641,2026-09-02T07:27:53.421153+00:00,GET,/api/v1/shipments/SHP-0001,200,259,SELLER-385,
REQ-001642,2026-09-04T14:21:29.421153+00:00,GET,/api/v1/limits,200,326,SELLER-376,
REQ-001643,2026-09-04T08:41:29.421153+00:00,GET,/api/v1/health,200,139,SELLER-354,
REQ-001644,2026-09-07T23:21:02.421153+00:00,POST,/api/v1/events,201,169,SELLER-018,
REQ-001645,2026-09-01T10:47:23.421153+00:00,GET,/api/v1/health,200,46,SELLER-359,
REQ-001646,2026-09-02T20:50:48.421153+00:00,GET,/api/v1/warehouses,200,101,SELLER-372,
REQ-001647,2026-09-01T11:11:03.421153+00:00,GET,/api/v1/inventory/SKU-1001,200,153,SELLER-357,
REQ-001648,2026-09-05T16:32:43.421153+00:00,POST,/api/v1/shipments,201,267,SELLER-057,
REQ-001649,2026-09-06T10:01:49.421153+00:00,POST,/api/v1/shipments,429,78,SELLER-017,RATE_LIMIT_EXCEEDED
REQ-001650,2026-09-01T05:12:28.421153+00:00,PATCH,/api/v1/shipments/SHP-0001/status,200,70,SELLER-457,
REQ-001651,2026-09-04T07:07:02.421153+00:00,POST,/api/v1/shipments,403,57,SELLER-262,INTERNAL_SERVER_ERROR
REQ-001652,2026-09-06T04:03:10.421153+00:00,GET,/api/v1/limits,200,34,SELLER-336,
REQ-001653,2026-09-01T04:25:02.421153+00:00,POST,/api/v1/events,201,81,SELLER-161,
REQ-001654,2026-09-03T05:01:17.421153+00:00,POST,/api/v1/shipments,422,27,SELLER-278,VALIDATION_ERROR
REQ-001655,2026-09-05T03:03:26.421153+00:00,GET,/api/v1/limits,200,184,SELLER-044,
REQ-001656,2026-09-02T21:02:06.421153+00:00,GET,/api/v1/health,200,276,SELLER-070,
REQ-001657,2026-09-01T16:03:14.421153+00:00,GET,/api/v1/health,200,77,SELLER-483,
REQ-001658,2026-09-02T17:59:40.421153+00:00,GET,/api/v1/shipments/SHP-0001,200,203,SELLER-393,
REQ-001659,2026-09-07T03:33:11.421153+00:00,GET,/api/v1/health,200,219,SELLER-129,
REQ-001660,2026-09-03T09:27:05.421153+00:00,POST,/api/v1/shipments,500,242,SELLER-354,INTERNAL_SERVER_ERROR
REQ-001661,2026-09-01T08:23:51.421153+00:00,GET,/api/v1/carriers,422,71,SELLER-343,VALIDATION_ERROR
REQ-001662,2026-09-05T10:14:43.421153+00:00,GET,/api/v1/warehouses,200,87,SELLER-134,
REQ-001663,2026-09-01T06:51:28.421153+00:00,POST,/api/v1/shipments,201,120,SELLER-457,
REQ-001664,2026-09-07T21:43:02.421153+00:00,GET,/api/v1/shipments/SHP-0001,200,272,SELLER-450,
REQ-001665,2026-09-04T13:06:25.421153+00:00,GET,/api/v1/carriers,200,173,SELLER-487,
REQ-001666,2026-09-08T00:40:40.421153+00:00,GET,/api/v1/warehouses,200,165,SELLER-339,
REQ-001667,2026-09-03T01:29:27.421153+00:00,GET,/api/v1/health,200,209,SELLER-342,
REQ-001668,2026-09-02T04:36:12.421153+00:00,GET,/api/v1/shipments/SHP-0001,200,219,SELLER-354,
REQ-001669,2026-09-06T03:55:30.421153+00:00,GET,/api/v1/shipments/SHP-0001,200,144,SELLER-202,
REQ-001670,2026-09-03T10:00:12.421153+00:00,GET,/api/v1/carriers,200,234,SELLER-342,
REQ-001671,2026-09-07T09:44:29.421153+00:00,GET,/api/v1/shipments/SHP-0001,404,289,SELLER-258,RESOURCE_NOT_FOUND
REQ-001672,2026-09-05T19:39:08.421153+00:00,GET,/api/v1/health,200,290,SELLER-077,
REQ-001673,2026-09-05T16:15:10.421153+00:00,GET,/api/v1/warehouses,200,278,SELLER-260,
REQ-001674,2026-09-02T05:28:03.421153+00:00,GET,/api/v1/inventory/SKU-1001,200,213,SELLER-094,
REQ-001675,2026-09-03T21:16:41.421153+00:00,POST,/api/v1/events,201,187,SELLER-166,
REQ-001676,2026-09-07T08:55:59.421153+00:00,GET,/api/v1/warehouses,200,162,SELLER-154,
REQ-001677,2026-09-05T09:09:03.421153+00:00,POST,/api/v1/shipments,201,148,SELLER-212,
REQ-001678,2026-09-03T13:44:11.421153+00:00,GET,/api/v1/limits,403,114,SELLER-092,INTERNAL_SERVER_ERROR
REQ-001679,2026-09-04T22:03:46.421153+00:00,GET,/api/v1/shipments/SHP-0001,200,251,SELLER-122,
REQ-001680,2026-09-01T13:45:23.421153+00:00,GET,/api/v1/limits,200,109,SELLER-026,
REQ-001681,2026-09-05T05:04:12.421153+00:00,GET,/api/v1/inventory/SKU-1001,200,165,SELLER-087,
REQ-001682,2026-09-04T18:30:27.421153+00:00,GET,/api/v1/health,200,59,SELLER-392,
REQ-001683,2026-09-04T05:10:00.421153+00:00,PATCH,/api/v1/shipments/SHP-0001/status,200,126,SELLER-004,
REQ-001684,2026-09-07T14:19:09.421153+00:00,GET,/api/v1/inventory/SKU-1001,200,315,SELLER-016,
REQ-001685,2026-09-01T08:48:13.421153+00:00,GET,/api/v1/health,200,342,SELLER-077,
REQ-001686,2026-09-06T11:24:32.421153+00:00,POST,/api/v1/events,201,61,SELLER-126,
REQ-001687,2026-09-06T20:23:37.421153+00:00,POST,/api/v1/events,201,224,SELLER-158,
REQ-001688,2026-09-05T13:48:08.421153+00:00,GET,/api/v1/limits,200,79,SELLER-167,
REQ-001689,2026-09-04T23:57:19.421153+00:00,PATCH,/api/v1/shipments/SHP-0001/status,429,274,SELLER-351,RATE_LIMIT_EXCEEDED
REQ-001690,2026-09-02T23:55:25.421153+00:00,GET,/api/v1/shipments/SHP-0001,429,25,SELLER-467,RATE_LIMIT_EXCEEDED
REQ-001691,2026-09-07T00:55:32.421153+00:00,PATCH,/api/v1/shipments/SHP-0001/status,200,321,SELLER-174,
REQ-001692,2026-09-08T02:16:56.421153+00:00,GET,/api/v1/inventory/SKU-1001,200,219,SELLER-081,
REQ-001693,2026-09-02T05:55:26.421153+00:00,GET,/api/v1/shipments/SHP-0001,200,255,SELLER-448,
REQ-001694,2026-09-01T09:16:44.421153+00:00,GET,/api/v1/limits,200,17,SELLER-058,
REQ-001695,2026-09-05T01:36:15.421153+00:00,POST,/api/v1/shipments,201,300,SELLER-109,
REQ-001696,2026-09-04T03:59:13.421153+00:00,POST,/api/v1/shipments,201,39,SELLER-411,
REQ-001697,2026-09-05T18:01:43.421153+00:00,GET,/api/v1/shipments/SHP-0001,200,267,SELLER-012,
REQ-001698,2026-09-02T04:24:24.421153+00:00,PATCH,/api/v1/shipments/SHP-0001/status,200,166,SELLER-412,
REQ-001699,2026-09-06T20:28:31.421153+00:00,POST,/api/v1/shipments,201,274,SELLER-142,
REQ-001700,2026-09-02T09:36:58.421153+00:00,POST,/api/v1/shipments,201,22,SELLER-343,
REQ-001701,2026-09-05T10:27:59.421153+00:00,PATCH,/api/v1/shipments/SHP-0001/status,500,18,SELLER-024,INTERNAL_SERVER_ERROR
REQ-001702,2026-09-05T06:56:54.421153+00:00,GET,/api/v1/limits,200,310,SELLER-325,
REQ-001703,2026-09-01T04:42:06.421153+00:00,POST,/api/v1/events,201,273,SELLER-261,
REQ-001704,2026-09-02T06:44:56.421153+00:00,PATCH,/api/v1/shipments/SHP-0001/status,200,136,SELLER-098,
REQ-001705,2026-09-02T06:35:02.421153+00:00,GET,/api/v1/warehouses,200,344,SELLER-263,
REQ-001706,2026-09-02T21:56:36.421153+00:00,GET,/api/v1/health,200,251,SELLER-487,
REQ-001707,2026-09-03T23:29:05.421153+00:00,GET,/api/v1/carriers,200,54,SELLER-222,
REQ-001708,2026-09-03T11:32:06.421153+00:00,GET,/api/v1/shipments/SHP-0001,200,233,SELLER-438,
REQ-001709,2026-09-02T13:32:27.421153+00:00,GET,/api/v1/shipments/SHP-0001,200,197,SELLER-195,
REQ-001710,2026-09-05T13:24:14.421153+00:00,GET,/api/v1/inventory/SKU-1001,200,167,SELLER-350,
REQ-001711,2026-09-06T17:52:45.421153+00:00,GET,/api/v1/shipments/SHP-0001,422,293,SELLER-284,VALIDATION_ERROR
REQ-001712,2026-09-05T07:58:30.421153+00:00,GET,/api/v1/inventory/SKU-1001,200,264,SELLER-135,
REQ-001713,2026-09-06T10:28:54.421153+00:00,GET,/api/v1/shipments/SHP-0001,200,106,SELLER-057,
REQ-001714,2026-09-04T09:47:58.421153+00:00,POST,/api/v1/events,201,26,SELLER-358,
REQ-001715,2026-09-06T15:39:21.421153+00:00,GET,/api/v1/carriers,200,130,SELLER-492,
REQ-001716,2026-09-04T10:12:12.421153+00:00,POST,/api/v1/shipments,201,200,SELLER-355,
REQ-001717,2026-09-04T13:39:12.421153+00:00,GET,/api/v1/health,200,61,SELLER-315,
REQ-001718,2026-09-06T09:10:05.421153+00:00,GET,/api/v1/limits,200,22,SELLER-362,
REQ-001719,2026-09-06T22:35:46.421153+00:00,GET,/api/v1/carriers,200,257,SELLER-388,
REQ-001720,2026-09-05T06:01:15.421153+00:00,POST,/api/v1/shipments,201,144,SELLER-401,
REQ-001721,2026-09-02T04:31:24.421153+00:00,GET,/api/v1/carriers,200,255,SELLER-489,
REQ-001722,2026-09-07T04:03:03.421153+00:00,PATCH,/api/v1/shipments/SHP-0001/status,200,249,SELLER-089,
REQ-001723,2026-09-06T17:41:06.421153+00:00,GET,/api/v1/shipments/SHP-0001,200,275,SELLER-462,
REQ-001724,2026-09-03T01:15:01.421153+00:00,GET,/api/v1/health,200,288,SELLER-261,
REQ-001725,2026-09-05T21:23:17.421153+00:00,PATCH,/api/v1/shipments/SHP-0001/status,500,186,SELLER-321,INTERNAL_SERVER_ERROR
REQ-001726,2026-09-02T03:16:54.421153+00:00,GET,/api/v1/carriers,200,99,SELLER-192,
REQ-001727,2026-09-07T09:47:56.421153+00:00,GET,/api/v1/warehouses,200,130,SELLER-081,
REQ-001728,2026-09-03T22:32:41.421153+00:00,GET,/api/v1/inventory/SKU-1001,200,328,SELLER-058,
REQ-001729,2026-09-03T17:37:54.421153+00:00,GET,/api/v1/limits,200,87,SELLER-302,
REQ-001730,2026-09-03T13:50:26.421153+00:00,GET,/api/v1/inventory/SKU-1001,403,14,SELLER-173,INTERNAL_SERVER_ERROR
REQ-001731,2026-09-03T10:32:24.421153+00:00,GET,/api/v1/inventory/SKU-1001,200,91,SELLER-405,
REQ-001732,2026-09-02T11:06:13.421153+00:00,GET,/api/v1/carriers,200,185,SELLER-496,
REQ-001733,2026-09-01T14:33:45.421153+00:00,GET,/api/v1/shipments/SHP-0001,200,194,SELLER-279,
REQ-001734,2026-09-01T16:34:47.421153+00:00,GET,/api/v1/inventory/SKU-1001,200,347,SELLER-401,
REQ-001735,2026-09-02T16:45:14.421153+00:00,GET,/api/v1/health,200,95,SELLER-052,
REQ-001736,2026-09-07T22:48:41.421153+00:00,POST,/api/v1/shipments,429,308,SELLER-259,RATE_LIMIT_EXCEEDED
REQ-001737,2026-09-01T06:45:05.421153+00:00,GET,/api/v1/health,200,276,SELLER-171,
REQ-001738,2026-09-01T16:28:15.421153+00:00,POST,/api/v1/shipments,201,37,SELLER-281,
REQ-001739,2026-09-02T09:52:36.421153+00:00,GET,/api/v1/shipments/SHP-0001,400,125,SELLER-119,INVALID_STATE_TRANSITION
REQ-001740,2026-09-01T10:43:28.421153+00:00,POST,/api/v1/events,201,300,SELLER-098,
REQ-001741,2026-09-07T04:00:03.421153+00:00,GET,/api/v1/carriers,200,153,SELLER-206,
REQ-001742,2026-09-03T05:27:11.421153+00:00,GET,/api/v1/shipments/SHP-0001,200,217,SELLER-001,
REQ-001743,2026-09-02T18:52:53.421153+00:00,GET,/api/v1/health,404,269,SELLER-310,RESOURCE_NOT_FOUND
REQ-001744,2026-09-04T15:52:24.421153+00:00,GET,/api/v1/carriers,200,161,SELLER-220,
REQ-001745,2026-09-01T04:59:07.421153+00:00,POST,/api/v1/events,201,339,SELLER-025,
REQ-001746,2026-09-03T19:17:52.421153+00:00,PATCH,/api/v1/shipments/SHP-0001/status,200,52,SELLER-124,
REQ-001747,2026-09-07T07:20:44.421153+00:00,GET,/api/v1/health,200,43,SELLER-439,
REQ-001748,2026-09-01T04:57:03.421153+00:00,POST,/api/v1/events,201,14,SELLER-295,
REQ-001749,2026-09-04T05:53:55.421153+00:00,GET,/api/v1/shipments/SHP-0001,200,312,SELLER-170,
REQ-001750,2026-09-01T21:51:09.421153+00:00,PATCH,/api/v1/shipments/SHP-0001/status,200,102,SELLER-108,
REQ-001751,2026-09-04T22:16:54.421153+00:00,POST,/api/v1/shipments,201,307,SELLER-251,
REQ-001752,2026-09-01T14:15:31.421153+00:00,GET,/api/v1/limits,200,180,SELLER-024,
REQ-001753,2026-09-04T18:56:23.421153+00:00,GET,/api/v1/shipments/SHP-0001,200,154,SELLER-051,
REQ-001754,2026-09-01T23:52:12.421153+00:00,GET,/api/v1/shipments/SHP-0001,200,332,SELLER-250,
REQ-001755,2026-09-05T08:53:20.421153+00:00,POST,/api/v1/shipments,400,65,SELLER-030,INVALID_STATE_TRANSITION
REQ-001756,2026-09-04T23:39:25.421153+00:00,GET,/api/v1/health,200,137,SELLER-102,
REQ-001757,2026-09-04T17:50:05.421153+00:00,GET,/api/v1/inventory/SKU-1001,200,97,SELLER-219,
REQ-001758,2026-09-03T17:37:34.421153+00:00,GET,/api/v1/inventory/SKU-1001,200,257,SELLER-273,
REQ-001759,2026-09-02T08:16:36.421153+00:00,GET,/api/v1/warehouses,200,76,SELLER-092,
REQ-001760,2026-09-04T22:39:40.421153+00:00,POST,/api/v1/events,201,105,SELLER-042,
REQ-001761,2026-09-07T10:39:54.421153+00:00,GET,/api/v1/warehouses,200,183,SELLER-205,
REQ-001762,2026-09-07T08:04:39.421153+00:00,GET,/api/v1/shipments/SHP-0001,200,327,SELLER-208,
REQ-001763,2026-09-07T15:35:08.421153+00:00,GET,/api/v1/inventory/SKU-1001,200,185,SELLER-226,
REQ-001764,2026-09-07T20:58:27.421153+00:00,GET,/api/v1/carriers,200,302,SELLER-008,
REQ-001765,2026-09-06T08:24:00.421153+00:00,GET,/api/v1/shipments/SHP-0001,200,72,SELLER-489,
REQ-001766,2026-09-02T21:44:26.421153+00:00,GET,/api/v1/health,200,164,SELLER-067,
REQ-001767,2026-09-02T03:31:34.421153+00:00,GET,/api/v1/limits,200,45,SELLER-428,
REQ-001768,2026-09-06T15:11:04.421153+00:00,POST,/api/v1/shipments,201,73,SELLER-291,
REQ-001769,2026-09-03T16:32:38.421153+00:00,PATCH,/api/v1/shipments/SHP-0001/status,200,86,SELLER-061,
REQ-001770,2026-09-02T12:54:22.421153+00:00,GET,/api/v1/health,200,55,SELLER-475,
REQ-001771,2026-09-05T00:33:27.421153+00:00,GET,/api/v1/health,200,119,SELLER-047,
REQ-001772,2026-09-07T02:07:36.421153+00:00,GET,/api/v1/inventory/SKU-1001,200,41,SELLER-230,
REQ-001773,2026-09-02T10:19:34.421153+00:00,POST,/api/v1/shipments,201,152,SELLER-338,
REQ-001774,2026-09-02T22:54:09.421153+00:00,POST,/api/v1/shipments,201,238,SELLER-201,
REQ-001775,2026-09-08T02:34:23.421153+00:00,GET,/api/v1/health,200,75,SELLER-066,
REQ-001776,2026-09-04T12:18:06.421153+00:00,GET,/api/v1/warehouses,200,16,SELLER-469,
REQ-001777,2026-09-07T15:22:18.421153+00:00,PATCH,/api/v1/shipments/SHP-0001/status,401,127,SELLER-014,MISSING_API_KEY
REQ-001778,2026-09-05T04:40:37.421153+00:00,POST,/api/v1/shipments,422,148,SELLER-411,VALIDATION_ERROR
REQ-001779,2026-09-02T17:08:54.421153+00:00,GET,/api/v1/warehouses,200,318,SELLER-354,
REQ-001780,2026-09-06T22:21:34.421153+00:00,POST,/api/v1/events,201,212,SELLER-211,
REQ-001781,2026-09-03T22:56:28.421153+00:00,GET,/api/v1/carriers,200,119,SELLER-104,
REQ-001782,2026-09-05T12:15:09.421153+00:00,PATCH,/api/v1/shipments/SHP-0001/status,200,224,SELLER-044,
REQ-001783,2026-09-06T19:53:58.421153+00:00,PATCH,/api/v1/shipments/SHP-0001/status,429,152,SELLER-353,RATE_LIMIT_EXCEEDED
REQ-001784,2026-09-01T08:17:49.421153+00:00,GET,/api/v1/warehouses,200,182,SELLER-223,
REQ-001785,2026-09-06T20:45:31.421153+00:00,PATCH,/api/v1/shipments/SHP-0001/status,200,251,SELLER-078,
REQ-001786,2026-09-06T02:13:51.421153+00:00,GET,/api/v1/shipments/SHP-0001,200,75,SELLER-477,
REQ-001787,2026-09-03T20:31:28.421153+00:00,POST,/api/v1/events,201,154,SELLER-214,
REQ-001788,2026-09-06T18:33:13.421153+00:00,GET,/api/v1/shipments/SHP-0001,200,170,SELLER-281,
REQ-001789,2026-09-07T07:01:11.421153+00:00,GET,/api/v1/health,500,107,SELLER-338,INTERNAL_SERVER_ERROR
REQ-001790,2026-09-02T23:52:06.421153+00:00,GET,/api/v1/inventory/SKU-1001,200,42,SELLER-242,
REQ-001791,2026-09-04T09:46:37.421153+00:00,POST,/api/v1/shipments,201,333,SELLER-197,
REQ-001792,2026-09-07T15:24:36.421153+00:00,GET,/api/v1/warehouses,200,115,SELLER-468,
REQ-001793,2026-09-02T03:45:27.421153+00:00,GET,/api/v1/health,200,174,SELLER-031,
REQ-001794,2026-09-07T02:06:59.421153+00:00,GET,/api/v1/carriers,200,225,SELLER-058,
REQ-001795,2026-09-04T13:16:24.421153+00:00,GET,/api/v1/health,429,270,SELLER-493,RATE_LIMIT_EXCEEDED
REQ-001796,2026-09-06T17:52:43.421153+00:00,POST,/api/v1/events,201,141,SELLER-406,
REQ-001797,2026-09-02T15:37:32.421153+00:00,PATCH,/api/v1/shipments/SHP-0001/status,200,289,SELLER-078,
REQ-001798,2026-09-08T00:44:30.421153+00:00,GET,/api/v1/inventory/SKU-1001,200,226,SELLER-499,
REQ-001799,2026-09-07T05:21:22.421153+00:00,GET,/api/v1/warehouses,200,174,SELLER-331,
REQ-001800,2026-09-06T23:53:03.421153+00:00,GET,/api/v1/shipments/SHP-0001,200,299,SELLER-357,
REQ-001801,2026-09-06T08:09:56.421153+00:00,GET,/api/v1/shipments/SHP-0001,200,346,SELLER-237,
REQ-001802,2026-09-05T17:56:07.421153+00:00,GET,/api/v1/inventory/SKU-1001,200,23,SELLER-311,
REQ-001803,2026-09-05T04:35:47.421153+00:00,GET,/api/v1/shipments/SHP-0001,200,251,SELLER-189,
REQ-001804,2026-09-02T10:48:23.421153+00:00,GET,/api/v1/warehouses,200,203,SELLER-220,
REQ-001805,2026-09-04T08:21:43.421153+00:00,GET,/api/v1/shipments/SHP-0001,200,89,SELLER-094,
REQ-001806,2026-09-04T12:26:24.421153+00:00,GET,/api/v1/carriers,200,82,SELLER-087,
REQ-001807,2026-09-06T11:50:22.421153+00:00,POST,/api/v1/shipments,201,281,SELLER-065,
REQ-001808,2026-09-04T04:47:49.421153+00:00,PATCH,/api/v1/shipments/SHP-0001/status,200,178,SELLER-438,
REQ-001809,2026-09-03T08:39:47.421153+00:00,GET,/api/v1/warehouses,429,88,SELLER-080,RATE_LIMIT_EXCEEDED
REQ-001810,2026-09-06T06:23:15.421153+00:00,GET,/api/v1/limits,200,286,SELLER-300,
REQ-001811,2026-09-03T19:59:34.421153+00:00,GET,/api/v1/health,200,96,SELLER-471,
REQ-001812,2026-09-05T21:21:42.421153+00:00,GET,/api/v1/limits,200,38,SELLER-403,
REQ-001813,2026-09-04T14:20:21.421153+00:00,GET,/api/v1/carriers,200,265,SELLER-192,
REQ-001814,2026-09-04T03:37:40.421153+00:00,GET,/api/v1/limits,200,166,SELLER-078,
REQ-001815,2026-09-01T17:04:09.421153+00:00,GET,/api/v1/limits,200,62,SELLER-346,
REQ-001816,2026-09-04T14:35:41.421153+00:00,POST,/api/v1/shipments,404,199,SELLER-304,RESOURCE_NOT_FOUND
REQ-001817,2026-09-02T11:57:48.421153+00:00,POST,/api/v1/shipments,500,262,SELLER-145,INTERNAL_SERVER_ERROR
REQ-001818,2026-09-04T08:37:25.421153+00:00,GET,/api/v1/limits,200,301,SELLER-164,
REQ-001819,2026-09-05T16:59:28.421153+00:00,POST,/api/v1/shipments,201,139,SELLER-430,
REQ-001820,2026-09-02T17:07:04.421153+00:00,POST,/api/v1/events,201,134,SELLER-008,
REQ-001821,2026-09-06T05:44:59.421153+00:00,GET,/api/v1/health,200,296,SELLER-222,
REQ-001822,2026-09-06T14:02:50.421153+00:00,GET,/api/v1/carriers,200,157,SELLER-010,
REQ-001823,2026-09-07T06:37:26.421153+00:00,POST,/api/v1/events,201,178,SELLER-129,
REQ-001824,2026-09-05T14:38:18.421153+00:00,POST,/api/v1/events,201,82,SELLER-035,
REQ-001825,2026-09-07T01:17:33.421153+00:00,GET,/api/v1/inventory/SKU-1001,200,86,SELLER-314,
REQ-001826,2026-09-05T19:17:17.421153+00:00,GET,/api/v1/inventory/SKU-1001,200,213,SELLER-144,
REQ-001827,2026-09-04T14:18:46.421153+00:00,POST,/api/v1/events,201,121,SELLER-262,
REQ-001828,2026-09-03T19:37:03.421153+00:00,GET,/api/v1/health,200,14,SELLER-474,
REQ-001829,2026-09-01T04:32:46.421153+00:00,POST,/api/v1/shipments,201,155,SELLER-214,
REQ-001830,2026-09-05T13:42:34.421153+00:00,POST,/api/v1/shipments,404,95,SELLER-377,RESOURCE_NOT_FOUND
REQ-001831,2026-09-02T20:08:31.421153+00:00,GET,/api/v1/shipments/SHP-0001,200,165,SELLER-101,
REQ-001832,2026-09-05T04:34:34.421153+00:00,POST,/api/v1/shipments,403,94,SELLER-364,INTERNAL_SERVER_ERROR
REQ-001833,2026-09-08T00:27:02.421153+00:00,POST,/api/v1/shipments,201,44,SELLER-041,
REQ-001834,2026-09-01T08:22:59.421153+00:00,GET,/api/v1/health,200,215,SELLER-118,
REQ-001835,2026-09-04T18:47:23.421153+00:00,GET,/api/v1/inventory/SKU-1001,200,273,SELLER-361,
REQ-001836,2026-09-03T03:23:12.421153+00:00,POST,/api/v1/shipments,201,56,SELLER-136,
REQ-001837,2026-09-02T05:26:48.421153+00:00,POST,/api/v1/shipments,201,172,SELLER-274,
REQ-001838,2026-09-06T01:08:55.421153+00:00,GET,/api/v1/shipments/SHP-0001,200,262,SELLER-268,
REQ-001839,2026-09-03T23:54:56.421153+00:00,GET,/api/v1/carriers,200,319,SELLER-462,
REQ-001840,2026-09-01T04:54:00.421153+00:00,GET,/api/v1/health,200,161,SELLER-265,
REQ-001841,2026-09-05T01:23:12.421153+00:00,GET,/api/v1/carriers,200,220,SELLER-122,
REQ-001842,2026-09-06T22:46:23.421153+00:00,PATCH,/api/v1/shipments/SHP-0001/status,404,252,SELLER-036,RESOURCE_NOT_FOUND
REQ-001843,2026-09-02T23:55:33.421153+00:00,GET,/api/v1/carriers,200,270,SELLER-418,
REQ-001844,2026-09-05T07:49:40.421153+00:00,GET,/api/v1/health,200,82,SELLER-219,
REQ-001845,2026-09-06T21:38:27.421153+00:00,GET,/api/v1/limits,200,190,SELLER-093,
REQ-001846,2026-09-04T09:48:44.421153+00:00,POST,/api/v1/events,201,139,SELLER-306,
REQ-001847,2026-09-07T03:33:45.421153+00:00,GET,/api/v1/health,403,184,SELLER-067,INTERNAL_SERVER_ERROR
REQ-001848,2026-09-06T18:26:43.421153+00:00,GET,/api/v1/shipments/SHP-0001,200,58,SELLER-310,
REQ-001849,2026-09-06T05:21:29.421153+00:00,GET,/api/v1/shipments/SHP-0001,200,281,SELLER-310,
REQ-001850,2026-09-08T02:01:13.421153+00:00,GET,/api/v1/inventory/SKU-1001,200,297,SELLER-438,
REQ-001851,2026-09-03T19:48:13.421153+00:00,POST,/api/v1/events,201,170,SELLER-151,
REQ-001852,2026-09-01T16:41:24.421153+00:00,GET,/api/v1/inventory/SKU-1001,200,178,SELLER-444,
REQ-001853,2026-09-05T14:41:21.421153+00:00,GET,/api/v1/health,200,341,SELLER-417,
REQ-001854,2026-09-08T00:17:30.421153+00:00,GET,/api/v1/warehouses,422,323,SELLER-324,VALIDATION_ERROR
REQ-001855,2026-09-02T15:05:05.421153+00:00,GET,/api/v1/inventory/SKU-1001,200,45,SELLER-058,
REQ-001856,2026-09-02T03:14:33.421153+00:00,POST,/api/v1/shipments,201,15,SELLER-376,
REQ-001857,2026-09-06T19:30:57.421153+00:00,GET,/api/v1/limits,200,341,SELLER-293,
REQ-001858,2026-09-05T10:36:24.421153+00:00,POST,/api/v1/shipments,201,328,SELLER-231,
REQ-001859,2026-09-03T14:42:35.421153+00:00,GET,/api/v1/shipments/SHP-0001,200,264,SELLER-065,
REQ-001860,2026-09-05T19:43:34.421153+00:00,POST,/api/v1/events,201,229,SELLER-192,
REQ-001861,2026-09-02T01:04:43.421153+00:00,GET,/api/v1/limits,200,344,SELLER-393,
REQ-001862,2026-09-01T05:35:20.421153+00:00,GET,/api/v1/health,200,109,SELLER-254,
REQ-001863,2026-09-02T12:02:09.421153+00:00,GET,/api/v1/carriers,200,106,SELLER-321,
REQ-001864,2026-09-04T13:49:50.421153+00:00,GET,/api/v1/inventory/SKU-1001,200,330,SELLER-024,
REQ-001865,2026-09-05T10:29:28.421153+00:00,GET,/api/v1/health,200,60,SELLER-322,
REQ-001866,2026-09-06T06:30:48.421153+00:00,GET,/api/v1/health,200,265,SELLER-030,
REQ-001867,2026-09-07T15:36:27.421153+00:00,PATCH,/api/v1/shipments/SHP-0001/status,200,219,SELLER-375,
REQ-001868,2026-09-06T05:16:55.421153+00:00,GET,/api/v1/shipments/SHP-0001,200,27,SELLER-123,
REQ-001869,2026-09-07T12:40:42.421153+00:00,GET,/api/v1/shipments/SHP-0001,403,196,SELLER-460,INTERNAL_SERVER_ERROR
REQ-001870,2026-09-07T15:11:09.421153+00:00,GET,/api/v1/health,403,299,SELLER-186,INTERNAL_SERVER_ERROR
REQ-001871,2026-09-06T06:51:09.421153+00:00,POST,/api/v1/events,201,65,SELLER-277,
REQ-001872,2026-09-04T19:00:00.421153+00:00,PATCH,/api/v1/shipments/SHP-0001/status,200,37,SELLER-077,
REQ-001873,2026-09-06T15:59:12.421153+00:00,GET,/api/v1/limits,200,79,SELLER-390,
REQ-001874,2026-09-01T15:21:15.421153+00:00,GET,/api/v1/warehouses,200,205,SELLER-415,
REQ-001875,2026-09-07T15:29:20.421153+00:00,POST,/api/v1/shipments,201,281,SELLER-131,
REQ-001876,2026-09-08T03:05:52.421153+00:00,GET,/api/v1/warehouses,200,53,SELLER-341,
REQ-001877,2026-09-07T00:44:35.421153+00:00,POST,/api/v1/shipments,201,109,SELLER-415,
REQ-001878,2026-09-06T23:56:23.421153+00:00,PATCH,/api/v1/shipments/SHP-0001/status,200,197,SELLER-255,
REQ-001879,2026-09-03T12:03:08.421153+00:00,GET,/api/v1/warehouses,200,85,SELLER-184,
REQ-001880,2026-09-01T13:11:02.421153+00:00,POST,/api/v1/shipments,201,31,SELLER-305,
REQ-001881,2026-09-03T19:45:46.421153+00:00,GET,/api/v1/warehouses,200,211,SELLER-220,
REQ-001882,2026-09-07T02:46:38.421153+00:00,POST,/api/v1/shipments,201,184,SELLER-420,
REQ-001883,2026-09-04T09:07:36.421153+00:00,GET,/api/v1/inventory/SKU-1001,200,107,SELLER-109,
REQ-001884,2026-09-01T06:49:32.421153+00:00,POST,/api/v1/events,201,225,SELLER-359,
REQ-001885,2026-09-03T12:25:03.421153+00:00,GET,/api/v1/warehouses,200,164,SELLER-300,
REQ-001886,2026-09-03T20:03:49.421153+00:00,POST,/api/v1/events,201,92,SELLER-443,
REQ-001887,2026-09-02T18:10:19.421153+00:00,GET,/api/v1/inventory/SKU-1001,200,305,SELLER-185,
REQ-001888,2026-09-02T03:20:51.421153+00:00,POST,/api/v1/events,201,243,SELLER-483,
REQ-001889,2026-09-07T12:53:31.421153+00:00,GET,/api/v1/limits,200,195,SELLER-279,
REQ-001890,2026-09-07T23:23:18.421153+00:00,GET,/api/v1/shipments/SHP-0001,403,273,SELLER-310,INTERNAL_SERVER_ERROR
REQ-001891,2026-09-04T05:20:40.421153+00:00,POST,/api/v1/shipments,201,55,SELLER-190,
REQ-001892,2026-09-07T01:14:50.421153+00:00,GET,/api/v1/warehouses,200,83,SELLER-105,
REQ-001893,2026-09-01T14:06:29.421153+00:00,GET,/api/v1/carriers,200,112,SELLER-276,
REQ-001894,2026-09-01T05:35:07.421153+00:00,GET,/api/v1/warehouses,200,312,SELLER-476,
REQ-001895,2026-09-03T12:07:15.421153+00:00,GET,/api/v1/warehouses,200,33,SELLER-477,
REQ-001896,2026-09-04T04:15:22.421153+00:00,GET,/api/v1/warehouses,200,339,SELLER-443,
REQ-001897,2026-09-06T06:44:01.421153+00:00,POST,/api/v1/events,201,163,SELLER-345,
REQ-001898,2026-09-05T05:15:41.421153+00:00,POST,/api/v1/shipments,201,170,SELLER-050,
REQ-001899,2026-09-02T14:39:49.421153+00:00,POST,/api/v1/events,201,127,SELLER-448,
REQ-001900,2026-09-06T11:31:49.421153+00:00,POST,/api/v1/shipments,201,317,SELLER-355,
REQ-001901,2026-09-06T21:37:30.421153+00:00,POST,/api/v1/shipments,201,75,SELLER-382,
REQ-001902,2026-09-01T12:51:48.421153+00:00,GET,/api/v1/limits,200,91,SELLER-261,
REQ-001903,2026-09-07T15:01:49.421153+00:00,GET,/api/v1/health,200,175,SELLER-356,
REQ-001904,2026-09-04T10:05:07.421153+00:00,PATCH,/api/v1/shipments/SHP-0001/status,200,171,SELLER-431,
REQ-001905,2026-09-08T00:37:31.421153+00:00,POST,/api/v1/events,201,184,SELLER-190,
REQ-001906,2026-09-07T05:26:52.421153+00:00,GET,/api/v1/shipments/SHP-0001,200,53,SELLER-444,
REQ-001907,2026-09-07T21:43:16.421153+00:00,GET,/api/v1/shipments/SHP-0001,400,272,SELLER-479,INVALID_STATE_TRANSITION
REQ-001908,2026-09-02T15:16:19.421153+00:00,GET,/api/v1/carriers,404,239,SELLER-371,RESOURCE_NOT_FOUND
REQ-001909,2026-09-03T15:49:13.421153+00:00,GET,/api/v1/shipments/SHP-0001,200,76,SELLER-332,
REQ-001910,2026-09-01T15:22:17.421153+00:00,GET,/api/v1/limits,400,22,SELLER-308,INVALID_STATE_TRANSITION
REQ-001911,2026-09-04T19:26:53.421153+00:00,GET,/api/v1/inventory/SKU-1001,200,14,SELLER-354,
REQ-001912,2026-09-04T05:56:53.421153+00:00,GET,/api/v1/health,200,329,SELLER-112,
REQ-001913,2026-09-04T06:22:23.421153+00:00,GET,/api/v1/carriers,200,223,SELLER-189,
REQ-001914,2026-09-06T15:04:22.421153+00:00,GET,/api/v1/health,200,115,SELLER-137,
REQ-001915,2026-09-04T14:46:01.421153+00:00,GET,/api/v1/shipments/SHP-0001,200,42,SELLER-094,
REQ-001916,2026-09-05T09:47:47.421153+00:00,POST,/api/v1/events,201,229,SELLER-090,
REQ-001917,2026-09-04T11:28:05.421153+00:00,POST,/api/v1/shipments,201,272,SELLER-361,
REQ-001918,2026-09-02T03:38:20.421153+00:00,POST,/api/v1/events,422,297,SELLER-262,VALIDATION_ERROR
REQ-001919,2026-09-03T19:41:28.421153+00:00,PATCH,/api/v1/shipments/SHP-0001/status,200,300,SELLER-392,
REQ-001920,2026-09-03T12:38:50.421153+00:00,GET,/api/v1/warehouses,200,255,SELLER-065,
REQ-001921,2026-09-02T01:47:01.421153+00:00,GET,/api/v1/shipments/SHP-0001,200,273,SELLER-472,
REQ-001922,2026-09-07T21:57:54.421153+00:00,GET,/api/v1/shipments/SHP-0001,200,187,SELLER-360,
REQ-001923,2026-09-04T23:34:30.421153+00:00,GET,/api/v1/health,200,346,SELLER-497,
REQ-001924,2026-09-03T04:34:00.421153+00:00,GET,/api/v1/health,200,21,SELLER-363,
REQ-001925,2026-09-07T17:11:29.421153+00:00,POST,/api/v1/events,201,62,SELLER-028,
REQ-001926,2026-09-02T00:59:01.421153+00:00,GET,/api/v1/warehouses,200,76,SELLER-306,
REQ-001927,2026-09-05T04:31:57.421153+00:00,PATCH,/api/v1/shipments/SHP-0001/status,200,32,SELLER-435,
REQ-001928,2026-09-04T01:30:30.421153+00:00,GET,/api/v1/limits,500,103,SELLER-131,INTERNAL_SERVER_ERROR
REQ-001929,2026-09-05T14:45:11.421153+00:00,GET,/api/v1/warehouses,200,350,SELLER-437,
REQ-001930,2026-09-06T07:14:49.421153+00:00,GET,/api/v1/limits,404,122,SELLER-488,RESOURCE_NOT_FOUND
REQ-001931,2026-09-07T02:27:06.421153+00:00,GET,/api/v1/limits,200,15,SELLER-447,
REQ-001932,2026-09-02T08:43:48.421153+00:00,GET,/api/v1/shipments/SHP-0001,429,198,SELLER-215,RATE_LIMIT_EXCEEDED
REQ-001933,2026-09-04T23:42:29.421153+00:00,GET,/api/v1/inventory/SKU-1001,200,113,SELLER-394,
REQ-001934,2026-09-07T16:15:45.421153+00:00,GET,/api/v1/shipments/SHP-0001,200,62,SELLER-056,
REQ-001935,2026-09-04T16:10:00.421153+00:00,PATCH,/api/v1/shipments/SHP-0001/status,200,213,SELLER-268,
REQ-001936,2026-09-01T18:07:20.421153+00:00,GET,/api/v1/limits,200,242,SELLER-446,
REQ-001937,2026-09-01T18:54:09.421153+00:00,GET,/api/v1/limits,404,267,SELLER-253,RESOURCE_NOT_FOUND
REQ-001938,2026-09-01T10:43:18.421153+00:00,GET,/api/v1/carriers,200,307,SELLER-122,
REQ-001939,2026-09-03T08:04:10.421153+00:00,PATCH,/api/v1/shipments/SHP-0001/status,200,104,SELLER-062,
REQ-001940,2026-09-02T20:33:57.421153+00:00,POST,/api/v1/shipments,201,72,SELLER-180,
REQ-001941,2026-09-03T13:24:40.421153+00:00,PATCH,/api/v1/shipments/SHP-0001/status,200,149,SELLER-270,
REQ-001942,2026-09-02T15:54:40.421153+00:00,GET,/api/v1/warehouses,200,246,SELLER-498,
REQ-001943,2026-09-08T01:16:12.421153+00:00,GET,/api/v1/shipments/SHP-0001,500,132,SELLER-084,INTERNAL_SERVER_ERROR
REQ-001944,2026-09-06T14:43:50.421153+00:00,GET,/api/v1/inventory/SKU-1001,200,58,SELLER-308,
REQ-001945,2026-09-07T10:19:05.421153+00:00,GET,/api/v1/shipments/SHP-0001,403,193,SELLER-056,INTERNAL_SERVER_ERROR
REQ-001946,2026-09-07T05:16:40.421153+00:00,GET,/api/v1/health,401,127,SELLER-203,MISSING_API_KEY
REQ-001947,2026-09-07T00:01:32.421153+00:00,POST,/api/v1/shipments,201,71,SELLER-297,
REQ-001948,2026-09-06T16:32:41.421153+00:00,GET,/api/v1/limits,200,31,SELLER-232,
REQ-001949,2026-09-04T09:18:31.421153+00:00,GET,/api/v1/limits,200,154,SELLER-326,
REQ-001950,2026-09-06T20:07:24.421153+00:00,POST,/api/v1/events,201,234,SELLER-061,
REQ-001951,2026-09-02T15:23:40.421153+00:00,GET,/api/v1/warehouses,200,118,SELLER-365,
REQ-001952,2026-09-03T17:25:16.421153+00:00,PATCH,/api/v1/shipments/SHP-0001/status,200,107,SELLER-117,
REQ-001953,2026-09-07T03:42:54.421153+00:00,GET,/api/v1/warehouses,500,285,SELLER-022,INTERNAL_SERVER_ERROR
REQ-001954,2026-09-05T10:59:46.421153+00:00,POST,/api/v1/shipments,201,27,SELLER-220,
REQ-001955,2026-09-02T13:51:34.421153+00:00,GET,/api/v1/health,200,196,SELLER-338,
REQ-001956,2026-09-03T17:32:54.421153+00:00,POST,/api/v1/events,201,208,SELLER-168,
REQ-001957,2026-09-07T11:02:18.421153+00:00,POST,/api/v1/events,201,281,SELLER-407,
REQ-001958,2026-09-01T14:39:19.421153+00:00,GET,/api/v1/shipments/SHP-0001,200,308,SELLER-454,
REQ-001959,2026-09-03T16:06:59.421153+00:00,GET,/api/v1/health,200,146,SELLER-096,
REQ-001960,2026-09-04T13:03:55.421153+00:00,POST,/api/v1/shipments,403,196,SELLER-253,INTERNAL_SERVER_ERROR
REQ-001961,2026-09-02T17:32:24.421153+00:00,GET,/api/v1/carriers,200,221,SELLER-102,
REQ-001962,2026-09-05T12:44:46.421153+00:00,POST,/api/v1/shipments,201,224,SELLER-183,
REQ-001963,2026-09-02T23:23:58.421153+00:00,GET,/api/v1/health,200,78,SELLER-105,
REQ-001964,2026-09-01T11:25:12.421153+00:00,GET,/api/v1/health,200,309,SELLER-487,
REQ-001965,2026-09-04T22:52:43.421153+00:00,GET,/api/v1/warehouses,200,93,SELLER-275,
REQ-001966,2026-09-04T05:24:16.421153+00:00,GET,/api/v1/limits,200,184,SELLER-459,
REQ-001967,2026-09-02T07:32:38.421153+00:00,GET,/api/v1/carriers,422,231,SELLER-199,VALIDATION_ERROR
REQ-001968,2026-09-02T11:55:53.421153+00:00,POST,/api/v1/shipments,201,108,SELLER-455,
REQ-001969,2026-09-06T19:00:41.421153+00:00,GET,/api/v1/health,200,99,SELLER-377,
REQ-001970,2026-09-02T23:07:45.421153+00:00,PATCH,/api/v1/shipments/SHP-0001/status,200,270,SELLER-028,
REQ-001971,2026-09-05T12:36:51.421153+00:00,GET,/api/v1/warehouses,200,131,SELLER-361,
REQ-001972,2026-09-07T14:34:11.421153+00:00,PATCH,/api/v1/shipments/SHP-0001/status,200,83,SELLER-155,
REQ-001973,2026-09-05T16:23:37.421153+00:00,GET,/api/v1/limits,200,274,SELLER-072,
REQ-001974,2026-09-06T18:07:22.421153+00:00,GET,/api/v1/inventory/SKU-1001,200,219,SELLER-356,
REQ-001975,2026-09-05T17:29:16.421153+00:00,GET,/api/v1/limits,200,274,SELLER-309,
REQ-001976,2026-09-03T01:26:41.421153+00:00,GET,/api/v1/health,400,189,SELLER-275,INVALID_STATE_TRANSITION
REQ-001977,2026-09-06T11:45:01.421153+00:00,POST,/api/v1/events,401,164,SELLER-280,MISSING_API_KEY
REQ-001978,2026-09-05T02:19:25.421153+00:00,GET,/api/v1/limits,200,201,SELLER-478,
REQ-001979,2026-09-08T00:45:27.421153+00:00,GET,/api/v1/limits,200,200,SELLER-118,
REQ-001980,2026-09-05T09:13:59.421153+00:00,GET,/api/v1/warehouses,200,115,SELLER-087,
REQ-001981,2026-09-07T13:13:56.421153+00:00,GET,/api/v1/carriers,200,199,SELLER-151,
REQ-001982,2026-09-02T16:33:54.421153+00:00,POST,/api/v1/events,201,51,SELLER-041,
REQ-001983,2026-09-05T15:41:12.421153+00:00,POST,/api/v1/shipments,201,189,SELLER-237,
REQ-001984,2026-09-03T10:09:27.421153+00:00,GET,/api/v1/warehouses,200,99,SELLER-384,
REQ-001985,2026-09-04T12:43:06.421153+00:00,GET,/api/v1/carriers,200,65,SELLER-157,
REQ-001986,2026-09-06T04:53:14.421153+00:00,PATCH,/api/v1/shipments/SHP-0001/status,200,96,SELLER-376,
REQ-001987,2026-09-03T18:11:54.421153+00:00,GET,/api/v1/limits,200,204,SELLER-316,
REQ-001988,2026-09-06T04:27:53.421153+00:00,GET,/api/v1/inventory/SKU-1001,200,177,SELLER-183,
REQ-001989,2026-09-01T06:23:39.421153+00:00,POST,/api/v1/events,201,127,SELLER-196,
REQ-001990,2026-09-07T03:54:33.421153+00:00,GET,/api/v1/shipments/SHP-0001,200,110,SELLER-319,
REQ-001991,2026-09-04T08:19:00.421153+00:00,POST,/api/v1/events,201,44,SELLER-435,
REQ-001992,2026-09-05T07:02:48.421153+00:00,POST,/api/v1/events,201,251,SELLER-248,
REQ-001993,2026-09-04T09:41:40.421153+00:00,GET,/api/v1/health,400,309,SELLER-026,INVALID_STATE_TRANSITION
REQ-001994,2026-09-02T18:11:22.421153+00:00,GET,/api/v1/carriers,200,200,SELLER-335,
REQ-001995,2026-09-05T17:57:32.421153+00:00,POST,/api/v1/events,201,111,SELLER-091,
REQ-001996,2026-09-06T04:22:35.421153+00:00,GET,/api/v1/shipments/SHP-0001,200,301,SELLER-244,
REQ-001997,2026-09-08T00:18:42.421153+00:00,POST,/api/v1/shipments,201,45,SELLER-078,
REQ-001998,2026-09-06T05:57:07.421153+00:00,POST,/api/v1/events,404,248,SELLER-112,RESOURCE_NOT_FOUND
REQ-001999,2026-09-02T19:59:57.421153+00:00,GET,/api/v1/limits,200,122,SELLER-310,
REQ-002000,2026-09-02T08:21:38.421153+00:00,GET,/api/v1/health,200,121,SELLER-013,
