shipment_id,seller_id,warehouse_id,carrier_id,origin,destination,status,current_sequence,duplicate_event_count,out_of_order_event_count,delayed_event_count,freshness_status,created_at,last_updated
SHP-0001,SELLER-067,WH-049,CAR-018,Ahmedabad,Surat,PICKED_UP,2,0,0,0,STALE,2026-09-05T11:56:00+00:00,2026-09-05T13:16:00+00:00
SHP-0002,SELLER-037,WH-018,CAR-100,Pune,Kolkata,OUT_FOR_DELIVERY,4,0,0,0,STALE,2026-09-07T13:17:00+00:00,2026-09-07T20:17:00+00:00
SHP-0003,SELLER-316,WH-029,CAR-080,Delhi,Jaipur,CREATED,1,0,0,0,STALE,2026-09-03T15:45:00+00:00,2026-09-03T15:45:00+00:00
SHP-0004,SELLER-351,WH-024,CAR-020,Mumbai,Delhi,OUT_FOR_DELIVERY,4,1,0,0,STALE,2026-09-03T18:22:00+00:00,2026-09-03T23:49:00+00:00
SHP-0005,SELLER-276,WH-014,CAR-027,Jaipur,Surat,OUT_FOR_DELIVERY,4,0,0,0,STALE,2026-09-07T05:51:00+00:00,2026-09-07T14:38:00+00:00
SHP-0006,SELLER-317,WH-018,CAR-007,Ahmedabad,Bengaluru,CREATED,1,0,0,0,STALE,2026-09-04T02:05:00+00:00,2026-09-04T02:05:00+00:00
SHP-0007,SELLER-443,WH-007,CAR-003,Hyderabad,Ahmedabad,PICKED_UP,2,0,0,0,STALE,2026-09-05T07:57:00+00:00,2026-09-05T08:52:00+00:00
SHP-0008,SELLER-046,WH-012,CAR-026,Jaipur,Ahmedabad,IN_TRANSIT,3,0,0,0,STALE,2026-09-01T05:52:00+00:00,2026-09-01T09:45:00+00:00
SHP-0009,SELLER-182,WH-041,CAR-039,Chennai,Surat,PICKED_UP,2,0,0,0,STALE,2026-09-01T16:55:00+00:00,2026-09-01T19:04:00+00:00
SHP-0010,SELLER-486,WH-018,CAR-029,Delhi,Pune,DELIVERED,5,0,0,0,STALE,2026-09-02T13:28:00+00:00,2026-09-02T22:22:00+00:00
SHP-0011,SELLER-278,WH-009,CAR-027,Delhi,Surat,OUT_FOR_DELIVERY,4,0,0,0,STALE,2026-09-03T07:14:00+00:00,2026-09-03T16:04:00+00:00
SHP-0012,SELLER-273,WH-047,CAR-016,Delhi,Pune,DELIVERED,5,0,0,0,STALE,2026-09-02T15:44:00+00:00,2026-09-03T00:20:00+00:00
SHP-0013,SELLER-137,WH-039,CAR-073,Surat,Chennai,IN_TRANSIT,3,0,0,0,STALE,2026-09-03T15:03:00+00:00,2026-09-03T22:04:00+00:00
SHP-0014,SELLER-252,WH-031,CAR-018,Delhi,Hyderabad,PICKED_UP,2,0,0,0,STALE,2026-09-05T15:34:00+00:00,2026-09-05T17:13:00+00:00
SHP-0015,SELLER-104,WH-049,CAR-027,Mumbai,Chennai,DELIVERED,5,0,0,0,STALE,2026-09-05T23:57:00+00:00,2026-09-06T11:25:00+00:00
SHP-0016,SELLER-305,WH-035,CAR-068,Bengaluru,Surat,CREATED,1,0,0,0,STALE,2026-09-06T04:45:00+00:00,2026-09-06T04:45:00+00:00
SHP-0017,SELLER-450,WH-016,CAR-067,Jaipur,Pune,CANCELLED,2,0,0,0,STALE,2026-09-01T10:43:00+00:00,2026-09-01T12:52:00+00:00
SHP-0018,SELLER-226,WH-026,CAR-039,Hyderabad,Jaipur,PICKED_UP,2,0,0,0,STALE,2026-09-04T08:23:00+00:00,2026-09-04T09:06:00+00:00
SHP-0019,SELLER-331,WH-029,CAR-012,Jaipur,Mumbai,PICKED_UP,2,1,0,0,STALE,2026-09-07T15:51:00+00:00,2026-09-07T16:55:00+00:00
SHP-0020,SELLER-233,WH-038,CAR-092,Chennai,Jaipur,CREATED,1,0,0,0,STALE,2026-09-04T16:29:00+00:00,2026-09-04T16:29:00+00:00
SHP-0021,SELLER-368,WH-047,CAR-016,Mumbai,Delhi,OUT_FOR_DELIVERY,4,0,0,0,STALE,2026-09-05T03:06:00+00:00,2026-09-05T09:54:00+00:00
SHP-0022,SELLER-447,WH-043,CAR-020,Delhi,Chennai,PICKED_UP,2,0,0,0,STALE,2026-09-01T14:00:00+00:00,2026-09-01T15:48:00+00:00
SHP-0023,SELLER-093,WH-008,CAR-017,Chennai,Bengaluru,IN_TRANSIT,3,0,0,0,STALE,2026-09-03T21:06:00+00:00,2026-09-04T04:45:00+00:00
SHP-0024,SELLER-244,WH-030,CAR-053,Ahmedabad,Mumbai,IN_TRANSIT,3,0,0,0,STALE,2026-09-01T01:47:00+00:00,2026-09-01T07:23:00+00:00
SHP-0025,SELLER-335,WH-023,CAR-005,Delhi,Bengaluru,OUT_FOR_DELIVERY,4,0,0,0,FRESH,2026-09-07T20:44:00+00:00,2026-09-08T05:06:00+00:00
SHP-0026,SELLER-495,WH-030,CAR-096,Surat,Kolkata,DELIVERED,5,0,0,0,STALE,2026-09-02T01:25:00+00:00,2026-09-02T10:24:00+00:00
SHP-0027,SELLER-270,WH-027,CAR-068,Chennai,Hyderabad,IN_TRANSIT,3,0,0,0,STALE,2026-09-02T05:50:00+00:00,2026-09-02T12:02:00+00:00
SHP-0028,SELLER-133,WH-034,CAR-074,Surat,Kolkata,DELIVERED,5,0,1,0,STALE,2026-09-07T09:38:00+00:00,2026-09-07T17:01:00+00:00
SHP-0029,SELLER-410,WH-040,CAR-054,Pune,Bengaluru,PICKED_UP,2,0,0,0,STALE,2026-09-07T09:01:00+00:00,2026-09-07T09:33:00+00:00
SHP-0030,SELLER-035,WH-020,CAR-039,Jaipur,Surat,PICKED_UP,2,0,0,0,STALE,2026-09-01T01:40:00+00:00,2026-09-01T03:35:00+00:00
SHP-0031,SELLER-015,WH-012,CAR-025,Kolkata,Pune,DELIVERED,5,0,0,0,STALE,2026-09-06T10:49:00+00:00,2026-09-06T20:45:00+00:00
SHP-0032,SELLER-372,WH-044,CAR-041,Jaipur,Surat,CREATED,1,0,0,0,STALE,2026-09-07T13:40:00+00:00,2026-09-07T13:40:00+00:00
SHP-0033,SELLER-410,WH-023,CAR-009,Delhi,Kolkata,DELIVERED,5,0,0,0,STALE,2026-09-04T20:36:00+00:00,2026-09-05T04:53:00+00:00
SHP-0034,SELLER-191,WH-029,CAR-039,Chennai,Surat,PICKED_UP,2,0,0,0,STALE,2026-09-02T06:38:00+00:00,2026-09-02T07:17:00+00:00
SHP-0035,SELLER-013,WH-031,CAR-065,Delhi,Hyderabad,PICKED_UP,2,0,0,0,STALE,2026-09-06T12:01:00+00:00,2026-09-06T13:50:00+00:00
SHP-0036,SELLER-421,WH-034,CAR-087,Delhi,Hyderabad,OUT_FOR_DELIVERY,4,0,0,0,STALE,2026-09-06T05:26:00+00:00,2026-09-06T11:19:00+00:00
SHP-0037,SELLER-338,WH-048,CAR-040,Bengaluru,Kolkata,IN_TRANSIT,3,0,0,0,STALE,2026-09-03T09:18:00+00:00,2026-09-03T15:24:00+00:00
SHP-0038,SELLER-141,WH-008,CAR-002,Surat,Jaipur,IN_TRANSIT,3,0,0,0,STALE,2026-09-03T08:24:00+00:00,2026-09-03T13:48:00+00:00
SHP-0039,SELLER-160,WH-040,CAR-044,Jaipur,Ahmedabad,CREATED,1,0,0,0,STALE,2026-09-01T07:55:00+00:00,2026-09-01T07:55:00+00:00
SHP-0040,SELLER-463,WH-044,CAR-007,Mumbai,Ahmedabad,CREATED,1,0,0,0,STALE,2026-09-05T20:27:00+00:00,2026-09-05T20:27:00+00:00
SHP-0041,SELLER-092,WH-046,CAR-077,Surat,Ahmedabad,IN_TRANSIT,3,0,0,0,STALE,2026-09-04T13:19:00+00:00,2026-09-04T19:37:00+00:00
SHP-0042,SELLER-411,WH-045,CAR-060,Mumbai,Jaipur,PICKED_UP,2,0,0,0,STALE,2026-09-06T07:05:00+00:00,2026-09-06T08:34:00+00:00
SHP-0043,SELLER-133,WH-024,CAR-051,Delhi,Pune,OUT_FOR_DELIVERY,4,0,0,1,STALE,2026-09-04T16:40:00+00:00,2026-09-05T03:44:00+00:00
SHP-0044,SELLER-053,WH-026,CAR-092,Mumbai,Pune,IN_TRANSIT,3,0,0,0,STALE,2026-09-01T19:22:00+00:00,2026-09-02T01:12:00+00:00
SHP-0045,SELLER-197,WH-005,CAR-044,Chennai,Ahmedabad,OUT_FOR_DELIVERY,4,0,0,0,STALE,2026-09-05T22:52:00+00:00,2026-09-06T06:00:00+00:00
SHP-0046,SELLER-285,WH-007,CAR-057,Delhi,Kolkata,DELIVERED,5,0,0,0,STALE,2026-09-01T19:00:00+00:00,2026-09-02T01:57:00+00:00
SHP-0047,SELLER-232,WH-035,CAR-038,Pune,Jaipur,PICKED_UP,2,0,0,0,STALE,2026-09-04T14:27:00+00:00,2026-09-04T17:22:00+00:00
SHP-0048,SELLER-480,WH-028,CAR-092,Kolkata,Mumbai,IN_TRANSIT,3,0,0,0,STALE,2026-09-06T19:22:00+00:00,2026-09-06T21:51:00+00:00
SHP-0049,SELLER-184,WH-008,CAR-037,Bengaluru,Hyderabad,IN_TRANSIT,3,0,0,0,STALE,2026-09-07T17:09:00+00:00,2026-09-07T21:48:00+00:00
SHP-0050,SELLER-285,WH-025,CAR-047,Pune,Delhi,PICKED_UP,2,0,0,0,STALE,2026-09-02T10:16:00+00:00,2026-09-02T10:48:00+00:00
SHP-0051,SELLER-250,WH-043,CAR-056,Delhi,Mumbai,CREATED,1,0,0,0,STALE,2026-09-05T17:33:00+00:00,2026-09-05T17:33:00+00:00
SHP-0052,SELLER-458,WH-045,CAR-078,Pune,Delhi,IN_TRANSIT,3,0,0,0,STALE,2026-09-05T19:48:00+00:00,2026-09-05T23:16:00+00:00
SHP-0053,SELLER-122,WH-046,CAR-065,Hyderabad,Ahmedabad,DELIVERED,5,0,0,0,STALE,2026-09-07T13:22:00+00:00,2026-09-07T19:10:00+00:00
SHP-0054,SELLER-440,WH-049,CAR-100,Hyderabad,Jaipur,IN_TRANSIT,3,0,0,0,STALE,2026-09-06T22:54:00+00:00,2026-09-07T01:25:00+00:00
SHP-0055,SELLER-028,WH-022,CAR-069,Bengaluru,Jaipur,IN_TRANSIT,3,0,0,0,STALE,2026-09-06T08:07:00+00:00,2026-09-06T11:19:00+00:00
SHP-0056,SELLER-323,WH-031,CAR-075,Delhi,Bengaluru,OUT_FOR_DELIVERY,4,0,0,0,STALE,2026-09-04T07:40:00+00:00,2026-09-04T13:48:00+00:00
SHP-0057,SELLER-380,WH-008,CAR-078,Delhi,Chennai,OUT_FOR_DELIVERY,4,0,0,0,STALE,2026-09-05T04:58:00+00:00,2026-09-05T13:41:00+00:00
SHP-0058,SELLER-386,WH-027,CAR-099,Pune,Chennai,OUT_FOR_DELIVERY,4,0,0,0,STALE,2026-09-02T21:40:00+00:00,2026-09-03T05:37:00+00:00
SHP-0059,SELLER-383,WH-049,CAR-069,Chennai,Ahmedabad,OUT_FOR_DELIVERY,4,1,0,0,STALE,2026-09-05T10:30:00+00:00,2026-09-05T20:50:00+00:00
SHP-0060,SELLER-470,WH-035,CAR-082,Kolkata,Ahmedabad,IN_TRANSIT,3,0,0,0,STALE,2026-09-04T02:26:00+00:00,2026-09-04T08:25:00+00:00
SHP-0061,SELLER-302,WH-050,CAR-025,Jaipur,Kolkata,OUT_FOR_DELIVERY,4,0,0,1,STALE,2026-09-03T01:07:00+00:00,2026-09-03T11:21:00+00:00
SHP-0062,SELLER-372,WH-019,CAR-033,Chennai,Bengaluru,CREATED,1,0,0,0,STALE,2026-09-02T01:06:00+00:00,2026-09-02T01:06:00+00:00
SHP-0063,SELLER-481,WH-039,CAR-085,Chennai,Mumbai,OUT_FOR_DELIVERY,4,0,0,0,STALE,2026-09-02T08:45:00+00:00,2026-09-02T15:21:00+00:00
SHP-0064,SELLER-233,WH-018,CAR-099,Pune,Kolkata,PICKED_UP,2,0,0,0,STALE,2026-09-01T20:12:00+00:00,2026-09-01T20:57:00+00:00
SHP-0065,SELLER-417,WH-017,CAR-023,Ahmedabad,Mumbai,IN_TRANSIT,3,0,0,0,STALE,2026-09-03T06:47:00+00:00,2026-09-03T13:37:00+00:00
SHP-0066,SELLER-468,WH-029,CAR-092,Hyderabad,Mumbai,CREATED,1,0,0,0,STALE,2026-09-01T19:13:00+00:00,2026-09-01T19:13:00+00:00
SHP-0067,SELLER-373,WH-017,CAR-100,Ahmedabad,Bengaluru,DELIVERED,5,0,0,0,STALE,2026-09-02T16:38:00+00:00,2026-09-03T01:53:00+00:00
SHP-0068,SELLER-277,WH-015,CAR-001,Pune,Jaipur,CREATED,1,0,0,0,STALE,2026-09-07T02:10:00+00:00,2026-09-07T02:10:00+00:00
SHP-0069,SELLER-171,WH-044,CAR-039,Pune,Bengaluru,IN_TRANSIT,3,0,0,0,STALE,2026-09-02T00:45:00+00:00,2026-09-02T06:59:00+00:00
SHP-0070,SELLER-496,WH-025,CAR-085,Chennai,Kolkata,OUT_FOR_DELIVERY,4,0,0,0,STALE,2026-09-02T05:09:00+00:00,2026-09-02T13:25:00+00:00
SHP-0071,SELLER-200,WH-005,CAR-070,Hyderabad,Jaipur,IN_TRANSIT,3,0,0,0,STALE,2026-09-06T02:41:00+00:00,2026-09-06T07:47:00+00:00
SHP-0072,SELLER-342,WH-034,CAR-059,Jaipur,Delhi,OUT_FOR_DELIVERY,4,1,1,0,STALE,2026-09-03T15:37:00+00:00,2026-09-03T21:20:00+00:00
SHP-0073,SELLER-421,WH-007,CAR-059,Surat,Delhi,DELIVERED,5,0,0,0,STALE,2026-09-01T17:27:00+00:00,2026-09-02T01:37:00+00:00
SHP-0074,SELLER-280,WH-009,CAR-042,Chennai,Bengaluru,IN_TRANSIT,3,0,0,0,STALE,2026-09-04T19:36:00+00:00,2026-09-05T00:45:00+00:00
SHP-0075,SELLER-474,WH-038,CAR-006,Delhi,Mumbai,OUT_FOR_DELIVERY,4,1,0,0,STALE,2026-09-05T06:42:00+00:00,2026-09-05T12:02:00+00:00
SHP-0076,SELLER-074,WH-041,CAR-035,Jaipur,Ahmedabad,IN_TRANSIT,3,0,0,0,STALE,2026-09-02T23:39:00+00:00,2026-09-03T02:03:00+00:00
SHP-0077,SELLER-286,WH-016,CAR-025,Mumbai,Surat,DELIVERED,5,0,0,0,STALE,2026-09-05T02:49:00+00:00,2026-09-05T11:09:00+00:00
SHP-0078,SELLER-344,WH-003,CAR-007,Kolkata,Hyderabad,PICKED_UP,2,0,0,1,STALE,2026-09-03T20:38:00+00:00,2026-09-03T23:04:00+00:00
SHP-0079,SELLER-091,WH-011,CAR-004,Ahmedabad,Surat,CREATED,1,0,0,0,STALE,2026-09-03T16:15:00+00:00,2026-09-03T16:15:00+00:00
SHP-0080,SELLER-304,WH-038,CAR-042,Pune,Chennai,OUT_FOR_DELIVERY,4,0,0,0,STALE,2026-09-04T16:56:00+00:00,2026-09-05T00:05:00+00:00
SHP-0081,SELLER-456,WH-028,CAR-019,Chennai,Jaipur,PICKED_UP,2,0,0,0,STALE,2026-09-05T05:59:00+00:00,2026-09-05T08:26:00+00:00
SHP-0082,SELLER-104,WH-022,CAR-017,Bengaluru,Mumbai,PICKED_UP,2,0,0,0,STALE,2026-09-02T06:20:00+00:00,2026-09-02T08:47:00+00:00
SHP-0083,SELLER-152,WH-039,CAR-021,Surat,Delhi,IN_TRANSIT,3,0,0,0,STALE,2026-09-07T06:56:00+00:00,2026-09-07T10:38:00+00:00
SHP-0084,SELLER-143,WH-001,CAR-094,Pune,Chennai,PICKED_UP,2,0,0,0,STALE,2026-09-05T22:34:00+00:00,2026-09-06T00:00:00+00:00
SHP-0085,SELLER-460,WH-001,CAR-054,Bengaluru,Mumbai,CANCELLED,2,0,0,0,STALE,2026-09-06T17:41:00+00:00,2026-09-06T19:59:00+00:00
SHP-0086,SELLER-421,WH-007,CAR-058,Ahmedabad,Chennai,CREATED,1,0,0,0,STALE,2026-09-01T03:23:00+00:00,2026-09-01T03:23:00+00:00
SHP-0087,SELLER-487,WH-014,CAR-017,Kolkata,Hyderabad,PICKED_UP,2,0,0,0,STALE,2026-09-02T00:46:00+00:00,2026-09-02T03:18:00+00:00
SHP-0088,SELLER-293,WH-048,CAR-075,Bengaluru,Jaipur,IN_TRANSIT,3,0,0,0,STALE,2026-09-02T13:51:00+00:00,2026-09-02T16:08:00+00:00
SHP-0089,SELLER-171,WH-034,CAR-005,Hyderabad,Ahmedabad,OUT_FOR_DELIVERY,4,0,0,0,STALE,2026-09-07T04:07:00+00:00,2026-09-07T08:26:00+00:00
SHP-0090,SELLER-239,WH-040,CAR-006,Kolkata,Pune,PICKED_UP,2,0,0,0,STALE,2026-09-07T08:35:00+00:00,2026-09-07T11:28:00+00:00
SHP-0091,SELLER-123,WH-035,CAR-015,Ahmedabad,Chennai,OUT_FOR_DELIVERY,4,0,0,0,STALE,2026-09-03T13:33:00+00:00,2026-09-03T20:04:00+00:00
SHP-0092,SELLER-425,WH-008,CAR-061,Jaipur,Surat,DELIVERED,5,0,0,0,STALE,2026-09-06T03:25:00+00:00,2026-09-06T10:11:00+00:00
SHP-0093,SELLER-085,WH-018,CAR-015,Delhi,Jaipur,PICKED_UP,2,0,0,0,STALE,2026-09-03T07:46:00+00:00,2026-09-03T08:21:00+00:00
SHP-0094,SELLER-243,WH-023,CAR-054,Ahmedabad,Bengaluru,PICKED_UP,2,0,0,0,STALE,2026-09-01T17:11:00+00:00,2026-09-01T18:40:00+00:00
SHP-0095,SELLER-297,WH-022,CAR-084,Kolkata,Jaipur,IN_TRANSIT,3,0,0,0,STALE,2026-09-07T00:46:00+00:00,2026-09-07T06:45:00+00:00
SHP-0096,SELLER-191,WH-019,CAR-099,Bengaluru,Chennai,IN_TRANSIT,3,0,0,0,STALE,2026-09-06T04:29:00+00:00,2026-09-06T07:58:00+00:00
SHP-0097,SELLER-163,WH-037,CAR-017,Ahmedabad,Hyderabad,IN_TRANSIT,3,0,0,0,STALE,2026-09-03T08:01:00+00:00,2026-09-03T14:15:00+00:00
SHP-0098,SELLER-472,WH-002,CAR-052,Ahmedabad,Delhi,DELIVERED,5,0,0,0,STALE,2026-09-04T15:26:00+00:00,2026-09-05T00:47:00+00:00
SHP-0099,SELLER-174,WH-045,CAR-015,Ahmedabad,Bengaluru,CREATED,1,0,0,0,STALE,2026-09-07T06:26:00+00:00,2026-09-07T06:26:00+00:00
SHP-0100,SELLER-158,WH-002,CAR-052,Surat,Chennai,IN_TRANSIT,3,0,0,0,STALE,2026-09-02T01:15:00+00:00,2026-09-02T05:21:00+00:00
SHP-0101,SELLER-435,WH-029,CAR-087,Mumbai,Surat,IN_TRANSIT,3,0,0,0,STALE,2026-09-06T13:55:00+00:00,2026-09-06T18:50:00+00:00
SHP-0102,SELLER-007,WH-019,CAR-045,Kolkata,Hyderabad,DELIVERED,5,0,0,0,STALE,2026-09-07T09:11:00+00:00,2026-09-07T19:45:00+00:00
SHP-0103,SELLER-045,WH-010,CAR-027,Hyderabad,Jaipur,CANCELLED,2,0,0,0,STALE,2026-09-06T23:26:00+00:00,2026-09-07T00:12:00+00:00
SHP-0104,SELLER-004,WH-027,CAR-082,Hyderabad,Ahmedabad,PICKED_UP,2,0,0,0,STALE,2026-09-06T06:11:00+00:00,2026-09-06T07:16:00+00:00
SHP-0105,SELLER-252,WH-003,CAR-039,Surat,Hyderabad,IN_TRANSIT,3,0,0,0,STALE,2026-09-06T06:33:00+00:00,2026-09-06T12:10:00+00:00
SHP-0106,SELLER-252,WH-045,CAR-083,Chennai,Bengaluru,CREATED,1,0,0,0,STALE,2026-09-04T03:41:00+00:00,2026-09-04T03:41:00+00:00
SHP-0107,SELLER-497,WH-005,CAR-077,Kolkata,Jaipur,IN_TRANSIT,3,1,0,0,STALE,2026-09-03T22:25:00+00:00,2026-09-04T02:37:00+00:00
SHP-0108,SELLER-164,WH-030,CAR-089,Delhi,Pune,PICKED_UP,2,0,0,0,STALE,2026-09-04T02:27:00+00:00,2026-09-04T04:44:00+00:00
SHP-0109,SELLER-272,WH-041,CAR-010,Jaipur,Chennai,OUT_FOR_DELIVERY,4,0,0,0,STALE,2026-09-03T02:02:00+00:00,2026-09-03T10:16:00+00:00
SHP-0110,SELLER-007,WH-009,CAR-067,Hyderabad,Pune,OUT_FOR_DELIVERY,4,0,0,0,STALE,2026-09-05T16:30:00+00:00,2026-09-05T23:31:00+00:00
SHP-0111,SELLER-283,WH-045,CAR-097,Mumbai,Ahmedabad,IN_TRANSIT,3,0,0,0,STALE,2026-09-01T20:51:00+00:00,2026-09-02T01:59:00+00:00
SHP-0112,SELLER-306,WH-034,CAR-098,Kolkata,Delhi,OUT_FOR_DELIVERY,4,0,0,0,STALE,2026-09-01T07:51:00+00:00,2026-09-01T14:14:00+00:00
SHP-0113,SELLER-391,WH-008,CAR-010,Bengaluru,Jaipur,OUT_FOR_DELIVERY,4,0,0,1,STALE,2026-09-01T11:36:00+00:00,2026-09-01T19:50:00+00:00
SHP-0114,SELLER-050,WH-008,CAR-078,Chennai,Hyderabad,PICKED_UP,2,0,0,0,STALE,2026-09-04T23:59:00+00:00,2026-09-05T00:52:00+00:00
SHP-0115,SELLER-179,WH-023,CAR-021,Jaipur,Chennai,IN_TRANSIT,3,0,1,0,STALE,2026-09-01T18:39:00+00:00,2026-09-02T01:01:00+00:00
SHP-0116,SELLER-372,WH-007,CAR-028,Jaipur,Ahmedabad,IN_TRANSIT,3,0,0,0,STALE,2026-09-07T16:56:00+00:00,2026-09-07T23:32:00+00:00
SHP-0117,SELLER-209,WH-008,CAR-098,Kolkata,Mumbai,IN_TRANSIT,3,0,0,0,STALE,2026-09-06T21:55:00+00:00,2026-09-07T01:51:00+00:00
SHP-0118,SELLER-198,WH-019,CAR-059,Surat,Hyderabad,OUT_FOR_DELIVERY,4,0,0,0,STALE,2026-09-06T01:13:00+00:00,2026-09-06T09:31:00+00:00
SHP-0119,SELLER-054,WH-026,CAR-057,Jaipur,Mumbai,CREATED,1,0,0,0,STALE,2026-09-05T11:48:00+00:00,2026-09-05T11:48:00+00:00
SHP-0120,SELLER-356,WH-038,CAR-014,Delhi,Mumbai,IN_TRANSIT,3,0,0,0,STALE,2026-09-03T06:21:00+00:00,2026-09-03T12:19:00+00:00
SHP-0121,SELLER-393,WH-038,CAR-076,Hyderabad,Ahmedabad,IN_TRANSIT,3,0,0,0,STALE,2026-09-07T20:42:00+00:00,2026-09-08T01:18:00+00:00
SHP-0122,SELLER-322,WH-009,CAR-004,Mumbai,Bengaluru,DELIVERED,5,0,0,0,STALE,2026-09-06T16:01:00+00:00,2026-09-06T23:48:00+00:00
SHP-0123,SELLER-252,WH-033,CAR-034,Jaipur,Kolkata,DELIVERED,5,0,0,0,STALE,2026-09-07T03:36:00+00:00,2026-09-07T09:10:00+00:00
SHP-0124,SELLER-091,WH-036,CAR-085,Hyderabad,Delhi,IN_TRANSIT,3,0,0,0,STALE,2026-09-02T12:43:00+00:00,2026-09-02T20:35:00+00:00
SHP-0125,SELLER-288,WH-011,CAR-065,Bengaluru,Ahmedabad,PICKED_UP,2,0,0,0,STALE,2026-09-07T17:23:00+00:00,2026-09-07T19:23:00+00:00
SHP-0126,SELLER-303,WH-003,CAR-017,Kolkata,Pune,DELIVERED,5,0,0,0,STALE,2026-09-07T15:27:00+00:00,2026-09-08T00:56:00+00:00
SHP-0127,SELLER-044,WH-045,CAR-009,Hyderabad,Mumbai,PICKED_UP,2,0,0,1,STALE,2026-09-01T05:22:00+00:00,2026-09-01T07:15:00+00:00
SHP-0128,SELLER-264,WH-027,CAR-035,Bengaluru,Jaipur,IN_TRANSIT,3,0,0,0,STALE,2026-09-04T14:25:00+00:00,2026-09-04T19:12:00+00:00
SHP-0129,SELLER-416,WH-049,CAR-086,Kolkata,Delhi,IN_TRANSIT,3,0,0,0,STALE,2026-09-05T03:12:00+00:00,2026-09-05T10:07:00+00:00
SHP-0130,SELLER-153,WH-037,CAR-052,Chennai,Mumbai,OUT_FOR_DELIVERY,4,0,0,0,STALE,2026-09-07T13:53:00+00:00,2026-09-08T00:13:00+00:00
SHP-0131,SELLER-412,WH-020,CAR-056,Jaipur,Kolkata,PICKED_UP,2,0,0,0,STALE,2026-09-05T13:51:00+00:00,2026-09-05T16:32:00+00:00
SHP-0132,SELLER-010,WH-041,CAR-091,Jaipur,Delhi,IN_TRANSIT,3,0,0,0,STALE,2026-09-03T10:09:00+00:00,2026-09-03T16:29:00+00:00
SHP-0133,SELLER-187,WH-030,CAR-019,Chennai,Delhi,OUT_FOR_DELIVERY,4,0,0,0,STALE,2026-09-04T09:59:00+00:00,2026-09-04T18:50:00+00:00
SHP-0134,SELLER-123,WH-008,CAR-020,Chennai,Bengaluru,PICKED_UP,2,0,0,0,STALE,2026-09-04T12:47:00+00:00,2026-09-04T15:21:00+00:00
SHP-0135,SELLER-019,WH-013,CAR-021,Hyderabad,Delhi,CREATED,1,0,0,0,STALE,2026-09-04T03:51:00+00:00,2026-09-04T03:51:00+00:00
SHP-0136,SELLER-091,WH-042,CAR-006,Ahmedabad,Bengaluru,CREATED,1,0,0,0,STALE,2026-09-01T22:55:00+00:00,2026-09-01T22:55:00+00:00
SHP-0137,SELLER-309,WH-020,CAR-009,Pune,Kolkata,OUT_FOR_DELIVERY,4,0,0,0,STALE,2026-09-02T00:39:00+00:00,2026-09-02T06:59:00+00:00
SHP-0138,SELLER-453,WH-006,CAR-031,Surat,Mumbai,OUT_FOR_DELIVERY,4,0,0,0,STALE,2026-09-04T13:34:00+00:00,2026-09-04T23:03:00+00:00
SHP-0139,SELLER-210,WH-017,CAR-076,Bengaluru,Jaipur,IN_TRANSIT,3,0,0,0,STALE,2026-09-02T06:50:00+00:00,2026-09-02T11:53:00+00:00
SHP-0140,SELLER-421,WH-020,CAR-003,Surat,Bengaluru,DELIVERED,5,0,0,0,STALE,2026-09-01T14:55:00+00:00,2026-09-02T00:37:00+00:00
SHP-0141,SELLER-155,WH-006,CAR-097,Chennai,Kolkata,PICKED_UP,2,0,0,0,STALE,2026-09-02T19:45:00+00:00,2026-09-02T21:36:00+00:00
SHP-0142,SELLER-018,WH-018,CAR-011,Ahmedabad,Jaipur,OUT_FOR_DELIVERY,4,0,0,0,STALE,2026-09-04T18:51:00+00:00,2026-09-05T03:06:00+00:00
SHP-0143,SELLER-356,WH-002,CAR-098,Bengaluru,Chennai,IN_TRANSIT,3,0,0,0,STALE,2026-09-02T13:09:00+00:00,2026-09-02T17:17:00+00:00
SHP-0144,SELLER-497,WH-050,CAR-084,Delhi,Ahmedabad,OUT_FOR_DELIVERY,4,0,0,0,STALE,2026-09-04T15:13:00+00:00,2026-09-05T00:06:00+00:00
SHP-0145,SELLER-449,WH-025,CAR-074,Chennai,Bengaluru,DELIVERED,5,0,0,0,STALE,2026-09-07T08:30:00+00:00,2026-09-07T16:28:00+00:00
SHP-0146,SELLER-088,WH-037,CAR-016,Bengaluru,Surat,IN_TRANSIT,3,0,0,0,STALE,2026-09-06T03:53:00+00:00,2026-09-06T08:09:00+00:00
SHP-0147,SELLER-221,WH-014,CAR-077,Chennai,Kolkata,OUT_FOR_DELIVERY,4,0,0,0,STALE,2026-09-03T03:42:00+00:00,2026-09-03T10:15:00+00:00
SHP-0148,SELLER-351,WH-042,CAR-059,Mumbai,Bengaluru,IN_TRANSIT,3,0,0,0,STALE,2026-09-04T16:16:00+00:00,2026-09-04T20:51:00+00:00
SHP-0149,SELLER-027,WH-022,CAR-031,Ahmedabad,Kolkata,CANCELLED,2,0,0,0,STALE,2026-09-07T19:21:00+00:00,2026-09-07T19:52:00+00:00
SHP-0150,SELLER-203,WH-043,CAR-048,Delhi,Surat,CREATED,1,0,0,0,STALE,2026-09-03T00:58:00+00:00,2026-09-03T00:58:00+00:00
SHP-0151,SELLER-087,WH-033,CAR-064,Kolkata,Jaipur,CREATED,1,0,0,0,STALE,2026-09-04T14:38:00+00:00,2026-09-04T14:38:00+00:00
SHP-0152,SELLER-222,WH-010,CAR-034,Mumbai,Pune,CREATED,1,0,0,0,STALE,2026-09-02T10:55:00+00:00,2026-09-02T10:55:00+00:00
SHP-0153,SELLER-447,WH-018,CAR-096,Kolkata,Ahmedabad,PICKED_UP,2,0,0,0,STALE,2026-09-03T23:52:00+00:00,2026-09-04T01:29:00+00:00
SHP-0154,SELLER-252,WH-049,CAR-020,Jaipur,Ahmedabad,CREATED,1,0,0,0,STALE,2026-09-02T16:35:00+00:00,2026-09-02T16:35:00+00:00
SHP-0155,SELLER-118,WH-012,CAR-005,Ahmedabad,Hyderabad,PICKED_UP,2,0,0,0,STALE,2026-09-06T07:33:00+00:00,2026-09-06T08:32:00+00:00
SHP-0156,SELLER-183,WH-046,CAR-072,Ahmedabad,Jaipur,IN_TRANSIT,3,0,0,0,STALE,2026-09-02T16:25:00+00:00,2026-09-02T20:50:00+00:00
SHP-0157,SELLER-340,WH-038,CAR-028,Surat,Bengaluru,IN_TRANSIT,3,0,0,0,STALE,2026-09-07T11:51:00+00:00,2026-09-07T15:55:00+00:00
SHP-0158,SELLER-349,WH-008,CAR-051,Kolkata,Mumbai,DELIVERED,5,0,0,0,STALE,2026-09-02T17:59:00+00:00,2026-09-03T03:46:00+00:00
SHP-0159,SELLER-067,WH-014,CAR-007,Hyderabad,Pune,OUT_FOR_DELIVERY,4,0,0,0,STALE,2026-09-01T19:18:00+00:00,2026-09-02T03:30:00+00:00
SHP-0160,SELLER-207,WH-019,CAR-083,Delhi,Mumbai,PICKED_UP,2,0,0,0,STALE,2026-09-05T22:03:00+00:00,2026-09-05T23:06:00+00:00
SHP-0161,SELLER-103,WH-032,CAR-058,Pune,Jaipur,PICKED_UP,2,0,0,0,STALE,2026-09-07T19:55:00+00:00,2026-09-07T20:48:00+00:00
SHP-0162,SELLER-223,WH-041,CAR-055,Mumbai,Bengaluru,IN_TRANSIT,3,0,0,0,STALE,2026-09-06T06:34:00+00:00,2026-09-06T09:25:00+00:00
SHP-0163,SELLER-465,WH-031,CAR-039,Delhi,Chennai,OUT_FOR_DELIVERY,4,0,0,0,STALE,2026-09-04T10:01:00+00:00,2026-09-04T16:52:00+00:00
SHP-0164,SELLER-339,WH-047,CAR-073,Hyderabad,Pune,PICKED_UP,2,0,0,0,STALE,2026-09-01T22:19:00+00:00,2026-09-01T22:53:00+00:00
SHP-0165,SELLER-094,WH-026,CAR-006,Mumbai,Ahmedabad,DELIVERED,5,0,0,0,STALE,2026-09-04T09:16:00+00:00,2026-09-04T17:24:00+00:00
SHP-0166,SELLER-274,WH-002,CAR-001,Pune,Mumbai,CREATED,1,0,0,0,STALE,2026-09-06T10:17:00+00:00,2026-09-06T10:17:00+00:00
SHP-0167,SELLER-355,WH-026,CAR-085,Surat,Ahmedabad,PICKED_UP,2,0,0,0,STALE,2026-09-05T02:30:00+00:00,2026-09-05T04:17:00+00:00
SHP-0168,SELLER-418,WH-002,CAR-090,Chennai,Bengaluru,PICKED_UP,2,0,0,0,STALE,2026-09-02T15:38:00+00:00,2026-09-02T17:59:00+00:00
SHP-0169,SELLER-045,WH-020,CAR-099,Ahmedabad,Delhi,IN_TRANSIT,3,0,0,0,STALE,2026-09-01T05:57:00+00:00,2026-09-01T12:17:00+00:00
SHP-0170,SELLER-300,WH-016,CAR-026,Hyderabad,Ahmedabad,CREATED,1,0,0,0,STALE,2026-09-01T02:09:00+00:00,2026-09-01T02:09:00+00:00
SHP-0171,SELLER-323,WH-046,CAR-056,Pune,Jaipur,OUT_FOR_DELIVERY,4,0,0,1,FRESH,2026-09-07T18:42:00+00:00,2026-09-08T04:23:00+00:00
SHP-0172,SELLER-033,WH-018,CAR-083,Pune,Jaipur,CREATED,1,0,0,0,STALE,2026-09-04T22:41:00+00:00,2026-09-04T22:41:00+00:00
SHP-0173,SELLER-358,WH-028,CAR-003,Delhi,Kolkata,OUT_FOR_DELIVERY,4,0,0,0,STALE,2026-09-06T08:08:00+00:00,2026-09-06T17:02:00+00:00
SHP-0174,SELLER-335,WH-048,CAR-047,Ahmedabad,Delhi,IN_TRANSIT,3,0,0,0,STALE,2026-09-04T05:07:00+00:00,2026-09-04T09:31:00+00:00
SHP-0175,SELLER-108,WH-036,CAR-007,Bengaluru,Pune,DELIVERED,5,0,0,0,STALE,2026-09-05T01:29:00+00:00,2026-09-05T07:01:00+00:00
SHP-0176,SELLER-133,WH-022,CAR-046,Bengaluru,Surat,PICKED_UP,2,0,0,0,STALE,2026-09-02T17:16:00+00:00,2026-09-02T18:12:00+00:00
SHP-0177,SELLER-493,WH-049,CAR-015,Mumbai,Delhi,DELIVERED,5,0,0,0,STALE,2026-09-01T11:27:00+00:00,2026-09-01T20:09:00+00:00
SHP-0178,SELLER-332,WH-024,CAR-043,Delhi,Mumbai,DELIVERED,5,0,0,0,STALE,2026-09-05T23:54:00+00:00,2026-09-06T10:14:00+00:00
SHP-0179,SELLER-078,WH-049,CAR-097,Jaipur,Pune,OUT_FOR_DELIVERY,4,0,0,0,STALE,2026-09-02T13:40:00+00:00,2026-09-02T22:21:00+00:00
SHP-0180,SELLER-044,WH-022,CAR-041,Pune,Delhi,IN_TRANSIT,3,0,0,0,STALE,2026-09-05T11:23:00+00:00,2026-09-05T17:57:00+00:00
SHP-0181,SELLER-349,WH-045,CAR-071,Hyderabad,Pune,DELIVERED,5,0,0,0,STALE,2026-09-01T02:09:00+00:00,2026-09-01T12:29:00+00:00
SHP-0182,SELLER-398,WH-013,CAR-039,Mumbai,Bengaluru,IN_TRANSIT,3,0,0,0,STALE,2026-09-05T10:29:00+00:00,2026-09-05T18:54:00+00:00
SHP-0183,SELLER-326,WH-011,CAR-003,Bengaluru,Surat,IN_TRANSIT,3,0,0,0,STALE,2026-09-03T17:54:00+00:00,2026-09-04T00:22:00+00:00
SHP-0184,SELLER-025,WH-049,CAR-084,Mumbai,Jaipur,PICKED_UP,2,0,0,0,STALE,2026-09-01T01:25:00+00:00,2026-09-01T03:21:00+00:00
SHP-0185,SELLER-290,WH-046,CAR-081,Jaipur,Chennai,IN_TRANSIT,3,0,0,0,STALE,2026-09-04T05:41:00+00:00,2026-09-04T10:33:00+00:00
SHP-0186,SELLER-399,WH-024,CAR-059,Mumbai,Chennai,OUT_FOR_DELIVERY,4,0,0,0,STALE,2026-09-05T16:31:00+00:00,2026-09-06T00:55:00+00:00
SHP-0187,SELLER-399,WH-026,CAR-034,Surat,Ahmedabad,IN_TRANSIT,3,0,0,0,STALE,2026-09-06T00:10:00+00:00,2026-09-06T07:20:00+00:00
SHP-0188,SELLER-061,WH-045,CAR-028,Ahmedabad,Jaipur,CREATED,1,0,0,0,STALE,2026-09-02T18:49:00+00:00,2026-09-02T18:49:00+00:00
SHP-0189,SELLER-190,WH-008,CAR-078,Pune,Mumbai,CREATED,1,0,0,0,STALE,2026-09-07T12:07:00+00:00,2026-09-07T12:07:00+00:00
SHP-0190,SELLER-021,WH-034,CAR-020,Mumbai,Pune,PICKED_UP,2,0,0,0,STALE,2026-09-05T06:15:00+00:00,2026-09-05T08:00:00+00:00
SHP-0191,SELLER-302,WH-027,CAR-007,Hyderabad,Kolkata,PICKED_UP,2,0,0,0,STALE,2026-09-06T13:28:00+00:00,2026-09-06T14:29:00+00:00
SHP-0192,SELLER-247,WH-037,CAR-040,Surat,Ahmedabad,DELIVERED,5,0,0,0,STALE,2026-09-05T07:01:00+00:00,2026-09-05T17:02:00+00:00
SHP-0193,SELLER-210,WH-025,CAR-030,Pune,Kolkata,IN_TRANSIT,3,0,0,0,STALE,2026-09-06T00:59:00+00:00,2026-09-06T05:29:00+00:00
SHP-0194,SELLER-044,WH-013,CAR-080,Jaipur,Bengaluru,DELIVERED,5,0,0,0,STALE,2026-09-06T22:28:00+00:00,2026-09-07T09:57:00+00:00
SHP-0195,SELLER-044,WH-035,CAR-078,Kolkata,Ahmedabad,IN_TRANSIT,3,0,0,0,STALE,2026-09-06T14:12:00+00:00,2026-09-06T19:51:00+00:00
SHP-0196,SELLER-051,WH-035,CAR-022,Hyderabad,Delhi,PICKED_UP,2,0,0,0,STALE,2026-09-02T00:28:00+00:00,2026-09-02T02:16:00+00:00
SHP-0197,SELLER-493,WH-021,CAR-024,Bengaluru,Mumbai,PICKED_UP,2,0,0,0,STALE,2026-09-02T02:57:00+00:00,2026-09-02T04:03:00+00:00
SHP-0198,SELLER-424,WH-008,CAR-007,Chennai,Hyderabad,OUT_FOR_DELIVERY,4,0,0,0,STALE,2026-09-07T16:01:00+00:00,2026-09-08T00:38:00+00:00
SHP-0199,SELLER-015,WH-027,CAR-082,Chennai,Bengaluru,PICKED_UP,2,0,0,0,STALE,2026-09-07T16:03:00+00:00,2026-09-07T17:36:00+00:00
SHP-0200,SELLER-291,WH-027,CAR-058,Mumbai,Surat,PICKED_UP,2,0,0,0,STALE,2026-09-02T14:52:00+00:00,2026-09-02T17:40:00+00:00
SHP-0201,SELLER-217,WH-036,CAR-058,Bengaluru,Mumbai,DELIVERED,5,0,0,0,STALE,2026-09-04T06:59:00+00:00,2026-09-04T12:56:00+00:00
SHP-0202,SELLER-379,WH-035,CAR-073,Mumbai,Kolkata,CREATED,1,0,0,0,STALE,2026-09-02T09:34:00+00:00,2026-09-02T09:34:00+00:00
SHP-0203,SELLER-372,WH-036,CAR-036,Pune,Chennai,IN_TRANSIT,3,0,0,0,STALE,2026-09-04T14:55:00+00:00,2026-09-04T20:15:00+00:00
SHP-0204,SELLER-307,WH-022,CAR-003,Delhi,Bengaluru,IN_TRANSIT,3,0,0,0,STALE,2026-09-01T01:10:00+00:00,2026-09-01T06:45:00+00:00
SHP-0205,SELLER-333,WH-042,CAR-010,Jaipur,Bengaluru,DELIVERED,5,0,0,0,STALE,2026-09-06T01:33:00+00:00,2026-09-06T10:46:00+00:00
SHP-0206,SELLER-381,WH-002,CAR-098,Hyderabad,Pune,PICKED_UP,2,0,0,0,STALE,2026-09-04T10:47:00+00:00,2026-09-04T12:16:00+00:00
SHP-0207,SELLER-464,WH-046,CAR-091,Surat,Chennai,CREATED,1,0,0,0,STALE,2026-09-05T12:09:00+00:00,2026-09-05T12:09:00+00:00
SHP-0208,SELLER-446,WH-018,CAR-073,Jaipur,Ahmedabad,PICKED_UP,2,0,0,0,STALE,2026-09-03T04:54:00+00:00,2026-09-03T07:48:00+00:00
SHP-0209,SELLER-066,WH-017,CAR-073,Chennai,Surat,OUT_FOR_DELIVERY,4,0,1,0,STALE,2026-09-04T02:54:00+00:00,2026-09-04T09:27:00+00:00
SHP-0210,SELLER-222,WH-027,CAR-036,Mumbai,Surat,IN_TRANSIT,3,0,0,0,STALE,2026-09-05T02:42:00+00:00,2026-09-05T07:58:00+00:00
SHP-0211,SELLER-201,WH-013,CAR-043,Mumbai,Bengaluru,CANCELLED,2,0,0,0,STALE,2026-09-03T13:36:00+00:00,2026-09-03T14:25:00+00:00
SHP-0212,SELLER-033,WH-041,CAR-081,Mumbai,Bengaluru,IN_TRANSIT,3,0,0,0,STALE,2026-09-01T06:33:00+00:00,2026-09-01T12:22:00+00:00
SHP-0213,SELLER-122,WH-005,CAR-100,Surat,Ahmedabad,OUT_FOR_DELIVERY,4,0,0,0,STALE,2026-09-06T01:54:00+00:00,2026-09-06T07:21:00+00:00
SHP-0214,SELLER-313,WH-041,CAR-056,Mumbai,Delhi,OUT_FOR_DELIVERY,4,0,0,0,STALE,2026-09-07T08:42:00+00:00,2026-09-07T18:36:00+00:00
SHP-0215,SELLER-197,WH-030,CAR-055,Surat,Mumbai,PICKED_UP,2,0,0,0,STALE,2026-09-01T07:05:00+00:00,2026-09-01T09:47:00+00:00
SHP-0216,SELLER-305,WH-046,CAR-009,Surat,Chennai,DELIVERED,5,0,0,0,STALE,2026-09-02T10:24:00+00:00,2026-09-02T17:23:00+00:00
SHP-0217,SELLER-263,WH-042,CAR-097,Kolkata,Hyderabad,IN_TRANSIT,3,0,0,0,STALE,2026-09-07T03:46:00+00:00,2026-09-07T05:57:00+00:00
SHP-0218,SELLER-075,WH-004,CAR-031,Jaipur,Surat,DELIVERED,5,0,0,0,STALE,2026-09-05T19:15:00+00:00,2026-09-06T05:00:00+00:00
SHP-0219,SELLER-316,WH-020,CAR-054,Kolkata,Delhi,CREATED,1,0,0,0,STALE,2026-09-01T11:31:00+00:00,2026-09-01T11:31:00+00:00
SHP-0220,SELLER-113,WH-001,CAR-082,Chennai,Hyderabad,IN_TRANSIT,3,0,0,0,STALE,2026-09-03T10:12:00+00:00,2026-09-03T16:57:00+00:00
SHP-0221,SELLER-004,WH-024,CAR-002,Mumbai,Pune,CREATED,1,0,0,0,STALE,2026-09-02T07:27:00+00:00,2026-09-02T07:27:00+00:00
SHP-0222,SELLER-149,WH-029,CAR-025,Surat,Kolkata,CREATED,1,0,0,0,STALE,2026-09-01T08:06:00+00:00,2026-09-01T08:06:00+00:00
SHP-0223,SELLER-102,WH-019,CAR-023,Chennai,Kolkata,OUT_FOR_DELIVERY,4,0,0,0,STALE,2026-09-04T20:47:00+00:00,2026-09-05T01:38:00+00:00
SHP-0224,SELLER-157,WH-030,CAR-031,Kolkata,Pune,OUT_FOR_DELIVERY,4,0,0,0,STALE,2026-09-06T23:53:00+00:00,2026-09-07T08:17:00+00:00
SHP-0225,SELLER-307,WH-028,CAR-082,Chennai,Bengaluru,OUT_FOR_DELIVERY,4,0,0,0,STALE,2026-09-07T16:22:00+00:00,2026-09-08T01:37:00+00:00
SHP-0226,SELLER-042,WH-031,CAR-085,Surat,Mumbai,PICKED_UP,2,0,0,0,STALE,2026-09-05T09:58:00+00:00,2026-09-05T12:03:00+00:00
SHP-0227,SELLER-192,WH-034,CAR-089,Ahmedabad,Jaipur,IN_TRANSIT,3,0,0,0,STALE,2026-09-07T14:42:00+00:00,2026-09-07T22:32:00+00:00
SHP-0228,SELLER-218,WH-025,CAR-074,Delhi,Pune,PICKED_UP,2,0,0,0,STALE,2026-09-01T23:08:00+00:00,2026-09-01T23:59:00+00:00
SHP-0229,SELLER-022,WH-030,CAR-066,Surat,Kolkata,IN_TRANSIT,3,0,0,0,STALE,2026-09-06T07:40:00+00:00,2026-09-06T11:06:00+00:00
SHP-0230,SELLER-331,WH-005,CAR-046,Mumbai,Kolkata,DELIVERED,5,0,0,0,STALE,2026-09-06T20:01:00+00:00,2026-09-07T01:54:00+00:00
SHP-0231,SELLER-155,WH-048,CAR-099,Hyderabad,Chennai,OUT_FOR_DELIVERY,4,0,0,1,STALE,2026-09-02T13:38:00+00:00,2026-09-02T20:43:00+00:00
SHP-0232,SELLER-263,WH-049,CAR-020,Pune,Chennai,PICKED_UP,2,0,0,0,STALE,2026-09-03T09:18:00+00:00,2026-09-03T10:47:00+00:00
SHP-0233,SELLER-370,WH-030,CAR-044,Mumbai,Pune,DELIVERED,5,0,0,0,STALE,2026-09-05T21:05:00+00:00,2026-09-06T02:46:00+00:00
SHP-0234,SELLER-116,WH-027,CAR-055,Pune,Surat,PICKED_UP,2,0,0,0,STALE,2026-09-07T16:16:00+00:00,2026-09-07T19:11:00+00:00
SHP-0235,SELLER-488,WH-022,CAR-073,Surat,Pune,CANCELLED,2,0,0,0,STALE,2026-09-03T07:45:00+00:00,2026-09-03T08:31:00+00:00
SHP-0236,SELLER-292,WH-029,CAR-082,Hyderabad,Mumbai,PICKED_UP,2,1,0,0,STALE,2026-09-07T06:58:00+00:00,2026-09-07T07:36:00+00:00
SHP-0237,SELLER-102,WH-005,CAR-050,Hyderabad,Chennai,PICKED_UP,2,0,0,0,STALE,2026-09-06T23:11:00+00:00,2026-09-07T01:37:00+00:00
SHP-0238,SELLER-441,WH-027,CAR-051,Delhi,Mumbai,CREATED,1,0,0,0,STALE,2026-09-05T18:15:00+00:00,2026-09-05T18:15:00+00:00
SHP-0239,SELLER-381,WH-005,CAR-050,Chennai,Delhi,DELIVERED,5,0,0,0,STALE,2026-09-04T12:35:00+00:00,2026-09-04T23:10:00+00:00
SHP-0240,SELLER-414,WH-016,CAR-068,Kolkata,Jaipur,IN_TRANSIT,3,0,0,0,STALE,2026-09-07T13:19:00+00:00,2026-09-07T17:44:00+00:00
SHP-0241,SELLER-436,WH-012,CAR-054,Chennai,Delhi,DELIVERED,5,0,0,0,STALE,2026-09-05T21:59:00+00:00,2026-09-06T07:36:00+00:00
SHP-0242,SELLER-342,WH-005,CAR-090,Chennai,Jaipur,IN_TRANSIT,3,0,0,0,STALE,2026-09-07T06:57:00+00:00,2026-09-07T12:47:00+00:00
SHP-0243,SELLER-107,WH-033,CAR-006,Ahmedabad,Bengaluru,CREATED,1,0,0,0,STALE,2026-09-06T06:07:00+00:00,2026-09-06T06:07:00+00:00
SHP-0244,SELLER-176,WH-048,CAR-052,Chennai,Ahmedabad,CREATED,1,0,0,0,STALE,2026-09-03T20:25:00+00:00,2026-09-03T20:25:00+00:00
SHP-0245,SELLER-364,WH-009,CAR-042,Ahmedabad,Jaipur,IN_TRANSIT,3,0,0,0,STALE,2026-09-01T22:32:00+00:00,2026-09-02T03:26:00+00:00
SHP-0246,SELLER-311,WH-007,CAR-023,Hyderabad,Mumbai,IN_TRANSIT,3,0,0,0,STALE,2026-09-05T10:43:00+00:00,2026-09-05T16:17:00+00:00
SHP-0247,SELLER-018,WH-044,CAR-069,Chennai,Jaipur,OUT_FOR_DELIVERY,4,0,0,0,STALE,2026-09-06T22:46:00+00:00,2026-09-07T04:54:00+00:00
SHP-0248,SELLER-047,WH-002,CAR-054,Bengaluru,Mumbai,PICKED_UP,2,0,0,0,STALE,2026-09-03T04:28:00+00:00,2026-09-03T05:54:00+00:00
SHP-0249,SELLER-341,WH-011,CAR-093,Delhi,Bengaluru,IN_TRANSIT,3,0,0,0,STALE,2026-09-02T05:24:00+00:00,2026-09-02T12:53:00+00:00
SHP-0250,SELLER-110,WH-007,CAR-046,Kolkata,Delhi,CREATED,1,0,0,0,STALE,2026-09-04T14:21:00+00:00,2026-09-04T14:21:00+00:00
SHP-0251,SELLER-200,WH-014,CAR-059,Chennai,Mumbai,OUT_FOR_DELIVERY,4,0,0,1,STALE,2026-09-04T04:02:00+00:00,2026-09-04T14:46:00+00:00
SHP-0252,SELLER-492,WH-007,CAR-077,Kolkata,Ahmedabad,OUT_FOR_DELIVERY,4,0,1,0,STALE,2026-09-02T12:17:00+00:00,2026-09-02T22:06:00+00:00
SHP-0253,SELLER-262,WH-041,CAR-095,Chennai,Surat,IN_TRANSIT,3,0,0,0,STALE,2026-09-01T03:37:00+00:00,2026-09-01T08:51:00+00:00
SHP-0254,SELLER-071,WH-024,CAR-064,Hyderabad,Chennai,PICKED_UP,2,0,0,0,STALE,2026-09-03T07:48:00+00:00,2026-09-03T09:18:00+00:00
SHP-0255,SELLER-169,WH-009,CAR-036,Kolkata,Bengaluru,IN_TRANSIT,3,0,0,0,STALE,2026-09-05T17:17:00+00:00,2026-09-05T20:38:00+00:00
SHP-0256,SELLER-341,WH-016,CAR-088,Chennai,Ahmedabad,IN_TRANSIT,3,0,0,0,STALE,2026-09-03T02:07:00+00:00,2026-09-03T04:04:00+00:00
SHP-0257,SELLER-089,WH-038,CAR-071,Chennai,Hyderabad,IN_TRANSIT,3,0,0,0,STALE,2026-09-05T20:23:00+00:00,2026-09-06T01:19:00+00:00
SHP-0258,SELLER-496,WH-041,CAR-026,Hyderabad,Jaipur,CREATED,1,0,0,0,STALE,2026-09-05T02:11:00+00:00,2026-09-05T02:11:00+00:00
SHP-0259,SELLER-194,WH-011,CAR-061,Ahmedabad,Pune,IN_TRANSIT,3,0,0,1,STALE,2026-09-05T22:21:00+00:00,2026-09-06T04:27:00+00:00
SHP-0260,SELLER-090,WH-017,CAR-049,Ahmedabad,Hyderabad,IN_TRANSIT,3,0,1,0,STALE,2026-09-05T06:26:00+00:00,2026-09-05T11:18:00+00:00
SHP-0261,SELLER-257,WH-047,CAR-093,Kolkata,Jaipur,IN_TRANSIT,3,0,0,0,STALE,2026-09-05T17:32:00+00:00,2026-09-05T21:13:00+00:00
SHP-0262,SELLER-064,WH-025,CAR-073,Delhi,Hyderabad,OUT_FOR_DELIVERY,4,0,0,0,STALE,2026-09-03T21:42:00+00:00,2026-09-04T03:53:00+00:00
SHP-0263,SELLER-472,WH-024,CAR-081,Bengaluru,Chennai,PICKED_UP,2,0,0,0,STALE,2026-09-06T04:22:00+00:00,2026-09-06T05:57:00+00:00
SHP-0264,SELLER-007,WH-008,CAR-099,Mumbai,Ahmedabad,IN_TRANSIT,3,0,0,0,STALE,2026-09-07T16:03:00+00:00,2026-09-07T23:23:00+00:00
SHP-0265,SELLER-273,WH-043,CAR-049,Surat,Hyderabad,OUT_FOR_DELIVERY,4,0,1,0,STALE,2026-09-02T00:16:00+00:00,2026-09-02T07:42:00+00:00
SHP-0266,SELLER-050,WH-005,CAR-100,Pune,Surat,IN_TRANSIT,3,0,0,0,STALE,2026-09-04T06:44:00+00:00,2026-09-04T13:06:00+00:00
SHP-0267,SELLER-231,WH-037,CAR-028,Delhi,Hyderabad,CREATED,1,0,0,0,STALE,2026-09-03T01:53:00+00:00,2026-09-03T01:53:00+00:00
SHP-0268,SELLER-133,WH-027,CAR-057,Surat,Mumbai,DELIVERED,5,0,0,0,STALE,2026-09-02T21:21:00+00:00,2026-09-03T04:40:00+00:00
SHP-0269,SELLER-385,WH-001,CAR-086,Surat,Bengaluru,CREATED,1,0,0,0,STALE,2026-09-06T22:37:00+00:00,2026-09-06T22:37:00+00:00
SHP-0270,SELLER-193,WH-039,CAR-067,Hyderabad,Jaipur,IN_TRANSIT,3,0,0,0,STALE,2026-09-04T20:01:00+00:00,2026-09-05T01:22:00+00:00
SHP-0271,SELLER-030,WH-023,CAR-043,Mumbai,Bengaluru,IN_TRANSIT,3,0,0,0,STALE,2026-09-05T13:43:00+00:00,2026-09-05T17:26:00+00:00
SHP-0272,SELLER-338,WH-031,CAR-066,Pune,Chennai,CREATED,1,0,0,0,STALE,2026-09-04T15:58:00+00:00,2026-09-04T15:58:00+00:00
SHP-0273,SELLER-325,WH-024,CAR-006,Kolkata,Jaipur,PICKED_UP,2,0,0,0,STALE,2026-09-06T12:18:00+00:00,2026-09-06T13:08:00+00:00
SHP-0274,SELLER-439,WH-045,CAR-013,Pune,Hyderabad,IN_TRANSIT,3,0,0,0,STALE,2026-09-02T15:05:00+00:00,2026-09-02T23:15:00+00:00
SHP-0275,SELLER-281,WH-030,CAR-022,Ahmedabad,Mumbai,IN_TRANSIT,3,0,0,0,STALE,2026-09-07T03:38:00+00:00,2026-09-07T07:04:00+00:00
SHP-0276,SELLER-476,WH-021,CAR-050,Hyderabad,Chennai,OUT_FOR_DELIVERY,4,0,0,0,STALE,2026-09-06T10:03:00+00:00,2026-09-06T18:30:00+00:00
SHP-0277,SELLER-176,WH-025,CAR-092,Pune,Surat,DELIVERED,5,0,0,0,STALE,2026-09-05T23:19:00+00:00,2026-09-06T07:09:00+00:00
SHP-0278,SELLER-296,WH-048,CAR-001,Hyderabad,Bengaluru,IN_TRANSIT,3,0,0,0,STALE,2026-09-03T03:50:00+00:00,2026-09-03T08:12:00+00:00
SHP-0279,SELLER-055,WH-026,CAR-002,Jaipur,Ahmedabad,PICKED_UP,2,0,0,0,STALE,2026-09-04T09:03:00+00:00,2026-09-04T11:40:00+00:00
SHP-0280,SELLER-383,WH-043,CAR-090,Bengaluru,Pune,PICKED_UP,2,0,0,0,STALE,2026-09-02T09:42:00+00:00,2026-09-02T12:38:00+00:00
SHP-0281,SELLER-361,WH-025,CAR-008,Kolkata,Delhi,DELIVERED,5,0,0,0,STALE,2026-09-03T09:30:00+00:00,2026-09-03T19:07:00+00:00
SHP-0282,SELLER-179,WH-049,CAR-051,Pune,Mumbai,IN_TRANSIT,3,0,0,0,STALE,2026-09-04T05:17:00+00:00,2026-09-04T10:21:00+00:00
SHP-0283,SELLER-364,WH-020,CAR-059,Delhi,Chennai,IN_TRANSIT,3,0,0,0,STALE,2026-09-06T11:44:00+00:00,2026-09-06T13:55:00+00:00
SHP-0284,SELLER-403,WH-010,CAR-049,Pune,Delhi,DELIVERED,5,0,0,0,STALE,2026-09-02T02:13:00+00:00,2026-09-02T12:41:00+00:00
SHP-0285,SELLER-124,WH-026,CAR-063,Hyderabad,Delhi,OUT_FOR_DELIVERY,4,0,0,0,STALE,2026-09-05T06:30:00+00:00,2026-09-05T15:06:00+00:00
SHP-0286,SELLER-329,WH-043,CAR-066,Chennai,Bengaluru,IN_TRANSIT,3,0,0,0,STALE,2026-09-07T12:21:00+00:00,2026-09-07T18:17:00+00:00
SHP-0287,SELLER-065,WH-007,CAR-042,Mumbai,Surat,PICKED_UP,2,0,0,0,STALE,2026-09-01T05:23:00+00:00,2026-09-01T08:15:00+00:00
SHP-0288,SELLER-033,WH-034,CAR-075,Jaipur,Mumbai,OUT_FOR_DELIVERY,4,1,0,0,STALE,2026-09-03T08:39:00+00:00,2026-09-03T18:10:00+00:00
SHP-0289,SELLER-083,WH-006,CAR-072,Hyderabad,Bengaluru,CREATED,1,0,0,0,STALE,2026-09-02T10:03:00+00:00,2026-09-02T10:03:00+00:00
SHP-0290,SELLER-153,WH-024,CAR-070,Delhi,Ahmedabad,DELIVERED,5,0,0,1,STALE,2026-09-01T00:01:00+00:00,2026-09-01T12:22:00+00:00
SHP-0291,SELLER-276,WH-033,CAR-027,Mumbai,Bengaluru,PICKED_UP,2,0,0,0,STALE,2026-09-03T03:21:00+00:00,2026-09-03T05:07:00+00:00
SHP-0292,SELLER-111,WH-038,CAR-046,Hyderabad,Delhi,OUT_FOR_DELIVERY,4,0,0,0,STALE,2026-09-05T19:14:00+00:00,2026-09-06T06:21:00+00:00
SHP-0293,SELLER-074,WH-035,CAR-027,Mumbai,Kolkata,CANCELLED,2,0,0,0,STALE,2026-09-03T04:36:00+00:00,2026-09-03T07:30:00+00:00
SHP-0294,SELLER-215,WH-010,CAR-041,Pune,Ahmedabad,CREATED,1,0,0,0,STALE,2026-09-07T20:49:00+00:00,2026-09-07T20:49:00+00:00
SHP-0295,SELLER-040,WH-018,CAR-016,Jaipur,Mumbai,OUT_FOR_DELIVERY,4,0,1,0,STALE,2026-09-05T15:04:00+00:00,2026-09-05T21:48:00+00:00
SHP-0296,SELLER-488,WH-007,CAR-016,Delhi,Surat,OUT_FOR_DELIVERY,4,0,0,0,STALE,2026-09-04T11:42:00+00:00,2026-09-04T18:53:00+00:00
SHP-0297,SELLER-485,WH-049,CAR-050,Delhi,Pune,DELIVERED,5,1,0,0,STALE,2026-09-07T01:11:00+00:00,2026-09-07T14:03:00+00:00
SHP-0298,SELLER-363,WH-050,CAR-032,Surat,Pune,OUT_FOR_DELIVERY,4,0,0,0,STALE,2026-09-03T01:59:00+00:00,2026-09-03T10:00:00+00:00
SHP-0299,SELLER-395,WH-021,CAR-012,Mumbai,Delhi,OUT_FOR_DELIVERY,4,0,0,0,STALE,2026-09-02T01:34:00+00:00,2026-09-02T11:17:00+00:00
SHP-0300,SELLER-264,WH-044,CAR-087,Jaipur,Mumbai,IN_TRANSIT,3,0,0,0,STALE,2026-09-03T03:55:00+00:00,2026-09-03T11:43:00+00:00
SHP-0301,SELLER-087,WH-044,CAR-098,Jaipur,Chennai,PICKED_UP,2,0,0,0,STALE,2026-09-05T04:13:00+00:00,2026-09-05T06:54:00+00:00
SHP-0302,SELLER-088,WH-024,CAR-015,Kolkata,Chennai,DELIVERED,5,1,0,0,STALE,2026-09-02T08:11:00+00:00,2026-09-02T20:51:00+00:00
SHP-0303,SELLER-435,WH-032,CAR-008,Kolkata,Bengaluru,IN_TRANSIT,3,0,0,0,STALE,2026-09-04T17:42:00+00:00,2026-09-04T23:43:00+00:00
SHP-0304,SELLER-102,WH-006,CAR-068,Jaipur,Delhi,IN_TRANSIT,3,0,0,0,STALE,2026-09-06T13:05:00+00:00,2026-09-06T18:25:00+00:00
SHP-0305,SELLER-094,WH-035,CAR-035,Mumbai,Jaipur,OUT_FOR_DELIVERY,4,0,0,0,STALE,2026-09-05T23:58:00+00:00,2026-09-06T05:18:00+00:00
SHP-0306,SELLER-381,WH-022,CAR-005,Delhi,Hyderabad,DELIVERED,5,0,0,0,STALE,2026-09-04T00:34:00+00:00,2026-09-04T08:08:00+00:00
SHP-0307,SELLER-065,WH-010,CAR-045,Jaipur,Bengaluru,OUT_FOR_DELIVERY,4,1,0,0,STALE,2026-09-03T16:34:00+00:00,2026-09-04T02:25:00+00:00
SHP-0308,SELLER-079,WH-047,CAR-066,Delhi,Hyderabad,PICKED_UP,2,0,0,0,STALE,2026-09-02T07:24:00+00:00,2026-09-02T08:57:00+00:00
SHP-0309,SELLER-401,WH-007,CAR-090,Jaipur,Delhi,PICKED_UP,2,0,0,0,STALE,2026-09-07T17:26:00+00:00,2026-09-07T18:54:00+00:00
SHP-0310,SELLER-099,WH-010,CAR-055,Bengaluru,Hyderabad,CREATED,1,0,0,0,STALE,2026-09-01T13:54:00+00:00,2026-09-01T13:54:00+00:00
SHP-0311,SELLER-209,WH-034,CAR-040,Chennai,Hyderabad,PICKED_UP,2,0,0,0,STALE,2026-09-06T10:51:00+00:00,2026-09-06T13:31:00+00:00
SHP-0312,SELLER-187,WH-018,CAR-045,Pune,Chennai,PICKED_UP,2,0,0,1,STALE,2026-09-01T12:59:00+00:00,2026-09-01T13:39:00+00:00
SHP-0313,SELLER-147,WH-031,CAR-036,Surat,Mumbai,IN_TRANSIT,3,0,0,0,STALE,2026-09-03T20:53:00+00:00,2026-09-04T04:38:00+00:00
SHP-0314,SELLER-415,WH-024,CAR-096,Surat,Jaipur,IN_TRANSIT,3,0,0,0,STALE,2026-09-03T17:03:00+00:00,2026-09-03T20:27:00+00:00
SHP-0315,SELLER-453,WH-042,CAR-025,Chennai,Jaipur,DELIVERED,5,0,0,0,STALE,2026-09-01T20:26:00+00:00,2026-09-02T05:32:00+00:00
SHP-0316,SELLER-459,WH-024,CAR-058,Mumbai,Ahmedabad,CREATED,1,0,0,0,STALE,2026-09-05T18:24:00+00:00,2026-09-05T18:24:00+00:00
SHP-0317,SELLER-477,WH-033,CAR-003,Delhi,Kolkata,OUT_FOR_DELIVERY,4,0,0,0,STALE,2026-09-02T11:12:00+00:00,2026-09-02T17:41:00+00:00
SHP-0318,SELLER-225,WH-049,CAR-066,Pune,Surat,OUT_FOR_DELIVERY,4,0,0,0,STALE,2026-09-05T13:27:00+00:00,2026-09-05T19:24:00+00:00
SHP-0319,SELLER-437,WH-015,CAR-038,Hyderabad,Surat,CREATED,1,0,0,0,STALE,2026-09-03T13:08:00+00:00,2026-09-03T13:08:00+00:00
SHP-0320,SELLER-274,WH-016,CAR-038,Bengaluru,Chennai,DELIVERED,5,0,1,0,STALE,2026-09-04T03:50:00+00:00,2026-09-04T11:14:00+00:00
SHP-0321,SELLER-136,WH-047,CAR-018,Pune,Hyderabad,PICKED_UP,2,0,0,0,STALE,2026-09-01T15:38:00+00:00,2026-09-01T17:39:00+00:00
SHP-0322,SELLER-009,WH-035,CAR-085,Surat,Mumbai,OUT_FOR_DELIVERY,4,0,0,0,STALE,2026-09-05T08:18:00+00:00,2026-09-05T15:52:00+00:00
SHP-0323,SELLER-076,WH-031,CAR-012,Ahmedabad,Delhi,IN_TRANSIT,3,0,0,0,STALE,2026-09-03T00:05:00+00:00,2026-09-03T04:10:00+00:00
SHP-0324,SELLER-419,WH-026,CAR-088,Surat,Chennai,CREATED,1,0,0,0,STALE,2026-09-01T19:40:00+00:00,2026-09-01T19:40:00+00:00
SHP-0325,SELLER-126,WH-030,CAR-083,Pune,Mumbai,OUT_FOR_DELIVERY,4,0,0,0,STALE,2026-09-02T13:29:00+00:00,2026-09-02T17:54:00+00:00
SHP-0326,SELLER-308,WH-001,CAR-002,Mumbai,Surat,OUT_FOR_DELIVERY,4,0,0,0,STALE,2026-09-04T20:24:00+00:00,2026-09-05T02:10:00+00:00
SHP-0327,SELLER-355,WH-018,CAR-081,Jaipur,Mumbai,CREATED,1,0,0,0,STALE,2026-09-01T12:09:00+00:00,2026-09-01T12:09:00+00:00
SHP-0328,SELLER-279,WH-019,CAR-014,Jaipur,Pune,CREATED,1,0,0,0,STALE,2026-09-03T13:15:00+00:00,2026-09-03T13:15:00+00:00
SHP-0329,SELLER-117,WH-028,CAR-050,Delhi,Pune,OUT_FOR_DELIVERY,4,0,0,0,STALE,2026-09-03T13:40:00+00:00,2026-09-03T19:32:00+00:00
SHP-0330,SELLER-459,WH-003,CAR-078,Delhi,Chennai,IN_TRANSIT,3,0,0,0,STALE,2026-09-04T19:26:00+00:00,2026-09-05T00:08:00+00:00
SHP-0331,SELLER-256,WH-043,CAR-048,Hyderabad,Mumbai,OUT_FOR_DELIVERY,4,0,0,0,STALE,2026-09-02T16:35:00+00:00,2026-09-03T01:41:00+00:00
SHP-0332,SELLER-166,WH-009,CAR-024,Pune,Kolkata,PICKED_UP,2,0,0,0,STALE,2026-09-05T19:44:00+00:00,2026-09-05T21:59:00+00:00
SHP-0333,SELLER-484,WH-042,CAR-032,Pune,Ahmedabad,IN_TRANSIT,3,0,0,0,STALE,2026-09-07T03:06:00+00:00,2026-09-07T11:39:00+00:00
SHP-0334,SELLER-356,WH-048,CAR-029,Mumbai,Hyderabad,IN_TRANSIT,3,0,0,0,STALE,2026-09-03T07:30:00+00:00,2026-09-03T13:30:00+00:00
SHP-0335,SELLER-074,WH-036,CAR-054,Chennai,Hyderabad,DELIVERED,5,0,0,0,STALE,2026-09-01T15:15:00+00:00,2026-09-01T20:31:00+00:00
SHP-0336,SELLER-016,WH-010,CAR-047,Delhi,Mumbai,PICKED_UP,2,0,0,0,STALE,2026-09-01T03:24:00+00:00,2026-09-01T05:40:00+00:00
SHP-0337,SELLER-384,WH-034,CAR-090,Hyderabad,Jaipur,IN_TRANSIT,3,0,0,0,STALE,2026-09-04T20:06:00+00:00,2026-09-04T21:55:00+00:00
SHP-0338,SELLER-203,WH-028,CAR-088,Ahmedabad,Surat,OUT_FOR_DELIVERY,4,0,0,0,STALE,2026-09-03T22:27:00+00:00,2026-09-04T05:56:00+00:00
SHP-0339,SELLER-317,WH-004,CAR-029,Pune,Delhi,DELIVERED,5,0,0,0,STALE,2026-09-07T08:43:00+00:00,2026-09-07T17:28:00+00:00
SHP-0340,SELLER-054,WH-005,CAR-047,Surat,Kolkata,CREATED,1,0,0,0,STALE,2026-09-04T05:03:00+00:00,2026-09-04T05:03:00+00:00
SHP-0341,SELLER-278,WH-007,CAR-009,Chennai,Bengaluru,OUT_FOR_DELIVERY,4,0,0,0,STALE,2026-09-04T12:24:00+00:00,2026-09-04T20:01:00+00:00
SHP-0342,SELLER-162,WH-006,CAR-040,Bengaluru,Pune,OUT_FOR_DELIVERY,4,0,0,0,STALE,2026-09-05T12:43:00+00:00,2026-09-05T19:16:00+00:00
SHP-0343,SELLER-414,WH-050,CAR-020,Bengaluru,Ahmedabad,IN_TRANSIT,3,0,0,0,STALE,2026-09-01T10:12:00+00:00,2026-09-01T13:10:00+00:00
SHP-0344,SELLER-335,WH-010,CAR-099,Delhi,Surat,IN_TRANSIT,3,0,0,0,FRESH,2026-09-07T22:13:00+00:00,2026-09-08T04:50:00+00:00
SHP-0345,SELLER-313,WH-039,CAR-010,Delhi,Jaipur,CREATED,1,0,0,0,STALE,2026-09-01T04:04:00+00:00,2026-09-01T04:04:00+00:00
SHP-0346,SELLER-393,WH-020,CAR-071,Mumbai,Jaipur,CREATED,1,0,0,0,STALE,2026-09-04T13:39:00+00:00,2026-09-04T13:39:00+00:00
SHP-0347,SELLER-479,WH-019,CAR-021,Mumbai,Kolkata,IN_TRANSIT,3,0,0,0,STALE,2026-09-05T00:29:00+00:00,2026-09-05T06:19:00+00:00
SHP-0348,SELLER-072,WH-008,CAR-073,Ahmedabad,Bengaluru,IN_TRANSIT,3,0,0,0,STALE,2026-09-04T06:16:00+00:00,2026-09-04T12:37:00+00:00
SHP-0349,SELLER-192,WH-006,CAR-088,Pune,Surat,IN_TRANSIT,3,0,0,0,STALE,2026-09-01T11:39:00+00:00,2026-09-01T13:27:00+00:00
SHP-0350,SELLER-082,WH-037,CAR-052,Mumbai,Hyderabad,IN_TRANSIT,3,0,0,0,STALE,2026-09-06T06:13:00+00:00,2026-09-06T13:10:00+00:00
SHP-0351,SELLER-056,WH-026,CAR-099,Pune,Chennai,IN_TRANSIT,3,0,0,0,STALE,2026-09-01T17:36:00+00:00,2026-09-02T00:36:00+00:00
SHP-0352,SELLER-280,WH-010,CAR-061,Delhi,Hyderabad,PICKED_UP,2,0,0,0,STALE,2026-09-01T08:33:00+00:00,2026-09-01T10:40:00+00:00
SHP-0353,SELLER-243,WH-014,CAR-007,Chennai,Bengaluru,DELIVERED,5,0,0,0,STALE,2026-09-05T19:29:00+00:00,2026-09-06T05:12:00+00:00
SHP-0354,SELLER-095,WH-004,CAR-012,Pune,Kolkata,DELIVERED,5,0,0,0,STALE,2026-09-04T09:04:00+00:00,2026-09-04T17:43:00+00:00
SHP-0355,SELLER-102,WH-005,CAR-093,Surat,Delhi,PICKED_UP,2,0,0,0,STALE,2026-09-04T14:25:00+00:00,2026-09-04T15:33:00+00:00
SHP-0356,SELLER-163,WH-008,CAR-087,Pune,Hyderabad,IN_TRANSIT,3,0,0,0,STALE,2026-09-01T01:00:00+00:00,2026-09-01T04:53:00+00:00
SHP-0357,SELLER-397,WH-011,CAR-077,Pune,Chennai,PICKED_UP,2,0,0,0,STALE,2026-09-03T04:11:00+00:00,2026-09-03T04:44:00+00:00
SHP-0358,SELLER-158,WH-033,CAR-016,Ahmedabad,Jaipur,IN_TRANSIT,3,0,0,0,STALE,2026-09-05T00:02:00+00:00,2026-09-05T05:20:00+00:00
SHP-0359,SELLER-284,WH-039,CAR-021,Jaipur,Pune,IN_TRANSIT,3,0,0,0,STALE,2026-09-05T23:27:00+00:00,2026-09-06T01:30:00+00:00
SHP-0360,SELLER-385,WH-040,CAR-070,Mumbai,Jaipur,IN_TRANSIT,3,0,0,0,STALE,2026-09-01T08:54:00+00:00,2026-09-01T13:09:00+00:00
SHP-0361,SELLER-180,WH-030,CAR-053,Pune,Bengaluru,DELIVERED,5,0,0,0,STALE,2026-09-03T13:08:00+00:00,2026-09-03T22:31:00+00:00
SHP-0362,SELLER-405,WH-024,CAR-067,Surat,Kolkata,PICKED_UP,2,0,0,0,STALE,2026-09-07T12:14:00+00:00,2026-09-07T13:45:00+00:00
SHP-0363,SELLER-202,WH-004,CAR-074,Pune,Delhi,DELIVERED,5,0,0,0,STALE,2026-09-05T10:36:00+00:00,2026-09-05T19:46:00+00:00
SHP-0364,SELLER-429,WH-036,CAR-021,Kolkata,Chennai,CREATED,1,0,0,0,STALE,2026-09-01T07:00:00+00:00,2026-09-01T07:00:00+00:00
SHP-0365,SELLER-006,WH-041,CAR-099,Surat,Delhi,CREATED,1,0,0,0,STALE,2026-09-07T04:27:00+00:00,2026-09-07T04:27:00+00:00
SHP-0366,SELLER-293,WH-025,CAR-004,Delhi,Jaipur,IN_TRANSIT,3,0,0,0,STALE,2026-09-05T01:47:00+00:00,2026-09-05T06:23:00+00:00
SHP-0367,SELLER-141,WH-006,CAR-019,Bengaluru,Delhi,CREATED,1,0,0,0,STALE,2026-09-07T18:43:00+00:00,2026-09-07T18:43:00+00:00
SHP-0368,SELLER-055,WH-010,CAR-037,Hyderabad,Delhi,CREATED,1,0,0,0,STALE,2026-09-06T14:57:00+00:00,2026-09-06T14:57:00+00:00
SHP-0369,SELLER-468,WH-014,CAR-051,Mumbai,Jaipur,OUT_FOR_DELIVERY,4,0,0,0,STALE,2026-09-05T16:58:00+00:00,2026-09-06T01:30:00+00:00
SHP-0370,SELLER-463,WH-012,CAR-085,Surat,Bengaluru,CREATED,1,0,0,0,STALE,2026-09-04T21:36:00+00:00,2026-09-04T21:36:00+00:00
SHP-0371,SELLER-248,WH-040,CAR-077,Jaipur,Bengaluru,PICKED_UP,2,0,0,0,STALE,2026-09-03T21:29:00+00:00,2026-09-03T22:48:00+00:00
SHP-0372,SELLER-390,WH-010,CAR-028,Kolkata,Mumbai,DELIVERED,5,0,0,0,STALE,2026-09-01T08:03:00+00:00,2026-09-01T15:18:00+00:00
SHP-0373,SELLER-240,WH-048,CAR-064,Pune,Surat,DELIVERED,5,0,0,0,STALE,2026-09-03T04:43:00+00:00,2026-09-03T14:34:00+00:00
SHP-0374,SELLER-222,WH-029,CAR-055,Surat,Hyderabad,DELIVERED,5,0,0,0,STALE,2026-09-02T05:22:00+00:00,2026-09-02T13:24:00+00:00
SHP-0375,SELLER-310,WH-042,CAR-068,Kolkata,Ahmedabad,CREATED,1,0,0,0,STALE,2026-09-03T01:07:00+00:00,2026-09-03T01:07:00+00:00
SHP-0376,SELLER-220,WH-012,CAR-046,Chennai,Mumbai,PICKED_UP,2,0,0,0,STALE,2026-09-05T05:29:00+00:00,2026-09-05T06:36:00+00:00
SHP-0377,SELLER-006,WH-046,CAR-043,Chennai,Jaipur,IN_TRANSIT,3,0,0,0,STALE,2026-09-04T15:48:00+00:00,2026-09-04T21:32:00+00:00
SHP-0378,SELLER-312,WH-043,CAR-010,Surat,Pune,OUT_FOR_DELIVERY,4,0,0,0,STALE,2026-09-05T22:50:00+00:00,2026-09-06T04:59:00+00:00
SHP-0379,SELLER-168,WH-038,CAR-050,Chennai,Bengaluru,PICKED_UP,2,0,0,0,STALE,2026-09-07T13:13:00+00:00,2026-09-07T15:41:00+00:00
SHP-0380,SELLER-274,WH-034,CAR-006,Kolkata,Bengaluru,CREATED,1,0,0,0,STALE,2026-09-02T01:58:00+00:00,2026-09-02T01:58:00+00:00
SHP-0381,SELLER-371,WH-020,CAR-036,Kolkata,Pune,IN_TRANSIT,3,0,0,0,STALE,2026-09-07T07:56:00+00:00,2026-09-07T15:24:00+00:00
SHP-0382,SELLER-481,WH-040,CAR-014,Bengaluru,Hyderabad,CREATED,1,0,0,0,STALE,2026-09-01T02:50:00+00:00,2026-09-01T02:50:00+00:00
SHP-0383,SELLER-054,WH-021,CAR-089,Pune,Chennai,PICKED_UP,2,0,0,0,STALE,2026-09-03T04:11:00+00:00,2026-09-03T06:58:00+00:00
SHP-0384,SELLER-133,WH-003,CAR-015,Bengaluru,Kolkata,CREATED,1,0,0,0,STALE,2026-09-04T17:55:00+00:00,2026-09-04T17:55:00+00:00
SHP-0385,SELLER-406,WH-025,CAR-035,Delhi,Chennai,IN_TRANSIT,3,0,0,0,STALE,2026-09-02T08:44:00+00:00,2026-09-02T15:06:00+00:00
SHP-0386,SELLER-124,WH-037,CAR-062,Ahmedabad,Hyderabad,PICKED_UP,2,0,0,0,STALE,2026-09-06T11:48:00+00:00,2026-09-06T12:41:00+00:00
SHP-0387,SELLER-286,WH-016,CAR-085,Chennai,Mumbai,CREATED,1,0,0,0,STALE,2026-09-06T15:03:00+00:00,2026-09-06T15:03:00+00:00
SHP-0388,SELLER-109,WH-001,CAR-086,Chennai,Jaipur,DELIVERED,5,0,0,0,STALE,2026-09-03T03:18:00+00:00,2026-09-03T13:57:00+00:00
SHP-0389,SELLER-113,WH-024,CAR-050,Ahmedabad,Surat,PICKED_UP,2,0,0,0,STALE,2026-09-05T13:16:00+00:00,2026-09-05T14:03:00+00:00
SHP-0390,SELLER-446,WH-037,CAR-083,Mumbai,Chennai,IN_TRANSIT,3,0,0,1,STALE,2026-09-02T05:15:00+00:00,2026-09-02T11:49:00+00:00
SHP-0391,SELLER-061,WH-036,CAR-011,Kolkata,Ahmedabad,PICKED_UP,2,0,0,0,STALE,2026-09-05T12:23:00+00:00,2026-09-05T14:43:00+00:00
SHP-0392,SELLER-051,WH-004,CAR-084,Pune,Ahmedabad,PICKED_UP,2,0,0,0,STALE,2026-09-03T03:43:00+00:00,2026-09-03T04:58:00+00:00
SHP-0393,SELLER-222,WH-007,CAR-088,Bengaluru,Hyderabad,DELIVERED,5,0,0,0,STALE,2026-09-03T11:57:00+00:00,2026-09-03T23:00:00+00:00
SHP-0394,SELLER-113,WH-047,CAR-089,Hyderabad,Jaipur,PICKED_UP,2,1,0,0,STALE,2026-09-03T07:35:00+00:00,2026-09-03T09:18:00+00:00
SHP-0395,SELLER-095,WH-033,CAR-090,Surat,Ahmedabad,OUT_FOR_DELIVERY,4,0,0,0,STALE,2026-09-03T17:09:00+00:00,2026-09-04T02:41:00+00:00
SHP-0396,SELLER-091,WH-017,CAR-010,Delhi,Bengaluru,IN_TRANSIT,3,0,0,0,STALE,2026-09-06T09:23:00+00:00,2026-09-06T11:01:00+00:00
SHP-0397,SELLER-269,WH-033,CAR-022,Delhi,Mumbai,CREATED,1,0,0,0,STALE,2026-09-04T19:39:00+00:00,2026-09-04T19:39:00+00:00
SHP-0398,SELLER-252,WH-048,CAR-045,Jaipur,Hyderabad,OUT_FOR_DELIVERY,4,0,0,1,STALE,2026-09-03T21:13:00+00:00,2026-09-04T08:17:00+00:00
SHP-0399,SELLER-211,WH-015,CAR-085,Delhi,Pune,IN_TRANSIT,3,0,0,0,STALE,2026-09-03T18:43:00+00:00,2026-09-04T01:16:00+00:00
SHP-0400,SELLER-348,WH-035,CAR-058,Jaipur,Delhi,PICKED_UP,2,0,0,0,STALE,2026-09-04T23:15:00+00:00,2026-09-05T01:25:00+00:00
SHP-0401,SELLER-297,WH-034,CAR-090,Kolkata,Mumbai,IN_TRANSIT,3,0,0,0,STALE,2026-09-06T04:15:00+00:00,2026-09-06T08:28:00+00:00
SHP-0402,SELLER-149,WH-040,CAR-072,Delhi,Kolkata,IN_TRANSIT,3,0,0,0,STALE,2026-09-01T17:38:00+00:00,2026-09-01T20:14:00+00:00
SHP-0403,SELLER-221,WH-023,CAR-085,Bengaluru,Mumbai,PICKED_UP,2,0,0,0,STALE,2026-09-04T23:37:00+00:00,2026-09-05T02:15:00+00:00
SHP-0404,SELLER-045,WH-046,CAR-035,Delhi,Hyderabad,IN_TRANSIT,3,0,0,1,STALE,2026-09-01T22:02:00+00:00,2026-09-02T03:45:00+00:00
SHP-0405,SELLER-051,WH-017,CAR-039,Surat,Hyderabad,PICKED_UP,2,0,0,0,STALE,2026-09-05T23:00:00+00:00,2026-09-06T01:58:00+00:00
SHP-0406,SELLER-214,WH-036,CAR-026,Hyderabad,Kolkata,CREATED,1,0,0,0,STALE,2026-09-07T10:44:00+00:00,2026-09-07T10:44:00+00:00
SHP-0407,SELLER-280,WH-012,CAR-049,Pune,Mumbai,CREATED,1,0,0,0,STALE,2026-09-06T00:40:00+00:00,2026-09-06T00:40:00+00:00
SHP-0408,SELLER-258,WH-044,CAR-092,Kolkata,Jaipur,IN_TRANSIT,3,1,0,0,STALE,2026-09-06T07:23:00+00:00,2026-09-06T14:13:00+00:00
SHP-0409,SELLER-155,WH-016,CAR-075,Jaipur,Kolkata,CREATED,1,0,0,0,STALE,2026-09-07T04:20:00+00:00,2026-09-07T04:20:00+00:00
SHP-0410,SELLER-450,WH-019,CAR-007,Pune,Delhi,IN_TRANSIT,3,0,0,0,STALE,2026-09-01T01:37:00+00:00,2026-09-01T06:13:00+00:00
SHP-0411,SELLER-149,WH-037,CAR-062,Kolkata,Bengaluru,CREATED,1,0,0,0,STALE,2026-09-07T15:38:00+00:00,2026-09-07T15:38:00+00:00
SHP-0412,SELLER-379,WH-046,CAR-007,Chennai,Surat,CREATED,1,0,0,0,STALE,2026-09-06T15:15:00+00:00,2026-09-06T15:15:00+00:00
SHP-0413,SELLER-115,WH-044,CAR-082,Delhi,Kolkata,IN_TRANSIT,3,0,0,0,STALE,2026-09-01T01:45:00+00:00,2026-09-01T05:07:00+00:00
SHP-0414,SELLER-054,WH-031,CAR-004,Jaipur,Ahmedabad,IN_TRANSIT,3,0,0,0,STALE,2026-09-02T09:15:00+00:00,2026-09-02T17:07:00+00:00
SHP-0415,SELLER-440,WH-043,CAR-079,Mumbai,Ahmedabad,CREATED,1,0,0,0,STALE,2026-09-01T05:54:00+00:00,2026-09-01T05:54:00+00:00
SHP-0416,SELLER-073,WH-048,CAR-085,Chennai,Delhi,IN_TRANSIT,3,0,0,0,STALE,2026-09-07T05:16:00+00:00,2026-09-07T12:59:00+00:00
SHP-0417,SELLER-358,WH-007,CAR-060,Pune,Ahmedabad,CREATED,1,0,0,0,STALE,2026-09-04T05:23:00+00:00,2026-09-04T05:23:00+00:00
SHP-0418,SELLER-062,WH-037,CAR-050,Bengaluru,Kolkata,CREATED,1,0,0,0,STALE,2026-09-06T01:22:00+00:00,2026-09-06T01:22:00+00:00
SHP-0419,SELLER-465,WH-023,CAR-018,Ahmedabad,Jaipur,PICKED_UP,2,0,0,0,STALE,2026-09-02T19:13:00+00:00,2026-09-02T21:51:00+00:00
SHP-0420,SELLER-362,WH-034,CAR-050,Jaipur,Mumbai,PICKED_UP,2,0,0,0,STALE,2026-09-02T17:20:00+00:00,2026-09-02T20:14:00+00:00
SHP-0421,SELLER-143,WH-049,CAR-085,Hyderabad,Ahmedabad,CREATED,1,0,0,0,STALE,2026-09-06T12:05:00+00:00,2026-09-06T12:05:00+00:00
SHP-0422,SELLER-493,WH-031,CAR-078,Delhi,Surat,OUT_FOR_DELIVERY,4,0,0,0,STALE,2026-09-06T23:28:00+00:00,2026-09-07T06:37:00+00:00
SHP-0423,SELLER-341,WH-007,CAR-064,Ahmedabad,Kolkata,OUT_FOR_DELIVERY,4,0,0,0,STALE,2026-09-03T16:36:00+00:00,2026-09-03T20:31:00+00:00
SHP-0424,SELLER-391,WH-024,CAR-078,Bengaluru,Chennai,PICKED_UP,2,0,0,0,STALE,2026-09-06T02:44:00+00:00,2026-09-06T03:48:00+00:00
SHP-0425,SELLER-130,WH-032,CAR-057,Hyderabad,Chennai,PICKED_UP,2,0,0,0,STALE,2026-09-02T20:15:00+00:00,2026-09-02T23:00:00+00:00
SHP-0426,SELLER-323,WH-043,CAR-013,Chennai,Bengaluru,DELIVERED,5,0,0,0,STALE,2026-09-01T01:25:00+00:00,2026-09-01T13:40:00+00:00
SHP-0427,SELLER-317,WH-036,CAR-018,Mumbai,Jaipur,IN_TRANSIT,3,0,0,0,STALE,2026-09-05T06:42:00+00:00,2026-09-05T11:37:00+00:00
SHP-0428,SELLER-277,WH-022,CAR-003,Chennai,Kolkata,DELIVERED,5,0,0,0,STALE,2026-09-03T20:38:00+00:00,2026-09-04T04:40:00+00:00
SHP-0429,SELLER-030,WH-035,CAR-090,Mumbai,Jaipur,DELIVERED,5,0,0,0,STALE,2026-09-03T23:49:00+00:00,2026-09-04T05:44:00+00:00
SHP-0430,SELLER-413,WH-037,CAR-079,Bengaluru,Pune,CANCELLED,2,0,0,0,STALE,2026-09-05T17:39:00+00:00,2026-09-05T18:29:00+00:00
SHP-0431,SELLER-022,WH-007,CAR-005,Ahmedabad,Surat,PICKED_UP,2,0,0,0,STALE,2026-09-04T23:38:00+00:00,2026-09-05T02:10:00+00:00
SHP-0432,SELLER-011,WH-004,CAR-004,Chennai,Surat,IN_TRANSIT,3,0,0,0,STALE,2026-09-05T07:35:00+00:00,2026-09-05T12:30:00+00:00
SHP-0433,SELLER-060,WH-029,CAR-016,Surat,Kolkata,IN_TRANSIT,3,1,0,0,STALE,2026-09-04T21:41:00+00:00,2026-09-05T02:56:00+00:00
SHP-0434,SELLER-411,WH-001,CAR-093,Chennai,Bengaluru,CREATED,1,0,0,0,STALE,2026-09-02T10:36:00+00:00,2026-09-02T10:36:00+00:00
SHP-0435,SELLER-093,WH-019,CAR-006,Kolkata,Pune,IN_TRANSIT,3,0,0,0,STALE,2026-09-03T18:41:00+00:00,2026-09-03T21:23:00+00:00
SHP-0436,SELLER-106,WH-032,CAR-091,Kolkata,Chennai,IN_TRANSIT,3,0,0,0,STALE,2026-09-04T10:39:00+00:00,2026-09-04T16:46:00+00:00
SHP-0437,SELLER-028,WH-023,CAR-053,Surat,Ahmedabad,PICKED_UP,2,0,0,0,STALE,2026-09-03T07:35:00+00:00,2026-09-03T10:18:00+00:00
SHP-0438,SELLER-191,WH-047,CAR-019,Bengaluru,Hyderabad,OUT_FOR_DELIVERY,4,0,0,0,STALE,2026-09-06T03:54:00+00:00,2026-09-06T12:21:00+00:00
SHP-0439,SELLER-010,WH-025,CAR-050,Ahmedabad,Bengaluru,PICKED_UP,2,0,0,0,STALE,2026-09-05T07:34:00+00:00,2026-09-05T09:54:00+00:00
SHP-0440,SELLER-391,WH-023,CAR-004,Surat,Kolkata,DELIVERED,5,0,0,0,STALE,2026-09-03T23:41:00+00:00,2026-09-04T10:55:00+00:00
SHP-0441,SELLER-440,WH-035,CAR-060,Pune,Surat,PICKED_UP,2,0,0,0,STALE,2026-09-05T08:07:00+00:00,2026-09-05T09:37:00+00:00
SHP-0442,SELLER-487,WH-018,CAR-011,Chennai,Surat,PICKED_UP,2,0,0,0,STALE,2026-09-07T11:56:00+00:00,2026-09-07T12:35:00+00:00
SHP-0443,SELLER-401,WH-042,CAR-099,Surat,Bengaluru,CREATED,1,0,0,0,STALE,2026-09-07T11:13:00+00:00,2026-09-07T11:13:00+00:00
SHP-0444,SELLER-429,WH-017,CAR-023,Ahmedabad,Jaipur,CREATED,1,0,0,0,STALE,2026-09-01T02:25:00+00:00,2026-09-01T02:25:00+00:00
SHP-0445,SELLER-019,WH-023,CAR-062,Jaipur,Chennai,IN_TRANSIT,3,0,0,0,STALE,2026-09-07T14:15:00+00:00,2026-09-07T20:40:00+00:00
SHP-0446,SELLER-142,WH-017,CAR-064,Delhi,Hyderabad,IN_TRANSIT,3,0,0,0,STALE,2026-09-02T16:06:00+00:00,2026-09-02T22:07:00+00:00
SHP-0447,SELLER-284,WH-046,CAR-030,Bengaluru,Kolkata,DELIVERED,5,0,0,0,STALE,2026-09-01T04:24:00+00:00,2026-09-01T11:11:00+00:00
SHP-0448,SELLER-191,WH-044,CAR-054,Mumbai,Ahmedabad,DELIVERED,5,0,0,0,STALE,2026-09-02T15:04:00+00:00,2026-09-02T23:46:00+00:00
SHP-0449,SELLER-467,WH-038,CAR-004,Mumbai,Hyderabad,DELIVERED,5,0,0,0,STALE,2026-09-06T19:28:00+00:00,2026-09-07T04:16:00+00:00
SHP-0450,SELLER-258,WH-037,CAR-081,Jaipur,Pune,IN_TRANSIT,3,0,0,0,STALE,2026-09-02T09:06:00+00:00,2026-09-02T13:31:00+00:00
SHP-0451,SELLER-151,WH-016,CAR-043,Chennai,Pune,PICKED_UP,2,0,0,0,STALE,2026-09-04T13:57:00+00:00,2026-09-04T15:28:00+00:00
SHP-0452,SELLER-181,WH-036,CAR-065,Mumbai,Pune,OUT_FOR_DELIVERY,4,0,0,0,FRESH,2026-09-07T21:15:00+00:00,2026-09-08T04:27:00+00:00
SHP-0453,SELLER-134,WH-019,CAR-044,Kolkata,Mumbai,CREATED,1,0,0,0,STALE,2026-09-05T18:58:00+00:00,2026-09-05T18:58:00+00:00
SHP-0454,SELLER-076,WH-037,CAR-064,Chennai,Delhi,DELIVERED,5,0,0,0,STALE,2026-09-01T04:14:00+00:00,2026-09-01T13:45:00+00:00
SHP-0455,SELLER-068,WH-033,CAR-068,Pune,Ahmedabad,IN_TRANSIT,3,0,0,0,STALE,2026-09-05T13:51:00+00:00,2026-09-05T19:14:00+00:00
SHP-0456,SELLER-370,WH-003,CAR-010,Kolkata,Jaipur,DELIVERED,5,0,0,0,STALE,2026-09-06T02:48:00+00:00,2026-09-06T15:06:00+00:00
SHP-0457,SELLER-195,WH-021,CAR-057,Delhi,Surat,OUT_FOR_DELIVERY,4,0,0,0,STALE,2026-09-04T04:16:00+00:00,2026-09-04T14:02:00+00:00
SHP-0458,SELLER-197,WH-021,CAR-097,Delhi,Chennai,CREATED,1,0,0,0,STALE,2026-09-03T09:31:00+00:00,2026-09-03T09:31:00+00:00
SHP-0459,SELLER-266,WH-018,CAR-074,Surat,Kolkata,CREATED,1,0,0,0,STALE,2026-09-04T05:46:00+00:00,2026-09-04T05:46:00+00:00
SHP-0460,SELLER-061,WH-019,CAR-036,Ahmedabad,Jaipur,PICKED_UP,2,0,0,0,STALE,2026-09-02T22:14:00+00:00,2026-09-02T23:50:00+00:00
SHP-0461,SELLER-342,WH-018,CAR-019,Mumbai,Hyderabad,IN_TRANSIT,3,0,0,0,STALE,2026-09-06T18:54:00+00:00,2026-09-06T22:10:00+00:00
SHP-0462,SELLER-014,WH-024,CAR-027,Hyderabad,Ahmedabad,OUT_FOR_DELIVERY,4,0,0,0,STALE,2026-09-06T22:14:00+00:00,2026-09-07T04:03:00+00:00
SHP-0463,SELLER-375,WH-043,CAR-015,Kolkata,Mumbai,OUT_FOR_DELIVERY,4,0,0,0,STALE,2026-09-03T12:44:00+00:00,2026-09-03T21:08:00+00:00
SHP-0464,SELLER-478,WH-046,CAR-067,Kolkata,Chennai,DELIVERED,5,0,0,0,STALE,2026-09-01T09:43:00+00:00,2026-09-01T16:18:00+00:00
SHP-0465,SELLER-326,WH-006,CAR-067,Chennai,Bengaluru,IN_TRANSIT,3,0,0,0,STALE,2026-09-06T13:59:00+00:00,2026-09-06T19:36:00+00:00
SHP-0466,SELLER-248,WH-034,CAR-085,Delhi,Kolkata,DELIVERED,5,0,0,0,STALE,2026-09-04T07:46:00+00:00,2026-09-04T18:41:00+00:00
SHP-0467,SELLER-340,WH-028,CAR-015,Delhi,Jaipur,DELIVERED,5,0,0,0,STALE,2026-09-02T07:00:00+00:00,2026-09-02T18:29:00+00:00
SHP-0468,SELLER-032,WH-036,CAR-099,Kolkata,Hyderabad,OUT_FOR_DELIVERY,4,0,0,0,STALE,2026-09-05T16:17:00+00:00,2026-09-06T00:16:00+00:00
SHP-0469,SELLER-449,WH-011,CAR-069,Chennai,Mumbai,DELIVERED,5,0,0,1,STALE,2026-09-04T18:01:00+00:00,2026-09-05T02:22:00+00:00
SHP-0470,SELLER-108,WH-024,CAR-069,Chennai,Delhi,DELIVERED,5,0,0,0,STALE,2026-09-05T12:00:00+00:00,2026-09-05T19:10:00+00:00
SHP-0471,SELLER-257,WH-026,CAR-063,Bengaluru,Chennai,PICKED_UP,2,0,0,1,STALE,2026-09-01T06:37:00+00:00,2026-09-01T08:10:00+00:00
SHP-0472,SELLER-194,WH-042,CAR-052,Delhi,Kolkata,DELIVERED,5,0,0,0,STALE,2026-09-01T20:53:00+00:00,2026-09-02T03:40:00+00:00
SHP-0473,SELLER-402,WH-021,CAR-055,Jaipur,Bengaluru,PICKED_UP,2,0,0,0,STALE,2026-09-06T05:18:00+00:00,2026-09-06T06:13:00+00:00
SHP-0474,SELLER-150,WH-028,CAR-012,Chennai,Ahmedabad,IN_TRANSIT,3,0,0,0,STALE,2026-09-06T11:59:00+00:00,2026-09-06T19:06:00+00:00
SHP-0475,SELLER-232,WH-015,CAR-074,Bengaluru,Ahmedabad,OUT_FOR_DELIVERY,4,0,0,0,STALE,2026-09-06T02:05:00+00:00,2026-09-06T09:24:00+00:00
SHP-0476,SELLER-073,WH-026,CAR-079,Ahmedabad,Surat,OUT_FOR_DELIVERY,4,0,0,0,STALE,2026-09-07T10:43:00+00:00,2026-09-07T18:44:00+00:00
SHP-0477,SELLER-138,WH-045,CAR-027,Jaipur,Ahmedabad,IN_TRANSIT,3,0,0,0,STALE,2026-09-04T13:28:00+00:00,2026-09-04T17:01:00+00:00
SHP-0478,SELLER-193,WH-009,CAR-097,Bengaluru,Chennai,IN_TRANSIT,3,0,0,0,STALE,2026-09-02T09:10:00+00:00,2026-09-02T15:43:00+00:00
SHP-0479,SELLER-384,WH-036,CAR-054,Pune,Bengaluru,PICKED_UP,2,0,0,0,STALE,2026-09-05T22:54:00+00:00,2026-09-06T00:33:00+00:00
SHP-0480,SELLER-085,WH-010,CAR-038,Jaipur,Chennai,DELIVERED,5,0,0,0,STALE,2026-09-05T05:22:00+00:00,2026-09-05T13:19:00+00:00
SHP-0481,SELLER-077,WH-031,CAR-009,Bengaluru,Kolkata,OUT_FOR_DELIVERY,4,0,0,0,STALE,2026-09-03T06:24:00+00:00,2026-09-03T13:28:00+00:00
SHP-0482,SELLER-008,WH-013,CAR-036,Hyderabad,Ahmedabad,IN_TRANSIT,3,0,0,0,STALE,2026-09-04T11:29:00+00:00,2026-09-04T16:25:00+00:00
SHP-0483,SELLER-375,WH-014,CAR-036,Delhi,Kolkata,IN_TRANSIT,3,0,0,0,STALE,2026-09-02T10:35:00+00:00,2026-09-02T16:56:00+00:00
SHP-0484,SELLER-402,WH-015,CAR-028,Mumbai,Chennai,CREATED,1,0,0,0,STALE,2026-09-06T09:50:00+00:00,2026-09-06T09:50:00+00:00
SHP-0485,SELLER-166,WH-005,CAR-007,Delhi,Surat,DELIVERED,5,0,0,0,STALE,2026-09-05T20:09:00+00:00,2026-09-06T05:53:00+00:00
SHP-0486,SELLER-041,WH-039,CAR-028,Delhi,Kolkata,OUT_FOR_DELIVERY,4,0,0,0,STALE,2026-09-05T23:23:00+00:00,2026-09-06T10:04:00+00:00
SHP-0487,SELLER-344,WH-023,CAR-094,Pune,Chennai,IN_TRANSIT,3,0,1,0,STALE,2026-09-03T04:09:00+00:00,2026-09-03T10:18:00+00:00
SHP-0488,SELLER-159,WH-022,CAR-013,Kolkata,Hyderabad,IN_TRANSIT,3,0,0,1,STALE,2026-09-01T03:32:00+00:00,2026-09-01T06:33:00+00:00
SHP-0489,SELLER-498,WH-037,CAR-004,Ahmedabad,Jaipur,IN_TRANSIT,3,0,0,1,STALE,2026-09-06T09:16:00+00:00,2026-09-06T12:30:00+00:00
SHP-0490,SELLER-428,WH-008,CAR-008,Ahmedabad,Bengaluru,PICKED_UP,2,0,0,0,STALE,2026-09-07T04:34:00+00:00,2026-09-07T05:53:00+00:00
SHP-0491,SELLER-345,WH-021,CAR-091,Delhi,Pune,IN_TRANSIT,3,0,0,0,STALE,2026-09-05T14:05:00+00:00,2026-09-05T18:06:00+00:00
SHP-0492,SELLER-142,WH-039,CAR-026,Jaipur,Pune,PICKED_UP,2,0,0,0,STALE,2026-09-01T00:52:00+00:00,2026-09-01T02:32:00+00:00
SHP-0493,SELLER-429,WH-045,CAR-012,Surat,Ahmedabad,CREATED,1,0,0,0,STALE,2026-09-02T00:43:00+00:00,2026-09-02T00:43:00+00:00
SHP-0494,SELLER-374,WH-006,CAR-024,Kolkata,Bengaluru,OUT_FOR_DELIVERY,4,0,0,0,STALE,2026-09-01T02:51:00+00:00,2026-09-01T11:10:00+00:00
SHP-0495,SELLER-143,WH-009,CAR-073,Kolkata,Ahmedabad,PICKED_UP,2,0,0,0,STALE,2026-09-03T03:24:00+00:00,2026-09-03T04:45:00+00:00
SHP-0496,SELLER-136,WH-006,CAR-063,Kolkata,Pune,PICKED_UP,2,0,0,1,STALE,2026-09-06T22:49:00+00:00,2026-09-07T00:02:00+00:00
SHP-0497,SELLER-276,WH-037,CAR-027,Pune,Kolkata,IN_TRANSIT,3,0,0,0,STALE,2026-09-04T06:49:00+00:00,2026-09-04T12:03:00+00:00
SHP-0498,SELLER-133,WH-014,CAR-060,Hyderabad,Bengaluru,DELIVERED,5,0,0,0,STALE,2026-09-06T21:11:00+00:00,2026-09-07T06:01:00+00:00
SHP-0499,SELLER-244,WH-022,CAR-044,Mumbai,Chennai,DELIVERED,5,0,0,0,STALE,2026-09-04T11:38:00+00:00,2026-09-04T22:34:00+00:00
SHP-0500,SELLER-308,WH-022,CAR-062,Pune,Hyderabad,CREATED,1,0,0,0,STALE,2026-09-03T15:58:00+00:00,2026-09-03T15:58:00+00:00
SHP-0501,SELLER-056,WH-027,CAR-055,Hyderabad,Ahmedabad,IN_TRANSIT,3,0,0,0,STALE,2026-09-02T20:47:00+00:00,2026-09-03T03:27:00+00:00
SHP-0502,SELLER-067,WH-043,CAR-043,Bengaluru,Delhi,PICKED_UP,2,0,0,0,STALE,2026-09-02T14:37:00+00:00,2026-09-02T17:04:00+00:00
SHP-0503,SELLER-103,WH-012,CAR-039,Hyderabad,Mumbai,PICKED_UP,2,0,0,0,STALE,2026-09-03T07:31:00+00:00,2026-09-03T08:24:00+00:00
SHP-0504,SELLER-398,WH-024,CAR-001,Ahmedabad,Delhi,PICKED_UP,2,0,0,0,STALE,2026-09-06T08:33:00+00:00,2026-09-06T10:43:00+00:00
SHP-0505,SELLER-426,WH-030,CAR-091,Chennai,Mumbai,IN_TRANSIT,3,0,0,0,STALE,2026-09-04T14:55:00+00:00,2026-09-04T21:44:00+00:00
SHP-0506,SELLER-251,WH-043,CAR-095,Surat,Bengaluru,PICKED_UP,2,0,0,0,STALE,2026-09-07T22:10:00+00:00,2026-09-07T23:40:00+00:00
SHP-0507,SELLER-313,WH-039,CAR-097,Pune,Mumbai,IN_TRANSIT,3,0,0,1,STALE,2026-09-02T13:42:00+00:00,2026-09-02T19:16:00+00:00
SHP-0508,SELLER-160,WH-025,CAR-087,Ahmedabad,Bengaluru,PICKED_UP,2,0,0,0,STALE,2026-09-05T19:09:00+00:00,2026-09-05T20:20:00+00:00
SHP-0509,SELLER-413,WH-006,CAR-045,Mumbai,Ahmedabad,DELIVERED,5,0,0,0,STALE,2026-09-01T03:20:00+00:00,2026-09-01T08:22:00+00:00
SHP-0510,SELLER-310,WH-029,CAR-065,Kolkata,Jaipur,OUT_FOR_DELIVERY,4,0,0,0,STALE,2026-09-07T02:05:00+00:00,2026-09-07T08:14:00+00:00
SHP-0511,SELLER-264,WH-040,CAR-094,Ahmedabad,Pune,CREATED,1,0,0,0,STALE,2026-09-04T04:55:00+00:00,2026-09-04T04:55:00+00:00
SHP-0512,SELLER-063,WH-032,CAR-059,Kolkata,Bengaluru,DELIVERED,5,0,0,0,STALE,2026-09-05T04:50:00+00:00,2026-09-05T16:32:00+00:00
SHP-0513,SELLER-326,WH-003,CAR-077,Mumbai,Pune,OUT_FOR_DELIVERY,4,0,0,0,STALE,2026-09-07T01:04:00+00:00,2026-09-07T07:19:00+00:00
SHP-0514,SELLER-317,WH-016,CAR-094,Jaipur,Ahmedabad,CREATED,1,0,0,0,STALE,2026-09-04T17:10:00+00:00,2026-09-04T17:10:00+00:00
SHP-0515,SELLER-020,WH-010,CAR-078,Mumbai,Ahmedabad,IN_TRANSIT,3,0,0,0,STALE,2026-09-01T21:30:00+00:00,2026-09-02T02:28:00+00:00
SHP-0516,SELLER-407,WH-013,CAR-074,Hyderabad,Kolkata,IN_TRANSIT,3,0,0,0,STALE,2026-09-07T03:13:00+00:00,2026-09-07T08:38:00+00:00
SHP-0517,SELLER-344,WH-003,CAR-078,Pune,Delhi,OUT_FOR_DELIVERY,4,0,0,0,STALE,2026-09-04T02:27:00+00:00,2026-09-04T11:43:00+00:00
SHP-0518,SELLER-114,WH-015,CAR-003,Kolkata,Chennai,CREATED,1,0,0,0,STALE,2026-09-04T06:35:00+00:00,2026-09-04T06:35:00+00:00
SHP-0519,SELLER-424,WH-030,CAR-076,Pune,Kolkata,IN_TRANSIT,3,0,0,0,STALE,2026-09-06T09:52:00+00:00,2026-09-06T12:42:00+00:00
SHP-0520,SELLER-358,WH-011,CAR-087,Pune,Hyderabad,IN_TRANSIT,3,0,0,0,STALE,2026-09-07T12:00:00+00:00,2026-09-07T20:05:00+00:00
SHP-0521,SELLER-162,WH-029,CAR-087,Ahmedabad,Bengaluru,PICKED_UP,2,1,0,0,STALE,2026-09-07T15:43:00+00:00,2026-09-07T17:43:00+00:00
SHP-0522,SELLER-499,WH-019,CAR-072,Ahmedabad,Chennai,IN_TRANSIT,3,0,0,0,STALE,2026-09-07T02:47:00+00:00,2026-09-07T07:44:00+00:00
SHP-0523,SELLER-092,WH-011,CAR-099,Pune,Surat,IN_TRANSIT,3,0,0,0,STALE,2026-09-03T11:27:00+00:00,2026-09-03T16:50:00+00:00
SHP-0524,SELLER-116,WH-026,CAR-064,Ahmedabad,Hyderabad,DELIVERED,5,0,0,0,STALE,2026-09-06T02:43:00+00:00,2026-09-06T13:54:00+00:00
SHP-0525,SELLER-326,WH-002,CAR-080,Chennai,Delhi,IN_TRANSIT,3,0,0,0,STALE,2026-09-06T17:27:00+00:00,2026-09-06T22:48:00+00:00
SHP-0526,SELLER-488,WH-024,CAR-003,Surat,Pune,IN_TRANSIT,3,0,0,0,STALE,2026-09-03T04:42:00+00:00,2026-09-03T09:51:00+00:00
SHP-0527,SELLER-458,WH-002,CAR-027,Surat,Ahmedabad,IN_TRANSIT,3,0,0,0,STALE,2026-09-07T20:43:00+00:00,2026-09-08T02:03:00+00:00
SHP-0528,SELLER-493,WH-005,CAR-001,Bengaluru,Ahmedabad,DELIVERED,5,0,0,0,STALE,2026-09-06T08:23:00+00:00,2026-09-06T17:51:00+00:00
SHP-0529,SELLER-187,WH-026,CAR-092,Jaipur,Ahmedabad,IN_TRANSIT,3,0,0,0,STALE,2026-09-02T09:52:00+00:00,2026-09-02T12:56:00+00:00
SHP-0530,SELLER-174,WH-010,CAR-032,Ahmedabad,Chennai,PICKED_UP,2,0,0,0,STALE,2026-09-04T18:07:00+00:00,2026-09-04T20:34:00+00:00
SHP-0531,SELLER-134,WH-022,CAR-038,Ahmedabad,Kolkata,OUT_FOR_DELIVERY,4,0,0,0,STALE,2026-09-03T22:25:00+00:00,2026-09-04T06:56:00+00:00
SHP-0532,SELLER-150,WH-020,CAR-092,Delhi,Kolkata,IN_TRANSIT,3,0,0,0,STALE,2026-09-06T00:06:00+00:00,2026-09-06T04:44:00+00:00
SHP-0533,SELLER-015,WH-014,CAR-075,Hyderabad,Delhi,IN_TRANSIT,3,0,0,0,STALE,2026-09-03T22:50:00+00:00,2026-09-04T03:57:00+00:00
SHP-0534,SELLER-257,WH-021,CAR-067,Kolkata,Ahmedabad,DELIVERED,5,1,0,0,STALE,2026-09-06T12:30:00+00:00,2026-09-06T20:21:00+00:00
SHP-0535,SELLER-333,WH-013,CAR-046,Ahmedabad,Jaipur,IN_TRANSIT,3,0,0,0,STALE,2026-09-01T03:19:00+00:00,2026-09-01T06:37:00+00:00
SHP-0536,SELLER-284,WH-035,CAR-095,Jaipur,Mumbai,DELIVERED,5,0,0,0,STALE,2026-09-01T15:17:00+00:00,2026-09-02T01:18:00+00:00
SHP-0537,SELLER-283,WH-018,CAR-012,Chennai,Mumbai,DELIVERED,5,0,0,0,STALE,2026-09-02T12:11:00+00:00,2026-09-02T21:37:00+00:00
SHP-0538,SELLER-245,WH-008,CAR-057,Mumbai,Jaipur,PICKED_UP,2,1,0,0,STALE,2026-09-07T04:06:00+00:00,2026-09-07T05:31:00+00:00
SHP-0539,SELLER-221,WH-008,CAR-093,Ahmedabad,Chennai,IN_TRANSIT,3,0,0,0,STALE,2026-09-06T04:35:00+00:00,2026-09-06T08:39:00+00:00
SHP-0540,SELLER-146,WH-042,CAR-039,Hyderabad,Surat,PICKED_UP,2,0,0,0,STALE,2026-09-04T03:10:00+00:00,2026-09-04T05:48:00+00:00
SHP-0541,SELLER-485,WH-012,CAR-063,Bengaluru,Pune,DELIVERED,5,0,0,0,STALE,2026-09-06T19:08:00+00:00,2026-09-07T05:58:00+00:00
SHP-0542,SELLER-391,WH-015,CAR-028,Hyderabad,Surat,PICKED_UP,2,0,0,0,STALE,2026-09-07T00:50:00+00:00,2026-09-07T01:46:00+00:00
SHP-0543,SELLER-345,WH-010,CAR-042,Delhi,Hyderabad,OUT_FOR_DELIVERY,4,0,0,0,STALE,2026-09-02T22:54:00+00:00,2026-09-03T07:37:00+00:00
SHP-0544,SELLER-075,WH-020,CAR-043,Kolkata,Pune,IN_TRANSIT,3,0,0,0,STALE,2026-09-05T20:08:00+00:00,2026-09-05T23:46:00+00:00
SHP-0545,SELLER-072,WH-030,CAR-099,Hyderabad,Bengaluru,DELIVERED,5,0,0,0,STALE,2026-09-03T07:13:00+00:00,2026-09-03T16:18:00+00:00
SHP-0546,SELLER-439,WH-018,CAR-014,Mumbai,Hyderabad,PICKED_UP,2,0,0,0,STALE,2026-09-06T10:59:00+00:00,2026-09-06T13:29:00+00:00
SHP-0547,SELLER-353,WH-046,CAR-063,Chennai,Kolkata,CANCELLED,2,0,0,0,STALE,2026-09-07T16:02:00+00:00,2026-09-07T16:47:00+00:00
SHP-0548,SELLER-190,WH-029,CAR-037,Mumbai,Jaipur,CREATED,1,0,0,0,STALE,2026-09-01T20:12:00+00:00,2026-09-01T20:12:00+00:00
SHP-0549,SELLER-397,WH-047,CAR-053,Delhi,Chennai,IN_TRANSIT,3,0,0,0,STALE,2026-09-07T12:45:00+00:00,2026-09-07T18:51:00+00:00
SHP-0550,SELLER-354,WH-002,CAR-018,Mumbai,Pune,DELIVERED,5,0,0,0,STALE,2026-09-05T02:38:00+00:00,2026-09-05T10:39:00+00:00
SHP-0551,SELLER-219,WH-026,CAR-063,Bengaluru,Surat,CREATED,1,0,0,0,STALE,2026-09-06T19:52:00+00:00,2026-09-06T19:52:00+00:00
SHP-0552,SELLER-009,WH-037,CAR-056,Bengaluru,Surat,DELIVERED,5,0,0,0,STALE,2026-09-04T17:18:00+00:00,2026-09-05T00:24:00+00:00
SHP-0553,SELLER-294,WH-030,CAR-079,Chennai,Mumbai,OUT_FOR_DELIVERY,4,0,0,0,STALE,2026-09-05T21:40:00+00:00,2026-09-06T06:24:00+00:00
SHP-0554,SELLER-400,WH-045,CAR-095,Pune,Bengaluru,IN_TRANSIT,3,0,0,1,STALE,2026-09-04T08:13:00+00:00,2026-09-04T13:34:00+00:00
SHP-0555,SELLER-168,WH-035,CAR-059,Chennai,Pune,DELIVERED,5,0,0,0,STALE,2026-09-07T13:31:00+00:00,2026-09-07T18:16:00+00:00
SHP-0556,SELLER-168,WH-021,CAR-030,Chennai,Hyderabad,PICKED_UP,2,0,0,0,STALE,2026-09-05T19:51:00+00:00,2026-09-05T21:20:00+00:00
SHP-0557,SELLER-071,WH-029,CAR-016,Pune,Bengaluru,IN_TRANSIT,3,0,0,0,STALE,2026-09-03T08:57:00+00:00,2026-09-03T13:53:00+00:00
SHP-0558,SELLER-090,WH-033,CAR-075,Jaipur,Mumbai,PICKED_UP,2,0,0,0,STALE,2026-09-03T09:14:00+00:00,2026-09-03T11:49:00+00:00
SHP-0559,SELLER-213,WH-013,CAR-027,Mumbai,Surat,IN_TRANSIT,3,0,0,0,STALE,2026-09-03T21:42:00+00:00,2026-09-04T03:15:00+00:00
SHP-0560,SELLER-485,WH-020,CAR-009,Pune,Hyderabad,PICKED_UP,2,0,0,1,STALE,2026-09-01T23:03:00+00:00,2026-09-02T01:33:00+00:00
SHP-0561,SELLER-166,WH-003,CAR-019,Chennai,Delhi,IN_TRANSIT,3,0,0,0,STALE,2026-09-02T10:56:00+00:00,2026-09-02T14:52:00+00:00
SHP-0562,SELLER-422,WH-011,CAR-054,Delhi,Chennai,DELIVERED,5,0,0,0,STALE,2026-09-02T17:20:00+00:00,2026-09-03T04:13:00+00:00
SHP-0563,SELLER-402,WH-002,CAR-043,Bengaluru,Jaipur,CREATED,1,0,0,0,STALE,2026-09-02T15:24:00+00:00,2026-09-02T15:24:00+00:00
SHP-0564,SELLER-024,WH-035,CAR-049,Surat,Jaipur,PICKED_UP,2,0,0,0,STALE,2026-09-02T03:20:00+00:00,2026-09-02T05:19:00+00:00
SHP-0565,SELLER-058,WH-031,CAR-060,Pune,Surat,IN_TRANSIT,3,0,0,0,FRESH,2026-09-07T20:43:00+00:00,2026-09-08T04:08:00+00:00
SHP-0566,SELLER-050,WH-031,CAR-064,Surat,Chennai,CREATED,1,0,0,0,STALE,2026-09-06T20:33:00+00:00,2026-09-06T20:33:00+00:00
SHP-0567,SELLER-413,WH-010,CAR-029,Mumbai,Delhi,OUT_FOR_DELIVERY,4,0,0,0,STALE,2026-09-04T05:05:00+00:00,2026-09-04T12:48:00+00:00
SHP-0568,SELLER-453,WH-018,CAR-098,Delhi,Pune,IN_TRANSIT,3,0,0,0,STALE,2026-09-02T15:39:00+00:00,2026-09-02T18:58:00+00:00
SHP-0569,SELLER-018,WH-016,CAR-021,Pune,Kolkata,CREATED,1,0,0,0,STALE,2026-09-06T11:17:00+00:00,2026-09-06T11:17:00+00:00
SHP-0570,SELLER-440,WH-023,CAR-025,Surat,Pune,IN_TRANSIT,3,0,0,0,STALE,2026-09-03T10:39:00+00:00,2026-09-03T17:39:00+00:00
SHP-0571,SELLER-096,WH-017,CAR-044,Ahmedabad,Surat,IN_TRANSIT,3,0,0,0,STALE,2026-09-02T02:21:00+00:00,2026-09-02T06:16:00+00:00
SHP-0572,SELLER-500,WH-030,CAR-015,Mumbai,Surat,OUT_FOR_DELIVERY,4,0,0,0,STALE,2026-09-02T10:29:00+00:00,2026-09-02T20:45:00+00:00
SHP-0573,SELLER-431,WH-044,CAR-029,Bengaluru,Hyderabad,OUT_FOR_DELIVERY,4,0,0,0,STALE,2026-09-05T00:38:00+00:00,2026-09-05T10:33:00+00:00
SHP-0574,SELLER-082,WH-007,CAR-088,Delhi,Hyderabad,DELIVERED,5,0,0,0,STALE,2026-09-02T17:31:00+00:00,2026-09-03T04:02:00+00:00
SHP-0575,SELLER-370,WH-020,CAR-001,Mumbai,Kolkata,OUT_FOR_DELIVERY,4,0,0,0,STALE,2026-09-04T13:05:00+00:00,2026-09-04T19:59:00+00:00
SHP-0576,SELLER-303,WH-013,CAR-032,Kolkata,Mumbai,PICKED_UP,2,0,0,0,STALE,2026-09-04T03:25:00+00:00,2026-09-04T05:37:00+00:00
SHP-0577,SELLER-078,WH-014,CAR-057,Delhi,Kolkata,OUT_FOR_DELIVERY,4,0,0,0,STALE,2026-09-01T02:56:00+00:00,2026-09-01T12:11:00+00:00
SHP-0578,SELLER-313,WH-030,CAR-020,Mumbai,Pune,DELIVERED,5,0,0,0,STALE,2026-09-01T11:11:00+00:00,2026-09-01T21:02:00+00:00
SHP-0579,SELLER-429,WH-045,CAR-056,Pune,Bengaluru,IN_TRANSIT,3,0,1,0,STALE,2026-09-04T04:30:00+00:00,2026-09-04T09:12:00+00:00
SHP-0580,SELLER-366,WH-032,CAR-032,Surat,Ahmedabad,PICKED_UP,2,0,0,0,STALE,2026-09-05T22:26:00+00:00,2026-09-05T23:22:00+00:00
SHP-0581,SELLER-311,WH-037,CAR-049,Surat,Jaipur,DELIVERED,5,0,0,0,STALE,2026-09-05T08:28:00+00:00,2026-09-05T19:06:00+00:00
SHP-0582,SELLER-216,WH-026,CAR-092,Bengaluru,Pune,IN_TRANSIT,3,0,0,0,STALE,2026-09-06T00:12:00+00:00,2026-09-06T07:49:00+00:00
SHP-0583,SELLER-013,WH-041,CAR-043,Mumbai,Kolkata,DELIVERED,5,0,0,0,STALE,2026-09-01T07:44:00+00:00,2026-09-01T16:29:00+00:00
SHP-0584,SELLER-394,WH-011,CAR-027,Jaipur,Surat,IN_TRANSIT,3,0,0,0,STALE,2026-09-05T13:35:00+00:00,2026-09-05T20:24:00+00:00
SHP-0585,SELLER-052,WH-047,CAR-012,Pune,Kolkata,IN_TRANSIT,3,0,0,0,STALE,2026-09-03T02:50:00+00:00,2026-09-03T08:55:00+00:00
SHP-0586,SELLER-166,WH-002,CAR-015,Chennai,Kolkata,DELIVERED,5,0,0,0,STALE,2026-09-07T09:02:00+00:00,2026-09-07T19:03:00+00:00
SHP-0587,SELLER-273,WH-023,CAR-051,Delhi,Ahmedabad,CREATED,1,0,0,0,STALE,2026-09-04T08:15:00+00:00,2026-09-04T08:15:00+00:00
SHP-0588,SELLER-292,WH-006,CAR-042,Chennai,Jaipur,DELIVERED,5,0,0,0,STALE,2026-09-03T19:08:00+00:00,2026-09-04T02:01:00+00:00
SHP-0589,SELLER-494,WH-002,CAR-079,Ahmedabad,Jaipur,IN_TRANSIT,3,0,0,0,STALE,2026-09-07T06:31:00+00:00,2026-09-07T13:44:00+00:00
SHP-0590,SELLER-187,WH-017,CAR-056,Kolkata,Pune,DELIVERED,5,0,0,0,STALE,2026-09-03T16:05:00+00:00,2026-09-04T02:08:00+00:00
SHP-0591,SELLER-414,WH-039,CAR-030,Kolkata,Surat,DELIVERED,5,0,0,0,STALE,2026-09-03T13:09:00+00:00,2026-09-03T23:01:00+00:00
SHP-0592,SELLER-333,WH-004,CAR-045,Ahmedabad,Delhi,CREATED,1,0,0,0,STALE,2026-09-05T00:46:00+00:00,2026-09-05T00:46:00+00:00
SHP-0593,SELLER-489,WH-047,CAR-036,Surat,Hyderabad,DELIVERED,5,0,0,0,STALE,2026-09-01T07:31:00+00:00,2026-09-01T17:37:00+00:00
SHP-0594,SELLER-409,WH-033,CAR-053,Delhi,Surat,CANCELLED,2,0,0,0,STALE,2026-09-07T16:15:00+00:00,2026-09-07T16:46:00+00:00
SHP-0595,SELLER-301,WH-008,CAR-100,Mumbai,Delhi,IN_TRANSIT,3,0,0,0,STALE,2026-09-02T20:01:00+00:00,2026-09-03T00:06:00+00:00
SHP-0596,SELLER-170,WH-006,CAR-013,Pune,Ahmedabad,DELIVERED,5,0,0,0,STALE,2026-09-05T08:07:00+00:00,2026-09-05T14:14:00+00:00
SHP-0597,SELLER-180,WH-042,CAR-082,Mumbai,Pune,IN_TRANSIT,3,0,0,1,STALE,2026-09-02T01:40:00+00:00,2026-09-02T04:45:00+00:00
SHP-0598,SELLER-494,WH-034,CAR-002,Bengaluru,Pune,IN_TRANSIT,3,0,0,0,STALE,2026-09-01T07:33:00+00:00,2026-09-01T15:42:00+00:00
SHP-0599,SELLER-177,WH-007,CAR-088,Delhi,Pune,IN_TRANSIT,3,0,0,0,STALE,2026-09-06T00:20:00+00:00,2026-09-06T04:18:00+00:00
SHP-0600,SELLER-160,WH-019,CAR-014,Kolkata,Delhi,IN_TRANSIT,3,0,0,0,STALE,2026-09-02T21:42:00+00:00,2026-09-03T05:11:00+00:00
SHP-0601,SELLER-484,WH-008,CAR-086,Jaipur,Mumbai,PICKED_UP,2,0,0,0,STALE,2026-09-05T03:51:00+00:00,2026-09-05T05:22:00+00:00
SHP-0602,SELLER-022,WH-023,CAR-008,Ahmedabad,Mumbai,DELIVERED,5,0,0,0,STALE,2026-09-02T00:50:00+00:00,2026-09-02T13:47:00+00:00
SHP-0603,SELLER-207,WH-028,CAR-049,Mumbai,Jaipur,CREATED,1,0,0,0,STALE,2026-09-02T04:29:00+00:00,2026-09-02T04:29:00+00:00
SHP-0604,SELLER-288,WH-031,CAR-079,Pune,Hyderabad,IN_TRANSIT,3,0,0,0,STALE,2026-09-04T06:25:00+00:00,2026-09-04T15:10:00+00:00
SHP-0605,SELLER-161,WH-048,CAR-007,Jaipur,Bengaluru,CREATED,1,0,0,0,STALE,2026-09-04T10:43:00+00:00,2026-09-04T10:43:00+00:00
SHP-0606,SELLER-097,WH-023,CAR-069,Bengaluru,Ahmedabad,OUT_FOR_DELIVERY,4,0,0,0,STALE,2026-09-06T23:04:00+00:00,2026-09-07T05:55:00+00:00
SHP-0607,SELLER-105,WH-032,CAR-027,Surat,Bengaluru,CREATED,1,0,0,0,STALE,2026-09-05T08:10:00+00:00,2026-09-05T08:10:00+00:00
SHP-0608,SELLER-461,WH-045,CAR-015,Hyderabad,Bengaluru,DELIVERED,5,0,0,0,STALE,2026-09-04T18:19:00+00:00,2026-09-05T04:25:00+00:00
SHP-0609,SELLER-364,WH-041,CAR-040,Chennai,Kolkata,IN_TRANSIT,3,0,1,0,STALE,2026-09-01T02:47:00+00:00,2026-09-01T10:11:00+00:00
SHP-0610,SELLER-355,WH-026,CAR-006,Ahmedabad,Delhi,OUT_FOR_DELIVERY,4,0,0,0,STALE,2026-09-03T12:53:00+00:00,2026-09-03T18:30:00+00:00
SHP-0611,SELLER-275,WH-019,CAR-037,Surat,Hyderabad,CREATED,1,0,0,0,STALE,2026-09-02T08:36:00+00:00,2026-09-02T08:36:00+00:00
SHP-0612,SELLER-422,WH-013,CAR-012,Jaipur,Ahmedabad,PICKED_UP,2,0,0,0,STALE,2026-09-06T21:30:00+00:00,2026-09-07T00:00:00+00:00
SHP-0613,SELLER-199,WH-012,CAR-011,Mumbai,Hyderabad,IN_TRANSIT,3,0,0,0,STALE,2026-09-05T05:16:00+00:00,2026-09-05T11:39:00+00:00
SHP-0614,SELLER-023,WH-037,CAR-002,Delhi,Pune,DELIVERED,5,0,0,0,STALE,2026-09-03T20:29:00+00:00,2026-09-04T05:23:00+00:00
SHP-0615,SELLER-337,WH-047,CAR-057,Bengaluru,Jaipur,CREATED,1,0,0,0,STALE,2026-09-03T19:06:00+00:00,2026-09-03T19:06:00+00:00
SHP-0616,SELLER-271,WH-019,CAR-072,Delhi,Chennai,IN_TRANSIT,3,0,0,0,STALE,2026-09-04T14:42:00+00:00,2026-09-04T18:06:00+00:00
SHP-0617,SELLER-462,WH-007,CAR-088,Chennai,Bengaluru,IN_TRANSIT,3,0,0,0,STALE,2026-09-07T09:39:00+00:00,2026-09-07T13:06:00+00:00
SHP-0618,SELLER-333,WH-031,CAR-074,Pune,Hyderabad,OUT_FOR_DELIVERY,4,0,0,0,STALE,2026-09-05T09:36:00+00:00,2026-09-05T18:30:00+00:00
SHP-0619,SELLER-147,WH-041,CAR-094,Delhi,Ahmedabad,CANCELLED,2,0,0,0,STALE,2026-09-02T19:46:00+00:00,2026-09-02T20:21:00+00:00
SHP-0620,SELLER-211,WH-046,CAR-070,Chennai,Ahmedabad,CREATED,1,0,0,0,STALE,2026-09-05T00:22:00+00:00,2026-09-05T00:22:00+00:00
SHP-0621,SELLER-483,WH-026,CAR-054,Pune,Jaipur,OUT_FOR_DELIVERY,4,0,0,0,STALE,2026-09-06T01:12:00+00:00,2026-09-06T10:59:00+00:00
SHP-0622,SELLER-338,WH-040,CAR-047,Ahmedabad,Surat,DELIVERED,5,0,0,0,STALE,2026-09-05T15:28:00+00:00,2026-09-06T01:28:00+00:00
SHP-0623,SELLER-338,WH-025,CAR-067,Pune,Delhi,DELIVERED,5,0,0,0,STALE,2026-09-01T06:30:00+00:00,2026-09-01T17:16:00+00:00
SHP-0624,SELLER-126,WH-048,CAR-017,Ahmedabad,Kolkata,IN_TRANSIT,3,1,0,0,STALE,2026-09-07T00:53:00+00:00,2026-09-07T03:14:00+00:00
SHP-0625,SELLER-462,WH-023,CAR-026,Delhi,Hyderabad,PICKED_UP,2,0,0,0,STALE,2026-09-01T18:01:00+00:00,2026-09-01T19:51:00+00:00
SHP-0626,SELLER-361,WH-012,CAR-038,Hyderabad,Mumbai,DELIVERED,5,0,0,0,STALE,2026-09-02T19:38:00+00:00,2026-09-03T06:31:00+00:00
SHP-0627,SELLER-466,WH-029,CAR-013,Bengaluru,Chennai,DELIVERED,5,0,0,0,STALE,2026-09-06T09:06:00+00:00,2026-09-06T20:22:00+00:00
SHP-0628,SELLER-177,WH-022,CAR-011,Kolkata,Mumbai,PICKED_UP,2,0,0,0,STALE,2026-09-04T09:56:00+00:00,2026-09-04T11:04:00+00:00
SHP-0629,SELLER-101,WH-041,CAR-042,Hyderabad,Mumbai,IN_TRANSIT,3,0,0,0,STALE,2026-09-06T15:05:00+00:00,2026-09-06T22:43:00+00:00
SHP-0630,SELLER-013,WH-032,CAR-041,Delhi,Bengaluru,IN_TRANSIT,3,0,0,0,STALE,2026-09-04T11:43:00+00:00,2026-09-04T19:01:00+00:00
SHP-0631,SELLER-067,WH-040,CAR-002,Surat,Bengaluru,PICKED_UP,2,0,0,0,STALE,2026-09-03T06:30:00+00:00,2026-09-03T08:37:00+00:00
SHP-0632,SELLER-193,WH-022,CAR-047,Jaipur,Pune,IN_TRANSIT,3,0,0,0,STALE,2026-09-04T21:25:00+00:00,2026-09-05T02:39:00+00:00
SHP-0633,SELLER-044,WH-043,CAR-041,Jaipur,Mumbai,CREATED,1,0,0,0,STALE,2026-09-02T11:05:00+00:00,2026-09-02T11:05:00+00:00
SHP-0634,SELLER-125,WH-005,CAR-023,Kolkata,Mumbai,PICKED_UP,2,0,0,1,STALE,2026-09-03T16:42:00+00:00,2026-09-03T17:31:00+00:00
SHP-0635,SELLER-446,WH-040,CAR-010,Delhi,Jaipur,IN_TRANSIT,3,0,0,0,STALE,2026-09-04T18:21:00+00:00,2026-09-04T21:03:00+00:00
SHP-0636,SELLER-047,WH-001,CAR-056,Chennai,Hyderabad,CREATED,1,0,0,0,STALE,2026-09-01T21:41:00+00:00,2026-09-01T21:41:00+00:00
SHP-0637,SELLER-165,WH-041,CAR-068,Chennai,Jaipur,DELIVERED,5,0,0,0,STALE,2026-09-06T15:15:00+00:00,2026-09-06T20:16:00+00:00
SHP-0638,SELLER-450,WH-035,CAR-074,Chennai,Mumbai,OUT_FOR_DELIVERY,4,0,0,0,STALE,2026-09-01T20:41:00+00:00,2026-09-02T03:24:00+00:00
SHP-0639,SELLER-423,WH-023,CAR-095,Chennai,Surat,CREATED,1,0,0,0,STALE,2026-09-03T20:43:00+00:00,2026-09-03T20:43:00+00:00
SHP-0640,SELLER-387,WH-011,CAR-009,Bengaluru,Delhi,IN_TRANSIT,3,0,0,0,STALE,2026-09-01T16:29:00+00:00,2026-09-01T20:34:00+00:00
SHP-0641,SELLER-469,WH-024,CAR-090,Surat,Mumbai,IN_TRANSIT,3,0,0,0,STALE,2026-09-04T15:07:00+00:00,2026-09-04T22:18:00+00:00
SHP-0642,SELLER-098,WH-015,CAR-076,Delhi,Bengaluru,OUT_FOR_DELIVERY,4,0,0,0,STALE,2026-09-05T15:53:00+00:00,2026-09-06T00:23:00+00:00
SHP-0643,SELLER-487,WH-002,CAR-018,Kolkata,Ahmedabad,CANCELLED,2,0,0,1,STALE,2026-09-02T16:47:00+00:00,2026-09-02T18:50:00+00:00
SHP-0644,SELLER-089,WH-010,CAR-076,Delhi,Hyderabad,CREATED,1,0,0,0,STALE,2026-09-05T10:50:00+00:00,2026-09-05T10:50:00+00:00
SHP-0645,SELLER-077,WH-018,CAR-044,Chennai,Bengaluru,IN_TRANSIT,3,0,0,0,STALE,2026-09-02T19:13:00+00:00,2026-09-03T03:18:00+00:00
SHP-0646,SELLER-082,WH-032,CAR-086,Bengaluru,Pune,DELIVERED,5,0,0,0,STALE,2026-09-01T18:16:00+00:00,2026-09-02T05:59:00+00:00
SHP-0647,SELLER-351,WH-040,CAR-055,Surat,Mumbai,IN_TRANSIT,3,0,0,0,STALE,2026-09-07T00:37:00+00:00,2026-09-07T06:43:00+00:00
SHP-0648,SELLER-229,WH-024,CAR-054,Chennai,Hyderabad,DELIVERED,5,0,0,0,STALE,2026-09-03T15:44:00+00:00,2026-09-04T03:20:00+00:00
SHP-0649,SELLER-122,WH-016,CAR-063,Surat,Ahmedabad,DELIVERED,5,0,0,0,STALE,2026-09-04T13:35:00+00:00,2026-09-04T23:16:00+00:00
SHP-0650,SELLER-406,WH-050,CAR-036,Delhi,Pune,DELIVERED,5,0,0,0,STALE,2026-09-01T16:07:00+00:00,2026-09-02T02:45:00+00:00
SHP-0651,SELLER-103,WH-042,CAR-025,Surat,Mumbai,PICKED_UP,2,0,0,0,STALE,2026-09-01T16:32:00+00:00,2026-09-01T19:16:00+00:00
SHP-0652,SELLER-217,WH-045,CAR-002,Hyderabad,Kolkata,PICKED_UP,2,0,0,0,STALE,2026-09-04T08:51:00+00:00,2026-09-04T09:28:00+00:00
SHP-0653,SELLER-239,WH-050,CAR-019,Ahmedabad,Pune,IN_TRANSIT,3,0,0,0,STALE,2026-09-07T18:09:00+00:00,2026-09-08T00:51:00+00:00
SHP-0654,SELLER-166,WH-002,CAR-016,Bengaluru,Pune,IN_TRANSIT,3,1,0,0,STALE,2026-09-05T04:42:00+00:00,2026-09-05T11:14:00+00:00
SHP-0655,SELLER-314,WH-049,CAR-005,Hyderabad,Pune,IN_TRANSIT,3,0,0,0,STALE,2026-09-07T11:14:00+00:00,2026-09-07T15:26:00+00:00
SHP-0656,SELLER-268,WH-011,CAR-092,Chennai,Mumbai,OUT_FOR_DELIVERY,4,0,0,0,STALE,2026-09-05T01:30:00+00:00,2026-09-05T10:40:00+00:00
SHP-0657,SELLER-422,WH-006,CAR-027,Ahmedabad,Delhi,CREATED,1,0,0,0,STALE,2026-09-03T23:12:00+00:00,2026-09-03T23:12:00+00:00
SHP-0658,SELLER-123,WH-004,CAR-083,Jaipur,Bengaluru,CREATED,1,0,0,0,STALE,2026-09-03T13:34:00+00:00,2026-09-03T13:34:00+00:00
SHP-0659,SELLER-022,WH-003,CAR-029,Chennai,Delhi,DELIVERED,5,0,0,0,STALE,2026-09-02T13:35:00+00:00,2026-09-02T20:54:00+00:00
SHP-0660,SELLER-103,WH-038,CAR-005,Chennai,Hyderabad,IN_TRANSIT,3,0,0,0,STALE,2026-09-01T01:57:00+00:00,2026-09-01T05:11:00+00:00
SHP-0661,SELLER-004,WH-041,CAR-096,Surat,Hyderabad,PICKED_UP,2,0,0,0,STALE,2026-09-05T06:12:00+00:00,2026-09-05T08:21:00+00:00
SHP-0662,SELLER-172,WH-013,CAR-042,Hyderabad,Ahmedabad,CREATED,1,0,0,0,STALE,2026-09-04T05:55:00+00:00,2026-09-04T05:55:00+00:00
SHP-0663,SELLER-015,WH-029,CAR-078,Jaipur,Pune,PICKED_UP,2,0,0,0,STALE,2026-09-02T06:46:00+00:00,2026-09-02T08:55:00+00:00
SHP-0664,SELLER-389,WH-037,CAR-095,Hyderabad,Chennai,DELIVERED,5,0,0,0,STALE,2026-09-04T10:50:00+00:00,2026-09-04T18:32:00+00:00
SHP-0665,SELLER-256,WH-047,CAR-050,Kolkata,Jaipur,CANCELLED,2,0,0,0,STALE,2026-09-07T20:20:00+00:00,2026-09-07T22:55:00+00:00
SHP-0666,SELLER-342,WH-016,CAR-010,Surat,Mumbai,DELIVERED,5,0,0,0,STALE,2026-09-01T08:31:00+00:00,2026-09-01T16:46:00+00:00
SHP-0667,SELLER-380,WH-024,CAR-010,Hyderabad,Ahmedabad,OUT_FOR_DELIVERY,4,0,0,0,STALE,2026-09-04T09:13:00+00:00,2026-09-04T15:58:00+00:00
SHP-0668,SELLER-058,WH-006,CAR-093,Chennai,Jaipur,DELIVERED,5,0,0,0,STALE,2026-09-07T14:19:00+00:00,2026-09-07T22:15:00+00:00
SHP-0669,SELLER-426,WH-030,CAR-053,Delhi,Bengaluru,IN_TRANSIT,3,0,0,0,STALE,2026-09-01T12:01:00+00:00,2026-09-01T16:58:00+00:00
SHP-0670,SELLER-097,WH-016,CAR-089,Ahmedabad,Bengaluru,CANCELLED,2,0,0,0,STALE,2026-09-01T12:02:00+00:00,2026-09-01T14:23:00+00:00
SHP-0671,SELLER-367,WH-048,CAR-007,Hyderabad,Pune,CREATED,1,0,0,0,STALE,2026-09-05T04:17:00+00:00,2026-09-05T04:17:00+00:00
SHP-0672,SELLER-421,WH-031,CAR-070,Delhi,Pune,OUT_FOR_DELIVERY,4,0,0,0,STALE,2026-09-05T05:22:00+00:00,2026-09-05T13:07:00+00:00
SHP-0673,SELLER-417,WH-044,CAR-097,Ahmedabad,Surat,IN_TRANSIT,3,0,0,0,STALE,2026-09-05T21:53:00+00:00,2026-09-06T04:17:00+00:00
SHP-0674,SELLER-176,WH-033,CAR-081,Delhi,Pune,IN_TRANSIT,3,0,0,0,STALE,2026-09-02T19:32:00+00:00,2026-09-03T00:59:00+00:00
SHP-0675,SELLER-257,WH-035,CAR-006,Jaipur,Mumbai,IN_TRANSIT,3,0,0,0,STALE,2026-09-03T21:33:00+00:00,2026-09-04T03:55:00+00:00
SHP-0676,SELLER-409,WH-024,CAR-071,Pune,Surat,OUT_FOR_DELIVERY,4,0,0,0,STALE,2026-09-05T11:15:00+00:00,2026-09-05T20:03:00+00:00
SHP-0677,SELLER-001,WH-033,CAR-014,Ahmedabad,Delhi,DELIVERED,5,0,0,0,STALE,2026-09-04T11:42:00+00:00,2026-09-04T20:01:00+00:00
SHP-0678,SELLER-035,WH-017,CAR-058,Mumbai,Ahmedabad,DELIVERED,5,0,0,0,STALE,2026-09-05T14:02:00+00:00,2026-09-05T23:04:00+00:00
SHP-0679,SELLER-131,WH-045,CAR-061,Pune,Surat,OUT_FOR_DELIVERY,4,0,0,0,STALE,2026-09-05T19:25:00+00:00,2026-09-06T03:00:00+00:00
SHP-0680,SELLER-279,WH-006,CAR-011,Chennai,Mumbai,IN_TRANSIT,3,0,0,1,STALE,2026-09-04T20:07:00+00:00,2026-09-05T03:28:00+00:00
SHP-0681,SELLER-006,WH-044,CAR-017,Surat,Bengaluru,DELIVERED,5,0,0,0,STALE,2026-09-06T01:21:00+00:00,2026-09-06T14:13:00+00:00
SHP-0682,SELLER-151,WH-011,CAR-006,Hyderabad,Pune,IN_TRANSIT,3,0,0,0,STALE,2026-09-02T18:16:00+00:00,2026-09-02T22:06:00+00:00
SHP-0683,SELLER-115,WH-022,CAR-088,Surat,Ahmedabad,PICKED_UP,2,0,0,0,STALE,2026-09-06T01:25:00+00:00,2026-09-06T02:20:00+00:00
SHP-0684,SELLER-310,WH-037,CAR-004,Ahmedabad,Jaipur,IN_TRANSIT,3,0,0,0,STALE,2026-09-05T21:24:00+00:00,2026-09-06T04:42:00+00:00
SHP-0685,SELLER-286,WH-045,CAR-055,Mumbai,Delhi,CREATED,1,0,0,0,STALE,2026-09-05T01:39:00+00:00,2026-09-05T01:39:00+00:00
SHP-0686,SELLER-206,WH-033,CAR-032,Delhi,Mumbai,CREATED,1,0,0,0,STALE,2026-09-01T23:35:00+00:00,2026-09-01T23:35:00+00:00
SHP-0687,SELLER-096,WH-043,CAR-026,Ahmedabad,Surat,IN_TRANSIT,3,0,0,0,STALE,2026-09-03T23:49:00+00:00,2026-09-04T02:35:00+00:00
SHP-0688,SELLER-076,WH-020,CAR-018,Pune,Bengaluru,IN_TRANSIT,3,0,0,0,STALE,2026-09-06T19:19:00+00:00,2026-09-06T23:52:00+00:00
SHP-0689,SELLER-441,WH-031,CAR-028,Chennai,Jaipur,IN_TRANSIT,3,0,0,0,STALE,2026-09-03T10:28:00+00:00,2026-09-03T13:18:00+00:00
SHP-0690,SELLER-075,WH-049,CAR-009,Ahmedabad,Surat,CANCELLED,2,0,0,0,STALE,2026-09-01T19:49:00+00:00,2026-09-01T21:01:00+00:00
SHP-0691,SELLER-186,WH-015,CAR-034,Pune,Bengaluru,OUT_FOR_DELIVERY,4,0,0,1,STALE,2026-09-01T11:43:00+00:00,2026-09-01T20:11:00+00:00
SHP-0692,SELLER-315,WH-033,CAR-053,Delhi,Hyderabad,IN_TRANSIT,3,0,0,0,STALE,2026-09-04T06:32:00+00:00,2026-09-04T09:04:00+00:00
SHP-0693,SELLER-202,WH-018,CAR-060,Kolkata,Hyderabad,DELIVERED,5,0,0,0,FRESH,2026-09-07T21:17:00+00:00,2026-09-08T07:42:00+00:00
SHP-0694,SELLER-316,WH-041,CAR-009,Hyderabad,Kolkata,DELIVERED,5,0,0,0,STALE,2026-09-04T06:54:00+00:00,2026-09-04T18:59:00+00:00
SHP-0695,SELLER-143,WH-017,CAR-077,Pune,Chennai,OUT_FOR_DELIVERY,4,0,0,0,STALE,2026-09-02T14:01:00+00:00,2026-09-02T20:47:00+00:00
SHP-0696,SELLER-371,WH-019,CAR-082,Chennai,Hyderabad,IN_TRANSIT,3,0,0,0,STALE,2026-09-04T20:07:00+00:00,2026-09-05T04:34:00+00:00
SHP-0697,SELLER-131,WH-039,CAR-010,Hyderabad,Mumbai,DELIVERED,5,0,0,0,STALE,2026-09-07T06:22:00+00:00,2026-09-07T15:48:00+00:00
SHP-0698,SELLER-219,WH-041,CAR-063,Surat,Mumbai,IN_TRANSIT,3,0,0,0,STALE,2026-09-05T09:38:00+00:00,2026-09-05T12:05:00+00:00
SHP-0699,SELLER-281,WH-035,CAR-035,Delhi,Mumbai,DELIVERED,5,1,0,0,STALE,2026-09-05T19:34:00+00:00,2026-09-06T03:42:00+00:00
SHP-0700,SELLER-385,WH-018,CAR-071,Kolkata,Chennai,PICKED_UP,2,0,0,0,STALE,2026-09-07T07:11:00+00:00,2026-09-07T09:02:00+00:00
SHP-0701,SELLER-197,WH-014,CAR-070,Surat,Bengaluru,DELIVERED,5,0,0,0,STALE,2026-09-02T00:53:00+00:00,2026-09-02T09:37:00+00:00
SHP-0702,SELLER-002,WH-016,CAR-086,Hyderabad,Ahmedabad,IN_TRANSIT,3,0,0,0,STALE,2026-09-07T19:45:00+00:00,2026-09-08T02:56:00+00:00
SHP-0703,SELLER-197,WH-040,CAR-097,Pune,Bengaluru,IN_TRANSIT,3,0,0,0,STALE,2026-09-04T02:11:00+00:00,2026-09-04T05:56:00+00:00
SHP-0704,SELLER-430,WH-029,CAR-078,Chennai,Pune,CREATED,1,0,0,0,STALE,2026-09-01T21:07:00+00:00,2026-09-01T21:07:00+00:00
SHP-0705,SELLER-429,WH-045,CAR-088,Pune,Delhi,OUT_FOR_DELIVERY,4,0,0,0,STALE,2026-09-03T08:33:00+00:00,2026-09-03T14:27:00+00:00
SHP-0706,SELLER-358,WH-005,CAR-058,Bengaluru,Ahmedabad,IN_TRANSIT,3,0,0,0,STALE,2026-09-05T02:10:00+00:00,2026-09-05T04:30:00+00:00
SHP-0707,SELLER-138,WH-024,CAR-034,Ahmedabad,Delhi,PICKED_UP,2,0,0,0,STALE,2026-09-07T15:52:00+00:00,2026-09-07T18:37:00+00:00
SHP-0708,SELLER-187,WH-004,CAR-098,Chennai,Mumbai,OUT_FOR_DELIVERY,4,0,0,0,STALE,2026-09-02T19:21:00+00:00,2026-09-03T05:54:00+00:00
SHP-0709,SELLER-118,WH-027,CAR-040,Delhi,Surat,CREATED,1,0,0,0,STALE,2026-09-02T01:11:00+00:00,2026-09-02T01:11:00+00:00
SHP-0710,SELLER-027,WH-037,CAR-084,Delhi,Kolkata,IN_TRANSIT,3,0,0,1,STALE,2026-09-05T19:34:00+00:00,2026-09-05T22:38:00+00:00
SHP-0711,SELLER-092,WH-035,CAR-016,Ahmedabad,Surat,OUT_FOR_DELIVERY,4,1,0,0,STALE,2026-09-03T00:51:00+00:00,2026-09-03T09:12:00+00:00
SHP-0712,SELLER-202,WH-009,CAR-022,Bengaluru,Jaipur,PICKED_UP,2,0,0,0,STALE,2026-09-02T12:07:00+00:00,2026-09-02T14:11:00+00:00
SHP-0713,SELLER-090,WH-046,CAR-015,Chennai,Delhi,IN_TRANSIT,3,0,0,0,STALE,2026-09-01T11:32:00+00:00,2026-09-01T18:48:00+00:00
SHP-0714,SELLER-207,WH-034,CAR-060,Jaipur,Kolkata,OUT_FOR_DELIVERY,4,0,0,0,STALE,2026-09-07T13:41:00+00:00,2026-09-08T00:03:00+00:00
SHP-0715,SELLER-060,WH-039,CAR-053,Pune,Ahmedabad,PICKED_UP,2,0,0,0,STALE,2026-09-01T06:31:00+00:00,2026-09-01T09:05:00+00:00
SHP-0716,SELLER-327,WH-049,CAR-019,Ahmedabad,Delhi,IN_TRANSIT,3,0,0,0,STALE,2026-09-04T10:27:00+00:00,2026-09-04T15:08:00+00:00
SHP-0717,SELLER-239,WH-024,CAR-027,Ahmedabad,Delhi,IN_TRANSIT,3,0,0,0,STALE,2026-09-01T14:01:00+00:00,2026-09-01T16:35:00+00:00
SHP-0718,SELLER-455,WH-042,CAR-056,Mumbai,Kolkata,IN_TRANSIT,3,0,0,1,STALE,2026-09-06T19:57:00+00:00,2026-09-07T02:29:00+00:00
SHP-0719,SELLER-260,WH-011,CAR-002,Mumbai,Chennai,OUT_FOR_DELIVERY,4,0,0,1,STALE,2026-09-07T09:21:00+00:00,2026-09-07T14:54:00+00:00
SHP-0720,SELLER-319,WH-021,CAR-037,Kolkata,Bengaluru,DELIVERED,5,0,0,0,STALE,2026-09-07T15:54:00+00:00,2026-09-08T03:19:00+00:00
SHP-0721,SELLER-375,WH-047,CAR-082,Hyderabad,Delhi,CREATED,1,0,0,0,STALE,2026-09-03T05:36:00+00:00,2026-09-03T05:36:00+00:00
SHP-0722,SELLER-316,WH-025,CAR-036,Pune,Chennai,CREATED,1,0,0,0,STALE,2026-09-04T10:42:00+00:00,2026-09-04T10:42:00+00:00
SHP-0723,SELLER-489,WH-009,CAR-025,Pune,Chennai,IN_TRANSIT,3,1,0,0,STALE,2026-09-02T17:24:00+00:00,2026-09-02T21:47:00+00:00
SHP-0724,SELLER-248,WH-005,CAR-029,Ahmedabad,Delhi,DELIVERED,5,0,0,0,STALE,2026-09-06T14:45:00+00:00,2026-09-07T00:50:00+00:00
SHP-0725,SELLER-270,WH-010,CAR-086,Surat,Jaipur,OUT_FOR_DELIVERY,4,0,0,0,STALE,2026-09-07T18:09:00+00:00,2026-09-08T03:39:00+00:00
SHP-0726,SELLER-154,WH-017,CAR-014,Delhi,Surat,PICKED_UP,2,0,0,0,STALE,2026-09-03T11:47:00+00:00,2026-09-03T14:15:00+00:00
SHP-0727,SELLER-259,WH-024,CAR-053,Pune,Ahmedabad,IN_TRANSIT,3,0,0,0,STALE,2026-09-04T09:40:00+00:00,2026-09-04T14:52:00+00:00
SHP-0728,SELLER-222,WH-010,CAR-054,Ahmedabad,Bengaluru,PICKED_UP,2,0,0,0,STALE,2026-09-05T05:08:00+00:00,2026-09-05T06:56:00+00:00
SHP-0729,SELLER-203,WH-038,CAR-028,Pune,Ahmedabad,DELIVERED,5,0,0,0,STALE,2026-09-04T06:13:00+00:00,2026-09-04T11:23:00+00:00
SHP-0730,SELLER-460,WH-006,CAR-090,Delhi,Bengaluru,CREATED,1,0,0,0,STALE,2026-09-03T00:29:00+00:00,2026-09-03T00:29:00+00:00
SHP-0731,SELLER-069,WH-019,CAR-047,Kolkata,Mumbai,CREATED,1,0,0,0,STALE,2026-09-04T12:35:00+00:00,2026-09-04T12:35:00+00:00
SHP-0732,SELLER-052,WH-003,CAR-075,Mumbai,Bengaluru,IN_TRANSIT,3,0,0,0,STALE,2026-09-03T04:29:00+00:00,2026-09-03T10:08:00+00:00
SHP-0733,SELLER-146,WH-009,CAR-009,Ahmedabad,Hyderabad,PICKED_UP,2,0,0,0,STALE,2026-09-06T20:35:00+00:00,2026-09-06T23:12:00+00:00
SHP-0734,SELLER-437,WH-022,CAR-086,Delhi,Jaipur,DELIVERED,5,0,0,0,STALE,2026-09-05T01:57:00+00:00,2026-09-05T10:22:00+00:00
SHP-0735,SELLER-041,WH-004,CAR-076,Mumbai,Chennai,CREATED,1,0,0,0,STALE,2026-09-06T02:35:00+00:00,2026-09-06T02:35:00+00:00
SHP-0736,SELLER-077,WH-047,CAR-010,Hyderabad,Pune,OUT_FOR_DELIVERY,4,0,0,0,STALE,2026-09-07T14:10:00+00:00,2026-09-08T00:18:00+00:00
SHP-0737,SELLER-018,WH-024,CAR-021,Pune,Chennai,PICKED_UP,2,0,0,0,STALE,2026-09-01T13:21:00+00:00,2026-09-01T14:55:00+00:00
SHP-0738,SELLER-495,WH-026,CAR-091,Kolkata,Jaipur,CREATED,1,0,0,0,STALE,2026-09-04T17:16:00+00:00,2026-09-04T17:16:00+00:00
SHP-0739,SELLER-338,WH-021,CAR-097,Surat,Delhi,CREATED,1,0,0,0,STALE,2026-09-02T20:49:00+00:00,2026-09-02T20:49:00+00:00
SHP-0740,SELLER-213,WH-006,CAR-063,Kolkata,Delhi,CREATED,1,0,0,0,STALE,2026-09-02T14:19:00+00:00,2026-09-02T14:19:00+00:00
SHP-0741,SELLER-263,WH-039,CAR-064,Hyderabad,Chennai,OUT_FOR_DELIVERY,4,0,0,0,STALE,2026-09-05T18:06:00+00:00,2026-09-06T01:56:00+00:00
SHP-0742,SELLER-076,WH-022,CAR-088,Jaipur,Hyderabad,IN_TRANSIT,3,0,0,0,STALE,2026-09-07T00:22:00+00:00,2026-09-07T07:22:00+00:00
SHP-0743,SELLER-234,WH-003,CAR-037,Kolkata,Bengaluru,IN_TRANSIT,3,0,0,0,STALE,2026-09-01T17:08:00+00:00,2026-09-01T23:05:00+00:00
SHP-0744,SELLER-154,WH-042,CAR-005,Chennai,Kolkata,IN_TRANSIT,3,0,0,1,STALE,2026-09-01T01:10:00+00:00,2026-09-01T03:39:00+00:00
SHP-0745,SELLER-411,WH-018,CAR-069,Jaipur,Pune,CREATED,1,0,0,0,STALE,2026-09-04T11:36:00+00:00,2026-09-04T11:36:00+00:00
SHP-0746,SELLER-340,WH-004,CAR-064,Surat,Chennai,IN_TRANSIT,3,0,0,0,STALE,2026-09-07T06:49:00+00:00,2026-09-07T11:36:00+00:00
SHP-0747,SELLER-008,WH-044,CAR-055,Mumbai,Pune,IN_TRANSIT,3,0,0,0,STALE,2026-09-06T11:02:00+00:00,2026-09-06T15:26:00+00:00
SHP-0748,SELLER-219,WH-014,CAR-094,Delhi,Pune,CREATED,1,0,0,0,STALE,2026-09-04T06:51:00+00:00,2026-09-04T06:51:00+00:00
SHP-0749,SELLER-278,WH-045,CAR-071,Mumbai,Delhi,CANCELLED,2,0,0,0,STALE,2026-09-02T09:09:00+00:00,2026-09-02T10:40:00+00:00
SHP-0750,SELLER-139,WH-012,CAR-015,Ahmedabad,Kolkata,CREATED,1,0,0,0,STALE,2026-09-07T01:58:00+00:00,2026-09-07T01:58:00+00:00
SHP-0751,SELLER-262,WH-008,CAR-062,Surat,Hyderabad,OUT_FOR_DELIVERY,4,0,0,0,STALE,2026-09-05T01:16:00+00:00,2026-09-05T07:46:00+00:00
SHP-0752,SELLER-075,WH-022,CAR-021,Jaipur,Surat,PICKED_UP,2,0,0,0,STALE,2026-09-04T23:57:00+00:00,2026-09-05T01:54:00+00:00
SHP-0753,SELLER-414,WH-033,CAR-100,Pune,Chennai,PICKED_UP,2,0,0,0,STALE,2026-09-06T12:00:00+00:00,2026-09-06T12:47:00+00:00
SHP-0754,SELLER-479,WH-050,CAR-064,Jaipur,Ahmedabad,IN_TRANSIT,3,0,0,1,STALE,2026-09-05T04:43:00+00:00,2026-09-05T06:31:00+00:00
SHP-0755,SELLER-429,WH-001,CAR-041,Ahmedabad,Mumbai,CREATED,1,0,0,0,STALE,2026-09-02T02:12:00+00:00,2026-09-02T02:12:00+00:00
SHP-0756,SELLER-267,WH-036,CAR-099,Mumbai,Chennai,IN_TRANSIT,3,0,0,0,STALE,2026-09-07T07:09:00+00:00,2026-09-07T12:48:00+00:00
SHP-0757,SELLER-218,WH-019,CAR-005,Mumbai,Bengaluru,DELIVERED,5,0,0,0,STALE,2026-09-02T13:23:00+00:00,2026-09-02T19:48:00+00:00
SHP-0758,SELLER-146,WH-021,CAR-024,Mumbai,Chennai,DELIVERED,5,0,0,0,FRESH,2026-09-07T20:38:00+00:00,2026-09-08T05:10:00+00:00
SHP-0759,SELLER-160,WH-049,CAR-071,Jaipur,Mumbai,DELIVERED,5,0,0,0,STALE,2026-09-07T05:53:00+00:00,2026-09-07T16:57:00+00:00
SHP-0760,SELLER-380,WH-004,CAR-018,Mumbai,Delhi,DELIVERED,5,0,0,0,STALE,2026-09-07T16:38:00+00:00,2026-09-08T02:03:00+00:00
SHP-0761,SELLER-087,WH-012,CAR-084,Surat,Mumbai,IN_TRANSIT,3,0,1,0,STALE,2026-09-01T04:35:00+00:00,2026-09-01T11:20:00+00:00
SHP-0762,SELLER-268,WH-018,CAR-074,Chennai,Jaipur,IN_TRANSIT,3,0,0,0,STALE,2026-09-01T16:12:00+00:00,2026-09-01T21:05:00+00:00
SHP-0763,SELLER-303,WH-027,CAR-075,Hyderabad,Kolkata,PICKED_UP,2,0,0,0,STALE,2026-09-02T10:02:00+00:00,2026-09-02T11:37:00+00:00
SHP-0764,SELLER-208,WH-038,CAR-025,Hyderabad,Delhi,IN_TRANSIT,3,0,0,0,STALE,2026-09-07T14:26:00+00:00,2026-09-07T17:22:00+00:00
SHP-0765,SELLER-112,WH-018,CAR-015,Surat,Bengaluru,OUT_FOR_DELIVERY,4,0,0,0,STALE,2026-09-02T06:14:00+00:00,2026-09-02T13:08:00+00:00
SHP-0766,SELLER-141,WH-029,CAR-085,Chennai,Delhi,PICKED_UP,2,0,0,0,STALE,2026-09-05T00:26:00+00:00,2026-09-05T01:58:00+00:00
SHP-0767,SELLER-002,WH-028,CAR-060,Delhi,Bengaluru,OUT_FOR_DELIVERY,4,0,0,0,STALE,2026-09-01T16:16:00+00:00,2026-09-01T22:15:00+00:00
SHP-0768,SELLER-272,WH-005,CAR-076,Ahmedabad,Kolkata,PICKED_UP,2,0,0,0,STALE,2026-09-03T13:15:00+00:00,2026-09-03T14:36:00+00:00
SHP-0769,SELLER-200,WH-018,CAR-021,Ahmedabad,Chennai,IN_TRANSIT,3,0,0,0,STALE,2026-09-02T12:27:00+00:00,2026-09-02T19:39:00+00:00
SHP-0770,SELLER-370,WH-024,CAR-067,Hyderabad,Mumbai,PICKED_UP,2,0,0,1,STALE,2026-09-06T21:02:00+00:00,2026-09-06T23:15:00+00:00
SHP-0771,SELLER-145,WH-017,CAR-032,Jaipur,Surat,DELIVERED,5,0,0,0,STALE,2026-09-06T15:43:00+00:00,2026-09-07T01:32:00+00:00
SHP-0772,SELLER-370,WH-049,CAR-055,Hyderabad,Kolkata,IN_TRANSIT,3,0,0,0,STALE,2026-09-05T13:45:00+00:00,2026-09-05T19:19:00+00:00
SHP-0773,SELLER-173,WH-023,CAR-061,Chennai,Surat,PICKED_UP,2,0,0,1,STALE,2026-09-03T14:08:00+00:00,2026-09-03T17:01:00+00:00
SHP-0774,SELLER-071,WH-015,CAR-053,Bengaluru,Hyderabad,IN_TRANSIT,3,0,0,0,STALE,2026-09-07T02:05:00+00:00,2026-09-07T05:54:00+00:00
SHP-0775,SELLER-019,WH-017,CAR-002,Surat,Pune,CREATED,1,0,0,0,STALE,2026-09-04T04:34:00+00:00,2026-09-04T04:34:00+00:00
SHP-0776,SELLER-456,WH-029,CAR-027,Mumbai,Pune,DELIVERED,5,0,0,0,STALE,2026-09-02T08:26:00+00:00,2026-09-02T18:17:00+00:00
SHP-0777,SELLER-475,WH-032,CAR-028,Pune,Kolkata,CREATED,1,0,0,0,STALE,2026-09-06T17:32:00+00:00,2026-09-06T17:32:00+00:00
SHP-0778,SELLER-118,WH-037,CAR-036,Bengaluru,Ahmedabad,OUT_FOR_DELIVERY,4,0,0,0,STALE,2026-09-05T01:27:00+00:00,2026-09-05T11:51:00+00:00
SHP-0779,SELLER-024,WH-047,CAR-023,Chennai,Hyderabad,PICKED_UP,2,0,0,0,STALE,2026-09-04T08:33:00+00:00,2026-09-04T09:18:00+00:00
SHP-0780,SELLER-061,WH-047,CAR-093,Chennai,Pune,IN_TRANSIT,3,0,0,0,STALE,2026-09-04T09:48:00+00:00,2026-09-04T12:00:00+00:00
SHP-0781,SELLER-090,WH-044,CAR-054,Mumbai,Delhi,OUT_FOR_DELIVERY,4,0,0,0,STALE,2026-09-03T09:49:00+00:00,2026-09-03T17:16:00+00:00
SHP-0782,SELLER-461,WH-038,CAR-043,Ahmedabad,Delhi,DELIVERED,5,0,0,0,FRESH,2026-09-07T18:16:00+00:00,2026-09-08T05:03:00+00:00
SHP-0783,SELLER-193,WH-050,CAR-069,Ahmedabad,Mumbai,DELIVERED,5,0,0,0,STALE,2026-09-02T07:29:00+00:00,2026-09-02T15:21:00+00:00
SHP-0784,SELLER-276,WH-015,CAR-017,Chennai,Bengaluru,IN_TRANSIT,3,0,0,0,FRESH,2026-09-07T21:43:00+00:00,2026-09-08T04:06:00+00:00
SHP-0785,SELLER-282,WH-009,CAR-023,Bengaluru,Ahmedabad,IN_TRANSIT,3,0,0,0,STALE,2026-09-03T08:03:00+00:00,2026-09-03T14:15:00+00:00
SHP-0786,SELLER-280,WH-006,CAR-095,Kolkata,Jaipur,PICKED_UP,2,1,0,1,STALE,2026-09-04T03:27:00+00:00,2026-09-04T04:04:00+00:00
SHP-0787,SELLER-341,WH-045,CAR-004,Bengaluru,Delhi,PICKED_UP,2,0,0,0,STALE,2026-09-07T15:58:00+00:00,2026-09-07T16:49:00+00:00
SHP-0788,SELLER-402,WH-035,CAR-083,Kolkata,Bengaluru,OUT_FOR_DELIVERY,4,0,0,0,FRESH,2026-09-07T21:10:00+00:00,2026-09-08T04:57:00+00:00
SHP-0789,SELLER-308,WH-043,CAR-074,Jaipur,Ahmedabad,PICKED_UP,2,0,0,0,STALE,2026-09-06T22:36:00+00:00,2026-09-06T23:44:00+00:00
SHP-0790,SELLER-404,WH-003,CAR-041,Pune,Jaipur,CREATED,1,0,0,0,STALE,2026-09-05T22:41:00+00:00,2026-09-05T22:41:00+00:00
SHP-0791,SELLER-014,WH-003,CAR-077,Bengaluru,Mumbai,OUT_FOR_DELIVERY,4,0,0,0,STALE,2026-09-03T19:04:00+00:00,2026-09-04T03:46:00+00:00
SHP-0792,SELLER-212,WH-010,CAR-035,Jaipur,Chennai,CANCELLED,2,0,0,0,STALE,2026-09-05T04:54:00+00:00,2026-09-05T06:57:00+00:00
SHP-0793,SELLER-374,WH-003,CAR-071,Bengaluru,Jaipur,CREATED,1,0,0,0,STALE,2026-09-03T08:46:00+00:00,2026-09-03T08:46:00+00:00
SHP-0794,SELLER-211,WH-039,CAR-079,Jaipur,Ahmedabad,IN_TRANSIT,3,0,0,0,STALE,2026-09-01T04:38:00+00:00,2026-09-01T08:46:00+00:00
SHP-0795,SELLER-271,WH-008,CAR-072,Jaipur,Bengaluru,PICKED_UP,2,0,0,0,STALE,2026-09-03T22:37:00+00:00,2026-09-04T01:27:00+00:00
SHP-0796,SELLER-194,WH-046,CAR-098,Chennai,Surat,IN_TRANSIT,3,0,0,0,STALE,2026-09-05T13:08:00+00:00,2026-09-05T18:11:00+00:00
SHP-0797,SELLER-343,WH-043,CAR-094,Hyderabad,Ahmedabad,PICKED_UP,2,0,0,0,STALE,2026-09-01T05:39:00+00:00,2026-09-01T07:56:00+00:00
SHP-0798,SELLER-433,WH-034,CAR-056,Chennai,Mumbai,PICKED_UP,2,0,0,0,STALE,2026-09-03T20:46:00+00:00,2026-09-03T23:14:00+00:00
SHP-0799,SELLER-324,WH-025,CAR-021,Kolkata,Pune,OUT_FOR_DELIVERY,4,0,0,0,STALE,2026-09-01T11:33:00+00:00,2026-09-01T20:29:00+00:00
SHP-0800,SELLER-194,WH-020,CAR-053,Hyderabad,Kolkata,IN_TRANSIT,3,0,0,0,STALE,2026-09-07T00:49:00+00:00,2026-09-07T07:08:00+00:00
SHP-0801,SELLER-142,WH-022,CAR-093,Delhi,Jaipur,IN_TRANSIT,3,0,0,0,STALE,2026-09-01T16:48:00+00:00,2026-09-01T20:56:00+00:00
SHP-0802,SELLER-107,WH-049,CAR-046,Chennai,Surat,PICKED_UP,2,0,0,0,STALE,2026-09-04T14:02:00+00:00,2026-09-04T16:13:00+00:00
SHP-0803,SELLER-047,WH-007,CAR-092,Surat,Ahmedabad,IN_TRANSIT,3,0,0,0,STALE,2026-09-02T09:47:00+00:00,2026-09-02T13:10:00+00:00
SHP-0804,SELLER-330,WH-021,CAR-029,Bengaluru,Ahmedabad,DELIVERED,5,0,0,0,STALE,2026-09-01T20:58:00+00:00,2026-09-02T08:50:00+00:00
SHP-0805,SELLER-421,WH-002,CAR-004,Surat,Mumbai,PICKED_UP,2,0,0,0,STALE,2026-09-05T17:19:00+00:00,2026-09-05T20:09:00+00:00
SHP-0806,SELLER-126,WH-045,CAR-049,Kolkata,Jaipur,IN_TRANSIT,3,0,0,0,STALE,2026-09-06T15:48:00+00:00,2026-09-06T22:02:00+00:00
SHP-0807,SELLER-201,WH-024,CAR-079,Kolkata,Delhi,DELIVERED,5,0,0,0,STALE,2026-09-01T20:49:00+00:00,2026-09-02T06:55:00+00:00
SHP-0808,SELLER-176,WH-002,CAR-076,Delhi,Ahmedabad,PICKED_UP,2,0,0,0,STALE,2026-09-02T19:03:00+00:00,2026-09-02T21:42:00+00:00
SHP-0809,SELLER-173,WH-027,CAR-010,Mumbai,Kolkata,DELIVERED,5,0,0,0,STALE,2026-09-04T08:16:00+00:00,2026-09-04T16:45:00+00:00
SHP-0810,SELLER-266,WH-045,CAR-013,Mumbai,Chennai,IN_TRANSIT,3,0,0,0,STALE,2026-09-01T04:54:00+00:00,2026-09-01T10:17:00+00:00
SHP-0811,SELLER-046,WH-049,CAR-004,Pune,Delhi,OUT_FOR_DELIVERY,4,0,0,0,STALE,2026-09-01T19:50:00+00:00,2026-09-02T04:18:00+00:00
SHP-0812,SELLER-224,WH-037,CAR-014,Ahmedabad,Jaipur,IN_TRANSIT,3,0,0,0,STALE,2026-09-07T09:17:00+00:00,2026-09-07T12:00:00+00:00
SHP-0813,SELLER-284,WH-001,CAR-068,Ahmedabad,Chennai,PICKED_UP,2,0,0,0,STALE,2026-09-03T16:49:00+00:00,2026-09-03T19:39:00+00:00
SHP-0814,SELLER-109,WH-015,CAR-083,Kolkata,Mumbai,CREATED,1,0,0,0,STALE,2026-09-05T05:11:00+00:00,2026-09-05T05:11:00+00:00
SHP-0815,SELLER-354,WH-045,CAR-003,Surat,Bengaluru,IN_TRANSIT,3,0,0,0,STALE,2026-09-07T10:08:00+00:00,2026-09-07T12:02:00+00:00
SHP-0816,SELLER-085,WH-026,CAR-097,Surat,Pune,OUT_FOR_DELIVERY,4,0,0,0,STALE,2026-09-07T12:23:00+00:00,2026-09-07T22:18:00+00:00
SHP-0817,SELLER-197,WH-041,CAR-073,Chennai,Delhi,PICKED_UP,2,0,0,0,STALE,2026-09-02T04:06:00+00:00,2026-09-02T04:41:00+00:00
SHP-0818,SELLER-406,WH-013,CAR-023,Chennai,Mumbai,PICKED_UP,2,0,0,0,STALE,2026-09-03T12:54:00+00:00,2026-09-03T14:00:00+00:00
SHP-0819,SELLER-492,WH-004,CAR-053,Surat,Bengaluru,CANCELLED,2,0,0,0,STALE,2026-09-06T09:09:00+00:00,2026-09-06T11:20:00+00:00
SHP-0820,SELLER-457,WH-002,CAR-083,Ahmedabad,Delhi,OUT_FOR_DELIVERY,4,0,0,0,STALE,2026-09-04T12:30:00+00:00,2026-09-04T21:26:00+00:00
SHP-0821,SELLER-424,WH-001,CAR-045,Pune,Mumbai,CANCELLED,2,0,0,0,STALE,2026-09-07T10:37:00+00:00,2026-09-07T12:58:00+00:00
SHP-0822,SELLER-076,WH-026,CAR-076,Kolkata,Surat,OUT_FOR_DELIVERY,4,0,1,0,STALE,2026-09-05T22:33:00+00:00,2026-09-06T06:57:00+00:00
SHP-0823,SELLER-345,WH-044,CAR-019,Chennai,Surat,PICKED_UP,2,0,0,0,STALE,2026-09-04T19:58:00+00:00,2026-09-04T21:32:00+00:00
SHP-0824,SELLER-077,WH-016,CAR-076,Hyderabad,Surat,PICKED_UP,2,1,0,0,STALE,2026-09-01T11:04:00+00:00,2026-09-01T12:16:00+00:00
SHP-0825,SELLER-437,WH-033,CAR-056,Surat,Pune,DELIVERED,5,0,0,0,STALE,2026-09-05T10:18:00+00:00,2026-09-05T15:33:00+00:00
SHP-0826,SELLER-271,WH-004,CAR-079,Hyderabad,Mumbai,PICKED_UP,2,0,0,0,STALE,2026-09-07T21:37:00+00:00,2026-09-07T23:29:00+00:00
SHP-0827,SELLER-323,WH-034,CAR-026,Surat,Ahmedabad,IN_TRANSIT,3,1,0,0,STALE,2026-09-02T15:13:00+00:00,2026-09-02T22:30:00+00:00
SHP-0828,SELLER-201,WH-011,CAR-008,Ahmedabad,Delhi,OUT_FOR_DELIVERY,4,0,0,0,STALE,2026-09-05T16:24:00+00:00,2026-09-06T00:21:00+00:00
SHP-0829,SELLER-399,WH-017,CAR-003,Pune,Surat,OUT_FOR_DELIVERY,4,0,0,0,STALE,2026-09-03T23:45:00+00:00,2026-09-04T04:54:00+00:00
SHP-0830,SELLER-469,WH-026,CAR-014,Ahmedabad,Surat,DELIVERED,5,0,0,0,STALE,2026-09-06T06:46:00+00:00,2026-09-06T13:09:00+00:00
SHP-0831,SELLER-068,WH-030,CAR-064,Jaipur,Kolkata,IN_TRANSIT,3,0,0,0,STALE,2026-09-03T03:59:00+00:00,2026-09-03T09:38:00+00:00
SHP-0832,SELLER-087,WH-038,CAR-042,Bengaluru,Chennai,DELIVERED,5,0,0,0,STALE,2026-09-04T08:17:00+00:00,2026-09-04T13:49:00+00:00
SHP-0833,SELLER-056,WH-010,CAR-060,Ahmedabad,Surat,PICKED_UP,2,0,0,0,STALE,2026-09-03T02:58:00+00:00,2026-09-03T03:31:00+00:00
SHP-0834,SELLER-458,WH-038,CAR-069,Delhi,Mumbai,IN_TRANSIT,3,0,0,0,STALE,2026-09-03T23:17:00+00:00,2026-09-04T06:45:00+00:00
SHP-0835,SELLER-444,WH-015,CAR-070,Chennai,Mumbai,DELIVERED,5,0,0,0,STALE,2026-09-03T00:23:00+00:00,2026-09-03T12:15:00+00:00
SHP-0836,SELLER-207,WH-044,CAR-016,Ahmedabad,Jaipur,OUT_FOR_DELIVERY,4,0,0,0,STALE,2026-09-05T13:57:00+00:00,2026-09-05T18:10:00+00:00
SHP-0837,SELLER-431,WH-011,CAR-024,Chennai,Pune,PICKED_UP,2,1,0,0,STALE,2026-09-02T19:28:00+00:00,2026-09-02T21:38:00+00:00
SHP-0838,SELLER-172,WH-035,CAR-058,Mumbai,Kolkata,IN_TRANSIT,3,0,0,0,STALE,2026-09-02T17:03:00+00:00,2026-09-03T01:38:00+00:00
SHP-0839,SELLER-497,WH-030,CAR-097,Surat,Bengaluru,IN_TRANSIT,3,0,0,0,STALE,2026-09-07T01:53:00+00:00,2026-09-07T09:02:00+00:00
SHP-0840,SELLER-471,WH-003,CAR-043,Bengaluru,Hyderabad,OUT_FOR_DELIVERY,4,0,0,0,STALE,2026-09-07T04:04:00+00:00,2026-09-07T13:15:00+00:00
SHP-0841,SELLER-178,WH-029,CAR-081,Jaipur,Surat,IN_TRANSIT,3,0,0,0,STALE,2026-09-01T09:46:00+00:00,2026-09-01T15:04:00+00:00
SHP-0842,SELLER-277,WH-050,CAR-085,Delhi,Bengaluru,DELIVERED,5,0,0,0,STALE,2026-09-06T03:25:00+00:00,2026-09-06T14:45:00+00:00
SHP-0843,SELLER-469,WH-028,CAR-065,Ahmedabad,Delhi,DELIVERED,5,0,1,0,STALE,2026-09-02T11:21:00+00:00,2026-09-03T00:59:00+00:00
SHP-0844,SELLER-189,WH-004,CAR-090,Hyderabad,Bengaluru,OUT_FOR_DELIVERY,4,0,0,0,STALE,2026-09-05T02:24:00+00:00,2026-09-05T09:08:00+00:00
SHP-0845,SELLER-383,WH-022,CAR-048,Hyderabad,Kolkata,PICKED_UP,2,0,0,0,STALE,2026-09-06T22:58:00+00:00,2026-09-07T01:25:00+00:00
SHP-0846,SELLER-418,WH-040,CAR-038,Delhi,Hyderabad,IN_TRANSIT,3,0,0,0,STALE,2026-09-02T12:20:00+00:00,2026-09-02T18:10:00+00:00
SHP-0847,SELLER-473,WH-037,CAR-014,Kolkata,Ahmedabad,PICKED_UP,2,0,0,0,STALE,2026-09-01T21:44:00+00:00,2026-09-01T23:01:00+00:00
SHP-0848,SELLER-248,WH-012,CAR-044,Pune,Delhi,DELIVERED,5,0,0,0,STALE,2026-09-02T22:55:00+00:00,2026-09-03T11:03:00+00:00
SHP-0849,SELLER-190,WH-024,CAR-004,Ahmedabad,Surat,PICKED_UP,2,0,0,1,STALE,2026-09-05T09:28:00+00:00,2026-09-05T11:21:00+00:00
SHP-0850,SELLER-349,WH-019,CAR-034,Chennai,Bengaluru,PICKED_UP,2,0,0,0,STALE,2026-09-02T08:45:00+00:00,2026-09-02T11:42:00+00:00
SHP-0851,SELLER-307,WH-031,CAR-022,Bengaluru,Hyderabad,IN_TRANSIT,3,0,0,0,STALE,2026-09-04T19:05:00+00:00,2026-09-04T23:22:00+00:00
SHP-0852,SELLER-151,WH-030,CAR-014,Kolkata,Pune,PICKED_UP,2,0,0,0,STALE,2026-09-03T11:08:00+00:00,2026-09-03T13:11:00+00:00
SHP-0853,SELLER-373,WH-034,CAR-013,Chennai,Ahmedabad,IN_TRANSIT,3,0,0,0,STALE,2026-09-04T14:38:00+00:00,2026-09-04T17:07:00+00:00
SHP-0854,SELLER-182,WH-012,CAR-059,Pune,Surat,DELIVERED,5,0,0,0,STALE,2026-09-02T09:19:00+00:00,2026-09-02T17:10:00+00:00
SHP-0855,SELLER-439,WH-050,CAR-045,Pune,Delhi,DELIVERED,5,0,0,0,STALE,2026-09-04T18:21:00+00:00,2026-09-05T04:47:00+00:00
SHP-0856,SELLER-362,WH-022,CAR-066,Kolkata,Hyderabad,IN_TRANSIT,3,0,0,0,STALE,2026-09-04T20:42:00+00:00,2026-09-05T02:27:00+00:00
SHP-0857,SELLER-491,WH-040,CAR-016,Mumbai,Ahmedabad,CANCELLED,2,0,0,0,STALE,2026-09-01T06:56:00+00:00,2026-09-01T07:27:00+00:00
SHP-0858,SELLER-191,WH-041,CAR-030,Surat,Chennai,CREATED,1,0,0,0,STALE,2026-09-03T16:33:00+00:00,2026-09-03T16:33:00+00:00
SHP-0859,SELLER-330,WH-008,CAR-042,Kolkata,Mumbai,PICKED_UP,2,0,0,1,STALE,2026-09-04T16:28:00+00:00,2026-09-04T19:01:00+00:00
SHP-0860,SELLER-285,WH-048,CAR-024,Mumbai,Kolkata,PICKED_UP,2,0,0,0,STALE,2026-09-06T21:56:00+00:00,2026-09-07T00:04:00+00:00
SHP-0861,SELLER-256,WH-045,CAR-029,Pune,Jaipur,DELIVERED,5,0,0,0,STALE,2026-09-06T00:26:00+00:00,2026-09-06T10:03:00+00:00
SHP-0862,SELLER-414,WH-007,CAR-095,Delhi,Hyderabad,DELIVERED,5,0,0,0,STALE,2026-09-02T10:29:00+00:00,2026-09-02T15:58:00+00:00
SHP-0863,SELLER-251,WH-011,CAR-027,Jaipur,Ahmedabad,PICKED_UP,2,0,0,0,STALE,2026-09-07T01:24:00+00:00,2026-09-07T03:54:00+00:00
SHP-0864,SELLER-091,WH-012,CAR-045,Ahmedabad,Jaipur,PICKED_UP,2,0,0,0,STALE,2026-09-05T03:10:00+00:00,2026-09-05T04:48:00+00:00
SHP-0865,SELLER-483,WH-003,CAR-042,Delhi,Mumbai,IN_TRANSIT,3,0,0,0,STALE,2026-09-06T03:51:00+00:00,2026-09-06T09:15:00+00:00
SHP-0866,SELLER-090,WH-005,CAR-059,Chennai,Hyderabad,IN_TRANSIT,3,0,0,0,STALE,2026-09-03T11:19:00+00:00,2026-09-03T16:46:00+00:00
SHP-0867,SELLER-466,WH-040,CAR-028,Pune,Delhi,DELIVERED,5,0,0,0,STALE,2026-09-05T20:37:00+00:00,2026-09-06T05:51:00+00:00
SHP-0868,SELLER-164,WH-036,CAR-040,Hyderabad,Ahmedabad,CREATED,1,0,0,0,STALE,2026-09-06T06:26:00+00:00,2026-09-06T06:26:00+00:00
SHP-0869,SELLER-113,WH-011,CAR-051,Hyderabad,Chennai,DELIVERED,5,0,0,0,STALE,2026-09-07T11:55:00+00:00,2026-09-07T23:03:00+00:00
SHP-0870,SELLER-090,WH-029,CAR-009,Delhi,Bengaluru,PICKED_UP,2,0,0,0,STALE,2026-09-07T18:43:00+00:00,2026-09-07T21:27:00+00:00
SHP-0871,SELLER-363,WH-021,CAR-018,Surat,Jaipur,DELIVERED,5,0,0,0,STALE,2026-09-06T21:42:00+00:00,2026-09-07T02:30:00+00:00
SHP-0872,SELLER-453,WH-003,CAR-034,Jaipur,Ahmedabad,IN_TRANSIT,3,0,0,0,STALE,2026-09-06T07:08:00+00:00,2026-09-06T12:33:00+00:00
SHP-0873,SELLER-122,WH-041,CAR-069,Pune,Bengaluru,OUT_FOR_DELIVERY,4,0,0,0,STALE,2026-09-01T11:02:00+00:00,2026-09-01T16:14:00+00:00
SHP-0874,SELLER-428,WH-011,CAR-027,Surat,Mumbai,CREATED,1,0,0,0,STALE,2026-09-02T16:44:00+00:00,2026-09-02T16:44:00+00:00
SHP-0875,SELLER-086,WH-050,CAR-094,Surat,Kolkata,OUT_FOR_DELIVERY,4,0,0,0,STALE,2026-09-02T01:15:00+00:00,2026-09-02T06:14:00+00:00
SHP-0876,SELLER-043,WH-014,CAR-088,Surat,Ahmedabad,CREATED,1,0,0,0,STALE,2026-09-02T07:26:00+00:00,2026-09-02T07:26:00+00:00
SHP-0877,SELLER-204,WH-004,CAR-082,Delhi,Chennai,CREATED,1,0,0,0,STALE,2026-09-02T18:58:00+00:00,2026-09-02T18:58:00+00:00
SHP-0878,SELLER-444,WH-044,CAR-090,Ahmedabad,Pune,IN_TRANSIT,3,0,0,0,STALE,2026-09-02T14:07:00+00:00,2026-09-02T17:03:00+00:00
SHP-0879,SELLER-468,WH-012,CAR-006,Mumbai,Bengaluru,IN_TRANSIT,3,0,0,0,STALE,2026-09-04T21:38:00+00:00,2026-09-05T02:49:00+00:00
SHP-0880,SELLER-221,WH-025,CAR-044,Chennai,Surat,CREATED,1,0,0,0,STALE,2026-09-03T00:50:00+00:00,2026-09-03T00:50:00+00:00
SHP-0881,SELLER-334,WH-043,CAR-039,Jaipur,Mumbai,CREATED,1,0,0,0,STALE,2026-09-04T05:01:00+00:00,2026-09-04T05:01:00+00:00
SHP-0882,SELLER-052,WH-006,CAR-037,Bengaluru,Surat,OUT_FOR_DELIVERY,4,0,0,0,STALE,2026-09-06T23:18:00+00:00,2026-09-07T04:54:00+00:00
SHP-0883,SELLER-100,WH-045,CAR-047,Kolkata,Ahmedabad,DELIVERED,5,0,0,0,STALE,2026-09-01T18:01:00+00:00,2026-09-02T03:59:00+00:00
SHP-0884,SELLER-098,WH-028,CAR-046,Jaipur,Kolkata,IN_TRANSIT,3,0,0,0,STALE,2026-09-05T09:46:00+00:00,2026-09-05T13:08:00+00:00
SHP-0885,SELLER-477,WH-004,CAR-055,Mumbai,Pune,IN_TRANSIT,3,0,0,0,STALE,2026-09-06T10:53:00+00:00,2026-09-06T15:16:00+00:00
SHP-0886,SELLER-442,WH-038,CAR-003,Pune,Chennai,CREATED,1,0,0,0,STALE,2026-09-04T04:50:00+00:00,2026-09-04T04:50:00+00:00
SHP-0887,SELLER-333,WH-007,CAR-044,Kolkata,Hyderabad,DELIVERED,5,0,0,0,STALE,2026-09-02T19:18:00+00:00,2026-09-03T02:55:00+00:00
SHP-0888,SELLER-189,WH-028,CAR-040,Surat,Mumbai,IN_TRANSIT,3,0,0,0,STALE,2026-09-07T17:08:00+00:00,2026-09-07T22:21:00+00:00
SHP-0889,SELLER-415,WH-017,CAR-060,Pune,Bengaluru,CREATED,1,0,0,0,STALE,2026-09-07T07:32:00+00:00,2026-09-07T07:32:00+00:00
SHP-0890,SELLER-394,WH-008,CAR-066,Mumbai,Bengaluru,PICKED_UP,2,0,0,0,STALE,2026-09-05T16:39:00+00:00,2026-09-05T18:07:00+00:00
SHP-0891,SELLER-047,WH-032,CAR-021,Pune,Surat,CREATED,1,0,0,0,STALE,2026-09-01T03:35:00+00:00,2026-09-01T03:35:00+00:00
SHP-0892,SELLER-050,WH-047,CAR-086,Kolkata,Jaipur,CREATED,1,0,0,0,STALE,2026-09-07T17:51:00+00:00,2026-09-07T17:51:00+00:00
SHP-0893,SELLER-445,WH-047,CAR-014,Kolkata,Bengaluru,IN_TRANSIT,3,0,0,0,STALE,2026-09-03T05:22:00+00:00,2026-09-03T08:59:00+00:00
SHP-0894,SELLER-417,WH-019,CAR-047,Jaipur,Hyderabad,IN_TRANSIT,3,1,0,0,STALE,2026-09-03T06:28:00+00:00,2026-09-03T12:24:00+00:00
SHP-0895,SELLER-271,WH-044,CAR-046,Ahmedabad,Pune,OUT_FOR_DELIVERY,4,1,0,1,STALE,2026-09-07T18:47:00+00:00,2026-09-08T02:57:00+00:00
SHP-0896,SELLER-456,WH-026,CAR-056,Delhi,Mumbai,IN_TRANSIT,3,0,0,0,STALE,2026-09-01T17:29:00+00:00,2026-09-01T20:16:00+00:00
SHP-0897,SELLER-218,WH-007,CAR-040,Kolkata,Bengaluru,OUT_FOR_DELIVERY,4,0,0,0,STALE,2026-09-02T07:48:00+00:00,2026-09-02T15:28:00+00:00
SHP-0898,SELLER-394,WH-036,CAR-009,Surat,Hyderabad,IN_TRANSIT,3,0,0,0,STALE,2026-09-04T14:01:00+00:00,2026-09-04T20:03:00+00:00
SHP-0899,SELLER-426,WH-039,CAR-064,Pune,Surat,CANCELLED,2,0,0,0,STALE,2026-09-03T13:04:00+00:00,2026-09-03T14:24:00+00:00
SHP-0900,SELLER-213,WH-025,CAR-078,Jaipur,Hyderabad,CREATED,1,0,0,0,STALE,2026-09-05T08:18:00+00:00,2026-09-05T08:18:00+00:00
SHP-0901,SELLER-077,WH-014,CAR-063,Hyderabad,Bengaluru,IN_TRANSIT,3,0,0,0,STALE,2026-09-07T11:55:00+00:00,2026-09-07T16:01:00+00:00
SHP-0902,SELLER-305,WH-019,CAR-075,Surat,Mumbai,CANCELLED,2,0,0,0,STALE,2026-09-06T01:48:00+00:00,2026-09-06T02:35:00+00:00
SHP-0903,SELLER-221,WH-043,CAR-018,Bengaluru,Hyderabad,IN_TRANSIT,3,0,0,0,STALE,2026-09-06T20:47:00+00:00,2026-09-07T01:56:00+00:00
SHP-0904,SELLER-477,WH-035,CAR-011,Chennai,Pune,OUT_FOR_DELIVERY,4,0,0,0,STALE,2026-09-07T12:04:00+00:00,2026-09-07T18:03:00+00:00
SHP-0905,SELLER-321,WH-038,CAR-038,Jaipur,Bengaluru,DELIVERED,5,0,0,0,STALE,2026-09-01T19:16:00+00:00,2026-09-02T02:35:00+00:00
SHP-0906,SELLER-478,WH-001,CAR-070,Delhi,Bengaluru,DELIVERED,5,0,0,0,STALE,2026-09-03T22:51:00+00:00,2026-09-04T06:17:00+00:00
SHP-0907,SELLER-479,WH-011,CAR-066,Ahmedabad,Hyderabad,OUT_FOR_DELIVERY,4,0,0,0,FRESH,2026-09-07T19:48:00+00:00,2026-09-08T04:13:00+00:00
SHP-0908,SELLER-302,WH-023,CAR-030,Mumbai,Kolkata,DELIVERED,5,0,0,0,STALE,2026-09-02T00:08:00+00:00,2026-09-02T12:48:00+00:00
SHP-0909,SELLER-371,WH-025,CAR-046,Mumbai,Jaipur,IN_TRANSIT,3,0,0,0,STALE,2026-09-05T12:43:00+00:00,2026-09-05T17:51:00+00:00
SHP-0910,SELLER-369,WH-017,CAR-079,Pune,Bengaluru,PICKED_UP,2,0,0,0,STALE,2026-09-06T19:43:00+00:00,2026-09-06T20:51:00+00:00
SHP-0911,SELLER-053,WH-025,CAR-019,Delhi,Pune,IN_TRANSIT,3,0,0,0,STALE,2026-09-03T18:23:00+00:00,2026-09-04T01:56:00+00:00
SHP-0912,SELLER-273,WH-045,CAR-065,Chennai,Bengaluru,DELIVERED,5,0,0,0,STALE,2026-09-02T13:32:00+00:00,2026-09-02T23:22:00+00:00
SHP-0913,SELLER-425,WH-008,CAR-076,Chennai,Pune,OUT_FOR_DELIVERY,4,0,0,0,STALE,2026-09-07T19:45:00+00:00,2026-09-08T03:38:00+00:00
SHP-0914,SELLER-165,WH-036,CAR-066,Mumbai,Ahmedabad,PICKED_UP,2,0,0,0,STALE,2026-09-01T05:59:00+00:00,2026-09-01T08:01:00+00:00
SHP-0915,SELLER-075,WH-017,CAR-016,Surat,Mumbai,IN_TRANSIT,3,0,0,0,STALE,2026-09-01T08:37:00+00:00,2026-09-01T11:53:00+00:00
SHP-0916,SELLER-477,WH-048,CAR-009,Jaipur,Delhi,OUT_FOR_DELIVERY,4,0,0,0,STALE,2026-09-07T18:21:00+00:00,2026-09-07T23:55:00+00:00
SHP-0917,SELLER-041,WH-029,CAR-035,Pune,Surat,DELIVERED,5,0,0,0,STALE,2026-09-02T04:33:00+00:00,2026-09-02T14:32:00+00:00
SHP-0918,SELLER-357,WH-040,CAR-071,Ahmedabad,Hyderabad,DELIVERED,5,0,0,0,STALE,2026-09-05T08:04:00+00:00,2026-09-05T18:19:00+00:00
SHP-0919,SELLER-030,WH-044,CAR-100,Ahmedabad,Kolkata,PICKED_UP,2,0,0,0,STALE,2026-09-05T08:10:00+00:00,2026-09-05T10:09:00+00:00
SHP-0920,SELLER-373,WH-004,CAR-030,Surat,Jaipur,OUT_FOR_DELIVERY,4,0,0,0,STALE,2026-09-07T07:37:00+00:00,2026-09-07T13:27:00+00:00
SHP-0921,SELLER-029,WH-025,CAR-063,Bengaluru,Mumbai,CREATED,1,0,0,0,STALE,2026-09-07T12:18:00+00:00,2026-09-07T12:18:00+00:00
SHP-0922,SELLER-414,WH-009,CAR-039,Jaipur,Hyderabad,PICKED_UP,2,0,0,0,STALE,2026-09-04T08:05:00+00:00,2026-09-04T10:11:00+00:00
SHP-0923,SELLER-442,WH-036,CAR-079,Pune,Ahmedabad,IN_TRANSIT,3,0,0,0,STALE,2026-09-01T13:39:00+00:00,2026-09-01T19:39:00+00:00
SHP-0924,SELLER-251,WH-049,CAR-057,Kolkata,Surat,DELIVERED,5,0,0,0,STALE,2026-09-07T11:58:00+00:00,2026-09-07T18:42:00+00:00
SHP-0925,SELLER-438,WH-041,CAR-024,Pune,Kolkata,OUT_FOR_DELIVERY,4,0,0,0,STALE,2026-09-01T14:47:00+00:00,2026-09-01T20:12:00+00:00
SHP-0926,SELLER-078,WH-019,CAR-024,Ahmedabad,Pune,DELIVERED,5,0,0,0,STALE,2026-09-06T10:37:00+00:00,2026-09-06T20:03:00+00:00
SHP-0927,SELLER-418,WH-017,CAR-069,Jaipur,Pune,CANCELLED,2,0,0,0,STALE,2026-09-01T01:40:00+00:00,2026-09-01T02:13:00+00:00
SHP-0928,SELLER-247,WH-046,CAR-064,Jaipur,Delhi,PICKED_UP,2,0,0,0,STALE,2026-09-01T21:36:00+00:00,2026-09-02T00:33:00+00:00
SHP-0929,SELLER-460,WH-001,CAR-035,Ahmedabad,Delhi,CANCELLED,2,0,0,0,STALE,2026-09-05T15:33:00+00:00,2026-09-05T16:45:00+00:00
SHP-0930,SELLER-057,WH-011,CAR-007,Chennai,Surat,PICKED_UP,2,0,0,0,STALE,2026-09-06T10:43:00+00:00,2026-09-06T12:11:00+00:00
SHP-0931,SELLER-444,WH-049,CAR-069,Bengaluru,Jaipur,IN_TRANSIT,3,0,0,0,STALE,2026-09-02T22:05:00+00:00,2026-09-03T05:27:00+00:00
SHP-0932,SELLER-130,WH-024,CAR-097,Hyderabad,Bengaluru,CREATED,1,0,0,0,STALE,2026-09-05T21:12:00+00:00,2026-09-05T21:12:00+00:00
SHP-0933,SELLER-157,WH-042,CAR-048,Hyderabad,Jaipur,PICKED_UP,2,0,0,0,STALE,2026-09-02T15:46:00+00:00,2026-09-02T16:35:00+00:00
SHP-0934,SELLER-230,WH-019,CAR-099,Jaipur,Ahmedabad,OUT_FOR_DELIVERY,4,0,0,0,STALE,2026-09-01T23:10:00+00:00,2026-09-02T06:51:00+00:00
SHP-0935,SELLER-195,WH-044,CAR-022,Mumbai,Jaipur,IN_TRANSIT,3,0,0,0,STALE,2026-09-01T03:26:00+00:00,2026-09-01T07:17:00+00:00
SHP-0936,SELLER-326,WH-013,CAR-005,Pune,Chennai,PICKED_UP,2,0,0,0,STALE,2026-09-07T04:54:00+00:00,2026-09-07T06:01:00+00:00
SHP-0937,SELLER-118,WH-020,CAR-002,Bengaluru,Delhi,IN_TRANSIT,3,0,0,0,STALE,2026-09-05T12:13:00+00:00,2026-09-05T18:40:00+00:00
SHP-0938,SELLER-470,WH-043,CAR-047,Hyderabad,Kolkata,IN_TRANSIT,3,0,0,0,STALE,2026-09-07T01:11:00+00:00,2026-09-07T06:48:00+00:00
SHP-0939,SELLER-329,WH-044,CAR-084,Kolkata,Chennai,IN_TRANSIT,3,0,0,0,STALE,2026-09-02T09:40:00+00:00,2026-09-02T18:02:00+00:00
SHP-0940,SELLER-218,WH-038,CAR-068,Jaipur,Delhi,DELIVERED,5,0,0,0,STALE,2026-09-07T19:31:00+00:00,2026-09-08T03:30:00+00:00
SHP-0941,SELLER-019,WH-006,CAR-094,Surat,Jaipur,OUT_FOR_DELIVERY,4,0,0,0,STALE,2026-09-05T08:07:00+00:00,2026-09-05T14:16:00+00:00
SHP-0942,SELLER-406,WH-007,CAR-020,Mumbai,Surat,IN_TRANSIT,3,0,0,0,STALE,2026-09-05T11:00:00+00:00,2026-09-05T15:20:00+00:00
SHP-0943,SELLER-086,WH-010,CAR-016,Bengaluru,Delhi,CREATED,1,0,0,0,STALE,2026-09-03T14:48:00+00:00,2026-09-03T14:48:00+00:00
SHP-0944,SELLER-456,WH-001,CAR-003,Mumbai,Surat,IN_TRANSIT,3,0,0,1,STALE,2026-09-05T22:30:00+00:00,2026-09-06T05:14:00+00:00
SHP-0945,SELLER-281,WH-006,CAR-038,Chennai,Pune,IN_TRANSIT,3,0,0,0,STALE,2026-09-02T01:22:00+00:00,2026-09-02T05:50:00+00:00
SHP-0946,SELLER-387,WH-004,CAR-062,Hyderabad,Ahmedabad,OUT_FOR_DELIVERY,4,0,1,0,STALE,2026-09-07T06:16:00+00:00,2026-09-07T12:20:00+00:00
SHP-0947,SELLER-207,WH-012,CAR-001,Kolkata,Hyderabad,DELIVERED,5,0,0,0,STALE,2026-09-07T16:39:00+00:00,2026-09-08T01:09:00+00:00
SHP-0948,SELLER-038,WH-001,CAR-083,Pune,Kolkata,PICKED_UP,2,0,0,0,STALE,2026-09-01T23:37:00+00:00,2026-09-02T01:04:00+00:00
SHP-0949,SELLER-166,WH-007,CAR-052,Surat,Hyderabad,OUT_FOR_DELIVERY,4,0,0,0,STALE,2026-09-06T08:11:00+00:00,2026-09-06T15:48:00+00:00
SHP-0950,SELLER-194,WH-035,CAR-093,Surat,Pune,PICKED_UP,2,0,0,0,STALE,2026-09-07T21:43:00+00:00,2026-09-07T22:16:00+00:00
SHP-0951,SELLER-267,WH-041,CAR-073,Mumbai,Jaipur,IN_TRANSIT,3,0,0,0,STALE,2026-09-06T12:31:00+00:00,2026-09-06T15:51:00+00:00
SHP-0952,SELLER-292,WH-030,CAR-049,Bengaluru,Hyderabad,CREATED,1,0,0,0,STALE,2026-09-01T23:45:00+00:00,2026-09-01T23:45:00+00:00
SHP-0953,SELLER-221,WH-045,CAR-098,Kolkata,Jaipur,DELIVERED,5,1,0,0,STALE,2026-09-06T22:32:00+00:00,2026-09-07T07:00:00+00:00
SHP-0954,SELLER-185,WH-022,CAR-066,Kolkata,Mumbai,IN_TRANSIT,3,0,0,0,STALE,2026-09-06T04:46:00+00:00,2026-09-06T08:13:00+00:00
SHP-0955,SELLER-409,WH-042,CAR-071,Delhi,Kolkata,CREATED,1,0,0,0,STALE,2026-09-07T17:42:00+00:00,2026-09-07T17:42:00+00:00
SHP-0956,SELLER-482,WH-009,CAR-056,Hyderabad,Delhi,PICKED_UP,2,0,0,0,STALE,2026-09-07T20:42:00+00:00,2026-09-07T22:37:00+00:00
SHP-0957,SELLER-363,WH-017,CAR-093,Kolkata,Hyderabad,DELIVERED,5,0,0,0,STALE,2026-09-02T04:44:00+00:00,2026-09-02T10:15:00+00:00
SHP-0958,SELLER-433,WH-024,CAR-064,Bengaluru,Mumbai,DELIVERED,5,0,0,0,STALE,2026-09-01T13:35:00+00:00,2026-09-01T19:30:00+00:00
SHP-0959,SELLER-084,WH-036,CAR-079,Kolkata,Hyderabad,CREATED,1,0,0,0,STALE,2026-09-02T00:17:00+00:00,2026-09-02T00:17:00+00:00
SHP-0960,SELLER-267,WH-042,CAR-067,Delhi,Chennai,OUT_FOR_DELIVERY,4,0,0,0,STALE,2026-09-06T03:35:00+00:00,2026-09-06T11:20:00+00:00
SHP-0961,SELLER-329,WH-045,CAR-097,Bengaluru,Delhi,CREATED,1,0,0,0,STALE,2026-09-05T05:31:00+00:00,2026-09-05T05:31:00+00:00
SHP-0962,SELLER-313,WH-012,CAR-060,Mumbai,Delhi,PICKED_UP,2,0,0,0,STALE,2026-09-05T20:42:00+00:00,2026-09-05T21:23:00+00:00
SHP-0963,SELLER-226,WH-004,CAR-073,Delhi,Hyderabad,CREATED,1,0,0,0,STALE,2026-09-06T06:15:00+00:00,2026-09-06T06:15:00+00:00
SHP-0964,SELLER-415,WH-028,CAR-076,Kolkata,Bengaluru,CREATED,1,0,0,0,STALE,2026-09-06T12:07:00+00:00,2026-09-06T12:07:00+00:00
SHP-0965,SELLER-464,WH-045,CAR-084,Mumbai,Surat,IN_TRANSIT,3,0,0,0,STALE,2026-09-04T13:16:00+00:00,2026-09-04T20:59:00+00:00
SHP-0966,SELLER-285,WH-037,CAR-028,Pune,Kolkata,CREATED,1,0,0,0,STALE,2026-09-03T22:12:00+00:00,2026-09-03T22:12:00+00:00
SHP-0967,SELLER-490,WH-031,CAR-099,Mumbai,Ahmedabad,DELIVERED,5,0,0,0,STALE,2026-09-02T00:03:00+00:00,2026-09-02T10:39:00+00:00
SHP-0968,SELLER-079,WH-023,CAR-100,Jaipur,Pune,PICKED_UP,2,0,0,0,STALE,2026-09-03T02:01:00+00:00,2026-09-03T04:30:00+00:00
SHP-0969,SELLER-185,WH-029,CAR-033,Jaipur,Chennai,PICKED_UP,2,0,0,0,STALE,2026-09-02T17:20:00+00:00,2026-09-02T20:05:00+00:00
SHP-0970,SELLER-223,WH-003,CAR-096,Pune,Jaipur,PICKED_UP,2,0,0,0,STALE,2026-09-07T05:37:00+00:00,2026-09-07T07:11:00+00:00
SHP-0971,SELLER-281,WH-020,CAR-023,Kolkata,Chennai,IN_TRANSIT,3,0,0,0,STALE,2026-09-04T09:21:00+00:00,2026-09-04T15:13:00+00:00
SHP-0972,SELLER-230,WH-040,CAR-043,Kolkata,Mumbai,IN_TRANSIT,3,1,0,0,STALE,2026-09-05T12:25:00+00:00,2026-09-05T15:04:00+00:00
SHP-0973,SELLER-167,WH-007,CAR-006,Ahmedabad,Hyderabad,OUT_FOR_DELIVERY,4,0,0,0,FRESH,2026-09-07T19:51:00+00:00,2026-09-08T06:34:00+00:00
SHP-0974,SELLER-169,WH-019,CAR-091,Ahmedabad,Pune,CREATED,1,0,0,0,STALE,2026-09-03T00:22:00+00:00,2026-09-03T00:22:00+00:00
SHP-0975,SELLER-325,WH-002,CAR-052,Surat,Kolkata,DELIVERED,5,0,0,0,STALE,2026-09-04T14:03:00+00:00,2026-09-04T21:12:00+00:00
SHP-0976,SELLER-441,WH-027,CAR-098,Bengaluru,Delhi,PICKED_UP,2,0,0,0,STALE,2026-09-04T20:05:00+00:00,2026-09-04T21:21:00+00:00
SHP-0977,SELLER-352,WH-038,CAR-034,Ahmedabad,Kolkata,CREATED,1,0,0,0,STALE,2026-09-04T05:08:00+00:00,2026-09-04T05:08:00+00:00
SHP-0978,SELLER-490,WH-032,CAR-013,Ahmedabad,Chennai,DELIVERED,5,0,0,1,STALE,2026-09-06T06:37:00+00:00,2026-09-06T16:00:00+00:00
SHP-0979,SELLER-491,WH-044,CAR-080,Chennai,Kolkata,OUT_FOR_DELIVERY,4,0,0,0,STALE,2026-09-01T03:19:00+00:00,2026-09-01T11:09:00+00:00
SHP-0980,SELLER-037,WH-035,CAR-039,Surat,Mumbai,DELIVERED,5,0,0,0,STALE,2026-09-04T19:58:00+00:00,2026-09-05T01:56:00+00:00
SHP-0981,SELLER-031,WH-027,CAR-063,Surat,Bengaluru,IN_TRANSIT,3,0,0,0,STALE,2026-09-05T12:37:00+00:00,2026-09-05T16:33:00+00:00
SHP-0982,SELLER-245,WH-017,CAR-006,Chennai,Jaipur,IN_TRANSIT,3,0,1,0,STALE,2026-09-02T10:13:00+00:00,2026-09-02T15:43:00+00:00
SHP-0983,SELLER-252,WH-030,CAR-049,Delhi,Pune,PICKED_UP,2,0,0,0,STALE,2026-09-03T11:31:00+00:00,2026-09-03T13:30:00+00:00
SHP-0984,SELLER-195,WH-021,CAR-033,Delhi,Ahmedabad,PICKED_UP,2,0,0,0,STALE,2026-09-02T04:52:00+00:00,2026-09-02T07:39:00+00:00
SHP-0985,SELLER-339,WH-037,CAR-090,Delhi,Hyderabad,OUT_FOR_DELIVERY,4,0,0,0,STALE,2026-09-04T12:01:00+00:00,2026-09-04T15:16:00+00:00
SHP-0986,SELLER-468,WH-027,CAR-066,Hyderabad,Chennai,CREATED,1,0,0,0,STALE,2026-09-02T07:51:00+00:00,2026-09-02T07:51:00+00:00
SHP-0987,SELLER-197,WH-026,CAR-057,Chennai,Delhi,IN_TRANSIT,3,0,0,0,STALE,2026-09-01T01:46:00+00:00,2026-09-01T09:29:00+00:00
SHP-0988,SELLER-439,WH-037,CAR-024,Mumbai,Chennai,IN_TRANSIT,3,0,0,0,STALE,2026-09-07T18:05:00+00:00,2026-09-07T22:57:00+00:00
SHP-0989,SELLER-453,WH-045,CAR-019,Ahmedabad,Kolkata,IN_TRANSIT,3,0,0,0,STALE,2026-09-03T02:56:00+00:00,2026-09-03T06:35:00+00:00
SHP-0990,SELLER-411,WH-023,CAR-021,Chennai,Surat,CREATED,1,0,0,0,STALE,2026-09-03T03:37:00+00:00,2026-09-03T03:37:00+00:00
SHP-0991,SELLER-359,WH-011,CAR-013,Surat,Delhi,CREATED,1,0,0,0,STALE,2026-09-06T23:12:00+00:00,2026-09-06T23:12:00+00:00
SHP-0992,SELLER-268,WH-037,CAR-063,Bengaluru,Pune,IN_TRANSIT,3,0,0,0,STALE,2026-09-05T22:26:00+00:00,2026-09-06T05:05:00+00:00
SHP-0993,SELLER-451,WH-021,CAR-073,Ahmedabad,Jaipur,PICKED_UP,2,0,0,0,STALE,2026-09-02T01:43:00+00:00,2026-09-02T04:35:00+00:00
SHP-0994,SELLER-396,WH-022,CAR-031,Ahmedabad,Surat,OUT_FOR_DELIVERY,4,0,0,0,FRESH,2026-09-07T20:53:00+00:00,2026-09-08T06:10:00+00:00
SHP-0995,SELLER-493,WH-020,CAR-007,Mumbai,Surat,CREATED,1,0,0,0,STALE,2026-09-06T10:11:00+00:00,2026-09-06T10:11:00+00:00
SHP-0996,SELLER-001,WH-004,CAR-023,Jaipur,Chennai,IN_TRANSIT,3,0,0,0,STALE,2026-09-07T02:32:00+00:00,2026-09-07T07:22:00+00:00
SHP-0997,SELLER-336,WH-014,CAR-094,Delhi,Surat,OUT_FOR_DELIVERY,4,0,0,0,STALE,2026-09-01T18:01:00+00:00,2026-09-02T00:00:00+00:00
SHP-0998,SELLER-480,WH-046,CAR-090,Delhi,Hyderabad,DELIVERED,5,0,0,0,STALE,2026-09-02T11:39:00+00:00,2026-09-02T17:49:00+00:00
SHP-0999,SELLER-172,WH-004,CAR-053,Hyderabad,Ahmedabad,PICKED_UP,2,0,0,0,STALE,2026-09-01T15:41:00+00:00,2026-09-01T17:10:00+00:00
SHP-1000,SELLER-204,WH-038,CAR-013,Surat,Jaipur,PICKED_UP,2,0,0,0,STALE,2026-09-01T19:23:00+00:00,2026-09-01T20:34:00+00:00
SHP-1001,SELLER-417,WH-044,CAR-096,Mumbai,Jaipur,PICKED_UP,2,0,0,0,STALE,2026-09-07T22:03:00+00:00,2026-09-07T23:13:00+00:00
SHP-1002,SELLER-403,WH-002,CAR-034,Chennai,Surat,DELIVERED,5,0,0,0,STALE,2026-09-01T18:15:00+00:00,2026-09-02T03:26:00+00:00
SHP-1003,SELLER-454,WH-024,CAR-054,Pune,Jaipur,DELIVERED,5,0,0,0,STALE,2026-09-01T11:04:00+00:00,2026-09-01T22:09:00+00:00
SHP-1004,SELLER-154,WH-042,CAR-005,Ahmedabad,Pune,IN_TRANSIT,3,0,0,0,STALE,2026-09-03T05:36:00+00:00,2026-09-03T10:28:00+00:00
SHP-1005,SELLER-067,WH-011,CAR-050,Delhi,Ahmedabad,DELIVERED,5,0,0,0,STALE,2026-09-02T08:04:00+00:00,2026-09-02T15:53:00+00:00
SHP-1006,SELLER-436,WH-033,CAR-082,Bengaluru,Surat,OUT_FOR_DELIVERY,4,0,0,0,STALE,2026-09-07T18:14:00+00:00,2026-09-08T01:37:00+00:00
SHP-1007,SELLER-113,WH-013,CAR-072,Kolkata,Chennai,DELIVERED,5,0,0,0,STALE,2026-09-04T04:55:00+00:00,2026-09-04T11:53:00+00:00
SHP-1008,SELLER-041,WH-046,CAR-047,Jaipur,Ahmedabad,IN_TRANSIT,3,0,0,0,STALE,2026-09-05T06:05:00+00:00,2026-09-05T13:57:00+00:00
SHP-1009,SELLER-233,WH-026,CAR-076,Hyderabad,Pune,DELIVERED,5,0,0,0,STALE,2026-09-05T02:26:00+00:00,2026-09-05T11:15:00+00:00
SHP-1010,SELLER-041,WH-012,CAR-044,Hyderabad,Pune,CREATED,1,0,0,0,STALE,2026-09-01T02:09:00+00:00,2026-09-01T02:09:00+00:00
SHP-1011,SELLER-171,WH-040,CAR-040,Jaipur,Mumbai,DELIVERED,5,0,0,0,STALE,2026-09-03T02:37:00+00:00,2026-09-03T10:13:00+00:00
SHP-1012,SELLER-123,WH-024,CAR-100,Surat,Mumbai,PICKED_UP,2,0,0,0,STALE,2026-09-05T09:04:00+00:00,2026-09-05T10:47:00+00:00
SHP-1013,SELLER-299,WH-013,CAR-032,Delhi,Ahmedabad,DELIVERED,5,0,0,0,STALE,2026-09-04T10:11:00+00:00,2026-09-04T21:53:00+00:00
SHP-1014,SELLER-254,WH-034,CAR-046,Delhi,Chennai,DELIVERED,5,0,0,0,STALE,2026-09-01T21:40:00+00:00,2026-09-02T07:20:00+00:00
SHP-1015,SELLER-456,WH-033,CAR-059,Hyderabad,Kolkata,DELIVERED,5,0,0,0,STALE,2026-09-06T16:00:00+00:00,2026-09-06T21:06:00+00:00
SHP-1016,SELLER-068,WH-037,CAR-056,Pune,Kolkata,IN_TRANSIT,3,0,0,0,STALE,2026-09-03T05:14:00+00:00,2026-09-03T07:07:00+00:00
SHP-1017,SELLER-478,WH-035,CAR-009,Bengaluru,Pune,PICKED_UP,2,0,0,1,STALE,2026-09-06T21:45:00+00:00,2026-09-06T22:24:00+00:00
SHP-1018,SELLER-092,WH-047,CAR-017,Mumbai,Kolkata,PICKED_UP,2,0,0,0,STALE,2026-09-06T06:27:00+00:00,2026-09-06T07:27:00+00:00
SHP-1019,SELLER-294,WH-045,CAR-016,Chennai,Ahmedabad,IN_TRANSIT,3,0,0,0,STALE,2026-09-01T23:42:00+00:00,2026-09-02T04:51:00+00:00
SHP-1020,SELLER-201,WH-012,CAR-093,Bengaluru,Chennai,IN_TRANSIT,3,0,0,0,STALE,2026-09-06T12:20:00+00:00,2026-09-06T17:07:00+00:00
SHP-1021,SELLER-328,WH-045,CAR-099,Ahmedabad,Chennai,OUT_FOR_DELIVERY,4,0,0,1,STALE,2026-09-03T03:54:00+00:00,2026-09-03T10:49:00+00:00
SHP-1022,SELLER-260,WH-023,CAR-005,Ahmedabad,Pune,CREATED,1,0,0,0,STALE,2026-09-01T13:22:00+00:00,2026-09-01T13:22:00+00:00
SHP-1023,SELLER-500,WH-030,CAR-006,Jaipur,Delhi,IN_TRANSIT,3,0,0,0,STALE,2026-09-06T15:56:00+00:00,2026-09-06T19:54:00+00:00
SHP-1024,SELLER-080,WH-026,CAR-013,Kolkata,Surat,PICKED_UP,2,0,0,0,STALE,2026-09-07T08:26:00+00:00,2026-09-07T09:42:00+00:00
SHP-1025,SELLER-432,WH-041,CAR-056,Hyderabad,Surat,DELIVERED,5,0,0,0,STALE,2026-09-05T13:55:00+00:00,2026-09-05T21:25:00+00:00
SHP-1026,SELLER-387,WH-039,CAR-038,Hyderabad,Delhi,PICKED_UP,2,0,0,0,STALE,2026-09-07T10:34:00+00:00,2026-09-07T11:51:00+00:00
SHP-1027,SELLER-094,WH-040,CAR-044,Chennai,Pune,OUT_FOR_DELIVERY,4,0,0,0,STALE,2026-09-05T10:23:00+00:00,2026-09-05T18:48:00+00:00
SHP-1028,SELLER-054,WH-016,CAR-001,Ahmedabad,Kolkata,PICKED_UP,2,1,0,0,STALE,2026-09-07T08:36:00+00:00,2026-09-07T09:37:00+00:00
SHP-1029,SELLER-338,WH-005,CAR-029,Pune,Delhi,IN_TRANSIT,3,0,0,0,STALE,2026-09-01T15:39:00+00:00,2026-09-01T22:24:00+00:00
SHP-1030,SELLER-375,WH-018,CAR-061,Bengaluru,Pune,PICKED_UP,2,0,0,0,STALE,2026-09-07T11:17:00+00:00,2026-09-07T12:31:00+00:00
SHP-1031,SELLER-220,WH-047,CAR-035,Mumbai,Delhi,IN_TRANSIT,3,0,0,0,STALE,2026-09-04T21:26:00+00:00,2026-09-05T03:57:00+00:00
SHP-1032,SELLER-231,WH-036,CAR-064,Kolkata,Delhi,CREATED,1,0,0,0,STALE,2026-09-01T00:08:00+00:00,2026-09-01T00:08:00+00:00
SHP-1033,SELLER-010,WH-017,CAR-022,Pune,Delhi,OUT_FOR_DELIVERY,4,0,0,0,STALE,2026-09-01T19:25:00+00:00,2026-09-02T04:29:00+00:00
SHP-1034,SELLER-273,WH-037,CAR-083,Ahmedabad,Pune,CREATED,1,0,0,0,STALE,2026-09-06T22:52:00+00:00,2026-09-06T22:52:00+00:00
SHP-1035,SELLER-111,WH-005,CAR-022,Pune,Jaipur,DELIVERED,5,0,0,0,STALE,2026-09-03T15:10:00+00:00,2026-09-03T22:16:00+00:00
SHP-1036,SELLER-216,WH-023,CAR-031,Chennai,Kolkata,PICKED_UP,2,0,0,0,STALE,2026-09-07T20:33:00+00:00,2026-09-07T22:40:00+00:00
SHP-1037,SELLER-345,WH-047,CAR-075,Kolkata,Delhi,PICKED_UP,2,0,0,0,STALE,2026-09-02T15:31:00+00:00,2026-09-02T16:41:00+00:00
SHP-1038,SELLER-397,WH-023,CAR-063,Pune,Hyderabad,CANCELLED,2,1,0,0,STALE,2026-09-07T09:44:00+00:00,2026-09-07T11:26:00+00:00
SHP-1039,SELLER-216,WH-036,CAR-060,Pune,Hyderabad,PICKED_UP,2,0,0,0,STALE,2026-09-05T22:51:00+00:00,2026-09-06T01:03:00+00:00
SHP-1040,SELLER-159,WH-006,CAR-054,Chennai,Ahmedabad,DELIVERED,5,0,0,0,STALE,2026-09-05T20:29:00+00:00,2026-09-06T04:45:00+00:00
SHP-1041,SELLER-316,WH-012,CAR-060,Ahmedabad,Mumbai,CREATED,1,0,0,0,STALE,2026-09-07T10:24:00+00:00,2026-09-07T10:24:00+00:00
SHP-1042,SELLER-071,WH-037,CAR-090,Pune,Chennai,PICKED_UP,2,0,0,0,STALE,2026-09-01T13:31:00+00:00,2026-09-01T16:00:00+00:00
SHP-1043,SELLER-083,WH-034,CAR-021,Ahmedabad,Pune,OUT_FOR_DELIVERY,4,0,0,0,STALE,2026-09-05T20:28:00+00:00,2026-09-06T07:02:00+00:00
SHP-1044,SELLER-473,WH-019,CAR-053,Pune,Chennai,PICKED_UP,2,0,0,0,STALE,2026-09-04T18:13:00+00:00,2026-09-04T19:57:00+00:00
SHP-1045,SELLER-038,WH-020,CAR-079,Mumbai,Ahmedabad,IN_TRANSIT,3,0,0,0,STALE,2026-09-07T20:47:00+00:00,2026-09-08T01:31:00+00:00
SHP-1046,SELLER-116,WH-037,CAR-035,Pune,Hyderabad,CREATED,1,0,0,0,STALE,2026-09-07T09:17:00+00:00,2026-09-07T09:17:00+00:00
SHP-1047,SELLER-075,WH-015,CAR-007,Surat,Kolkata,IN_TRANSIT,3,0,0,0,STALE,2026-09-02T11:02:00+00:00,2026-09-02T19:06:00+00:00
SHP-1048,SELLER-139,WH-007,CAR-032,Delhi,Mumbai,DELIVERED,5,0,0,0,STALE,2026-09-07T11:55:00+00:00,2026-09-07T18:28:00+00:00
SHP-1049,SELLER-190,WH-022,CAR-061,Surat,Delhi,DELIVERED,5,0,0,1,STALE,2026-09-02T10:18:00+00:00,2026-09-02T19:27:00+00:00
SHP-1050,SELLER-073,WH-048,CAR-046,Mumbai,Chennai,OUT_FOR_DELIVERY,4,0,0,0,STALE,2026-09-03T07:42:00+00:00,2026-09-03T17:37:00+00:00
SHP-1051,SELLER-285,WH-028,CAR-011,Surat,Chennai,DELIVERED,5,0,0,0,STALE,2026-09-03T23:17:00+00:00,2026-09-04T10:10:00+00:00
SHP-1052,SELLER-152,WH-012,CAR-025,Pune,Delhi,DELIVERED,5,0,1,0,STALE,2026-09-02T13:03:00+00:00,2026-09-02T22:37:00+00:00
SHP-1053,SELLER-259,WH-048,CAR-089,Pune,Surat,DELIVERED,5,0,0,0,STALE,2026-09-01T08:55:00+00:00,2026-09-01T17:31:00+00:00
SHP-1054,SELLER-225,WH-019,CAR-009,Ahmedabad,Hyderabad,PICKED_UP,2,0,0,0,STALE,2026-09-01T10:15:00+00:00,2026-09-01T11:38:00+00:00
SHP-1055,SELLER-407,WH-024,CAR-007,Delhi,Chennai,DELIVERED,5,0,0,0,FRESH,2026-09-07T22:26:00+00:00,2026-09-08T05:21:00+00:00
SHP-1056,SELLER-069,WH-022,CAR-052,Surat,Mumbai,PICKED_UP,2,0,0,0,STALE,2026-09-01T02:43:00+00:00,2026-09-01T03:18:00+00:00
SHP-1057,SELLER-035,WH-047,CAR-089,Mumbai,Ahmedabad,OUT_FOR_DELIVERY,4,0,0,0,STALE,2026-09-05T03:43:00+00:00,2026-09-05T11:16:00+00:00
SHP-1058,SELLER-329,WH-024,CAR-027,Bengaluru,Delhi,DELIVERED,5,0,0,0,STALE,2026-09-02T23:15:00+00:00,2026-09-03T08:15:00+00:00
SHP-1059,SELLER-235,WH-005,CAR-075,Bengaluru,Delhi,IN_TRANSIT,3,0,0,0,STALE,2026-09-02T20:31:00+00:00,2026-09-03T02:05:00+00:00
SHP-1060,SELLER-398,WH-007,CAR-061,Ahmedabad,Kolkata,DELIVERED,5,0,0,0,STALE,2026-09-05T17:01:00+00:00,2026-09-06T04:06:00+00:00
SHP-1061,SELLER-174,WH-033,CAR-009,Delhi,Chennai,PICKED_UP,2,0,0,0,STALE,2026-09-01T10:57:00+00:00,2026-09-01T12:54:00+00:00
SHP-1062,SELLER-131,WH-033,CAR-093,Delhi,Hyderabad,IN_TRANSIT,3,0,0,0,STALE,2026-09-03T03:14:00+00:00,2026-09-03T08:16:00+00:00
SHP-1063,SELLER-062,WH-034,CAR-059,Jaipur,Bengaluru,PICKED_UP,2,0,0,0,STALE,2026-09-04T22:39:00+00:00,2026-09-05T00:55:00+00:00
SHP-1064,SELLER-470,WH-005,CAR-059,Bengaluru,Jaipur,PICKED_UP,2,0,0,0,STALE,2026-09-01T09:50:00+00:00,2026-09-01T10:58:00+00:00
SHP-1065,SELLER-356,WH-023,CAR-023,Surat,Kolkata,OUT_FOR_DELIVERY,4,0,0,0,STALE,2026-09-02T05:52:00+00:00,2026-09-02T11:44:00+00:00
SHP-1066,SELLER-185,WH-019,CAR-020,Delhi,Mumbai,IN_TRANSIT,3,0,0,0,STALE,2026-09-05T06:54:00+00:00,2026-09-05T11:08:00+00:00
SHP-1067,SELLER-419,WH-013,CAR-026,Hyderabad,Kolkata,PICKED_UP,2,0,0,0,STALE,2026-09-01T05:03:00+00:00,2026-09-01T07:41:00+00:00
SHP-1068,SELLER-473,WH-022,CAR-002,Hyderabad,Jaipur,CREATED,1,0,0,0,STALE,2026-09-02T21:23:00+00:00,2026-09-02T21:23:00+00:00
SHP-1069,SELLER-441,WH-024,CAR-079,Pune,Surat,OUT_FOR_DELIVERY,4,0,0,0,STALE,2026-09-01T19:29:00+00:00,2026-09-02T01:45:00+00:00
SHP-1070,SELLER-380,WH-021,CAR-054,Chennai,Kolkata,PICKED_UP,2,0,0,0,STALE,2026-09-06T15:59:00+00:00,2026-09-06T17:50:00+00:00
SHP-1071,SELLER-009,WH-027,CAR-011,Pune,Kolkata,IN_TRANSIT,3,0,0,1,STALE,2026-09-02T14:42:00+00:00,2026-09-02T18:06:00+00:00
SHP-1072,SELLER-037,WH-021,CAR-099,Pune,Chennai,CREATED,1,0,0,0,STALE,2026-09-07T17:29:00+00:00,2026-09-07T17:29:00+00:00
SHP-1073,SELLER-162,WH-049,CAR-086,Surat,Pune,PICKED_UP,2,0,0,0,STALE,2026-09-03T18:43:00+00:00,2026-09-03T19:52:00+00:00
SHP-1074,SELLER-152,WH-043,CAR-098,Delhi,Bengaluru,IN_TRANSIT,3,0,0,0,STALE,2026-09-01T20:45:00+00:00,2026-09-02T02:14:00+00:00
SHP-1075,SELLER-055,WH-015,CAR-084,Jaipur,Bengaluru,CREATED,1,0,0,0,STALE,2026-09-07T12:42:00+00:00,2026-09-07T12:42:00+00:00
SHP-1076,SELLER-437,WH-015,CAR-091,Delhi,Mumbai,DELIVERED,5,0,0,0,STALE,2026-09-01T22:51:00+00:00,2026-09-02T06:16:00+00:00
SHP-1077,SELLER-279,WH-027,CAR-069,Ahmedabad,Pune,PICKED_UP,2,0,0,0,STALE,2026-09-01T02:18:00+00:00,2026-09-01T05:17:00+00:00
SHP-1078,SELLER-030,WH-025,CAR-040,Hyderabad,Delhi,DELIVERED,5,0,0,0,STALE,2026-09-01T00:15:00+00:00,2026-09-01T11:57:00+00:00
SHP-1079,SELLER-327,WH-026,CAR-037,Pune,Hyderabad,OUT_FOR_DELIVERY,4,0,0,0,STALE,2026-09-02T08:25:00+00:00,2026-09-02T14:28:00+00:00
SHP-1080,SELLER-094,WH-002,CAR-040,Mumbai,Bengaluru,PICKED_UP,2,0,0,0,STALE,2026-09-03T21:04:00+00:00,2026-09-03T22:29:00+00:00
SHP-1081,SELLER-481,WH-033,CAR-073,Mumbai,Delhi,IN_TRANSIT,3,0,0,0,STALE,2026-09-06T01:55:00+00:00,2026-09-06T09:38:00+00:00
SHP-1082,SELLER-102,WH-008,CAR-095,Jaipur,Bengaluru,CREATED,1,0,0,0,STALE,2026-09-05T21:57:00+00:00,2026-09-05T21:57:00+00:00
SHP-1083,SELLER-210,WH-002,CAR-095,Delhi,Bengaluru,CREATED,1,0,0,0,STALE,2026-09-04T22:58:00+00:00,2026-09-04T22:58:00+00:00
SHP-1084,SELLER-383,WH-011,CAR-070,Kolkata,Chennai,IN_TRANSIT,3,0,0,0,STALE,2026-09-03T03:29:00+00:00,2026-09-03T07:17:00+00:00
SHP-1085,SELLER-282,WH-046,CAR-001,Kolkata,Surat,OUT_FOR_DELIVERY,4,0,0,0,STALE,2026-09-05T18:07:00+00:00,2026-09-05T23:40:00+00:00
SHP-1086,SELLER-388,WH-028,CAR-032,Chennai,Delhi,DELIVERED,5,0,0,0,STALE,2026-09-03T08:28:00+00:00,2026-09-03T20:54:00+00:00
SHP-1087,SELLER-091,WH-026,CAR-059,Mumbai,Hyderabad,IN_TRANSIT,3,0,0,0,STALE,2026-09-04T11:12:00+00:00,2026-09-04T14:02:00+00:00
SHP-1088,SELLER-079,WH-007,CAR-087,Jaipur,Surat,OUT_FOR_DELIVERY,4,0,0,0,STALE,2026-09-03T13:06:00+00:00,2026-09-03T23:52:00+00:00
SHP-1089,SELLER-488,WH-031,CAR-064,Pune,Mumbai,OUT_FOR_DELIVERY,4,0,0,0,STALE,2026-09-05T19:22:00+00:00,2026-09-06T04:35:00+00:00
SHP-1090,SELLER-060,WH-030,CAR-065,Mumbai,Pune,DELIVERED,5,0,0,0,STALE,2026-09-05T18:24:00+00:00,2026-09-06T05:09:00+00:00
SHP-1091,SELLER-274,WH-025,CAR-098,Delhi,Pune,IN_TRANSIT,3,0,0,0,STALE,2026-09-02T01:43:00+00:00,2026-09-02T09:24:00+00:00
SHP-1092,SELLER-309,WH-018,CAR-086,Pune,Bengaluru,OUT_FOR_DELIVERY,4,0,0,0,STALE,2026-09-04T09:20:00+00:00,2026-09-04T20:52:00+00:00
SHP-1093,SELLER-392,WH-029,CAR-074,Surat,Pune,IN_TRANSIT,3,0,0,0,STALE,2026-09-07T09:34:00+00:00,2026-09-07T17:39:00+00:00
SHP-1094,SELLER-317,WH-037,CAR-037,Pune,Hyderabad,CREATED,1,0,0,0,STALE,2026-09-06T19:00:00+00:00,2026-09-06T19:00:00+00:00
SHP-1095,SELLER-411,WH-039,CAR-065,Hyderabad,Mumbai,IN_TRANSIT,3,0,0,0,STALE,2026-09-03T18:13:00+00:00,2026-09-04T02:37:00+00:00
SHP-1096,SELLER-195,WH-019,CAR-100,Surat,Jaipur,CREATED,1,0,0,0,STALE,2026-09-04T07:11:00+00:00,2026-09-04T07:11:00+00:00
SHP-1097,SELLER-006,WH-039,CAR-022,Jaipur,Pune,DELIVERED,5,0,0,0,STALE,2026-09-04T17:12:00+00:00,2026-09-05T03:56:00+00:00
SHP-1098,SELLER-139,WH-035,CAR-033,Kolkata,Surat,CREATED,1,0,0,0,STALE,2026-09-03T12:28:00+00:00,2026-09-03T12:28:00+00:00
SHP-1099,SELLER-285,WH-035,CAR-074,Jaipur,Chennai,DELIVERED,5,0,0,0,STALE,2026-09-01T11:14:00+00:00,2026-09-01T22:14:00+00:00
SHP-1100,SELLER-404,WH-024,CAR-002,Bengaluru,Mumbai,PICKED_UP,2,0,0,0,STALE,2026-09-04T22:11:00+00:00,2026-09-05T00:24:00+00:00
SHP-1101,SELLER-183,WH-042,CAR-027,Bengaluru,Pune,IN_TRANSIT,3,0,0,0,STALE,2026-09-02T02:30:00+00:00,2026-09-02T09:43:00+00:00
SHP-1102,SELLER-027,WH-033,CAR-098,Ahmedabad,Bengaluru,OUT_FOR_DELIVERY,4,0,0,0,STALE,2026-09-07T00:56:00+00:00,2026-09-07T08:00:00+00:00
SHP-1103,SELLER-119,WH-018,CAR-038,Hyderabad,Kolkata,CREATED,1,0,0,0,STALE,2026-09-07T18:33:00+00:00,2026-09-07T18:33:00+00:00
SHP-1104,SELLER-202,WH-031,CAR-036,Kolkata,Ahmedabad,IN_TRANSIT,3,0,0,0,STALE,2026-09-05T13:27:00+00:00,2026-09-05T16:43:00+00:00
SHP-1105,SELLER-313,WH-039,CAR-056,Ahmedabad,Delhi,PICKED_UP,2,0,0,0,STALE,2026-09-05T20:10:00+00:00,2026-09-05T21:27:00+00:00
SHP-1106,SELLER-170,WH-016,CAR-028,Hyderabad,Jaipur,OUT_FOR_DELIVERY,4,0,0,0,STALE,2026-09-03T22:37:00+00:00,2026-09-04T07:02:00+00:00
SHP-1107,SELLER-050,WH-015,CAR-069,Chennai,Pune,CREATED,1,0,0,0,STALE,2026-09-01T22:20:00+00:00,2026-09-01T22:20:00+00:00
SHP-1108,SELLER-148,WH-022,CAR-094,Kolkata,Chennai,CREATED,1,0,0,0,STALE,2026-09-07T18:43:00+00:00,2026-09-07T18:43:00+00:00
SHP-1109,SELLER-002,WH-048,CAR-032,Pune,Delhi,OUT_FOR_DELIVERY,4,0,0,0,STALE,2026-09-02T00:57:00+00:00,2026-09-02T10:33:00+00:00
SHP-1110,SELLER-280,WH-047,CAR-032,Surat,Kolkata,IN_TRANSIT,3,0,0,0,STALE,2026-09-04T15:43:00+00:00,2026-09-04T21:33:00+00:00
SHP-1111,SELLER-060,WH-033,CAR-042,Ahmedabad,Kolkata,IN_TRANSIT,3,0,0,0,STALE,2026-09-06T02:30:00+00:00,2026-09-06T04:38:00+00:00
SHP-1112,SELLER-133,WH-029,CAR-059,Hyderabad,Kolkata,IN_TRANSIT,3,0,0,0,STALE,2026-09-05T03:58:00+00:00,2026-09-05T09:30:00+00:00
SHP-1113,SELLER-298,WH-020,CAR-090,Surat,Ahmedabad,PICKED_UP,2,0,0,1,STALE,2026-09-04T07:01:00+00:00,2026-09-04T08:23:00+00:00
SHP-1114,SELLER-016,WH-015,CAR-025,Mumbai,Surat,PICKED_UP,2,0,0,0,STALE,2026-09-01T22:42:00+00:00,2026-09-02T00:03:00+00:00
SHP-1115,SELLER-094,WH-028,CAR-005,Jaipur,Ahmedabad,IN_TRANSIT,3,0,0,0,STALE,2026-09-02T23:48:00+00:00,2026-09-03T03:15:00+00:00
SHP-1116,SELLER-223,WH-012,CAR-041,Mumbai,Pune,PICKED_UP,2,0,0,0,STALE,2026-09-06T01:33:00+00:00,2026-09-06T03:47:00+00:00
SHP-1117,SELLER-374,WH-015,CAR-062,Jaipur,Bengaluru,CREATED,1,0,0,0,STALE,2026-09-07T10:09:00+00:00,2026-09-07T10:09:00+00:00
SHP-1118,SELLER-183,WH-028,CAR-088,Ahmedabad,Chennai,PICKED_UP,2,0,0,0,STALE,2026-09-05T08:10:00+00:00,2026-09-05T09:02:00+00:00
SHP-1119,SELLER-084,WH-038,CAR-051,Surat,Mumbai,CANCELLED,2,0,0,0,STALE,2026-09-03T13:17:00+00:00,2026-09-03T15:28:00+00:00
SHP-1120,SELLER-193,WH-041,CAR-056,Hyderabad,Pune,CREATED,1,0,0,0,STALE,2026-09-07T16:26:00+00:00,2026-09-07T16:26:00+00:00
SHP-1121,SELLER-300,WH-002,CAR-089,Bengaluru,Delhi,CREATED,1,0,0,0,STALE,2026-09-07T18:37:00+00:00,2026-09-07T18:37:00+00:00
SHP-1122,SELLER-175,WH-031,CAR-030,Surat,Bengaluru,IN_TRANSIT,3,0,0,0,STALE,2026-09-03T15:53:00+00:00,2026-09-03T22:31:00+00:00
SHP-1123,SELLER-151,WH-025,CAR-036,Jaipur,Surat,PICKED_UP,2,0,0,0,STALE,2026-09-06T05:00:00+00:00,2026-09-06T07:04:00+00:00
SHP-1124,SELLER-397,WH-032,CAR-043,Surat,Kolkata,OUT_FOR_DELIVERY,4,0,0,0,STALE,2026-09-02T10:31:00+00:00,2026-09-02T19:49:00+00:00
SHP-1125,SELLER-154,WH-034,CAR-070,Chennai,Jaipur,DELIVERED,5,0,0,0,STALE,2026-09-06T06:11:00+00:00,2026-09-06T15:08:00+00:00
SHP-1126,SELLER-268,WH-026,CAR-067,Mumbai,Delhi,PICKED_UP,2,0,0,0,STALE,2026-09-03T11:25:00+00:00,2026-09-03T12:48:00+00:00
SHP-1127,SELLER-275,WH-008,CAR-100,Mumbai,Hyderabad,IN_TRANSIT,3,0,0,0,STALE,2026-09-06T14:15:00+00:00,2026-09-06T16:16:00+00:00
SHP-1128,SELLER-228,WH-030,CAR-074,Bengaluru,Pune,PICKED_UP,2,0,0,0,STALE,2026-09-07T08:59:00+00:00,2026-09-07T11:17:00+00:00
SHP-1129,SELLER-046,WH-041,CAR-085,Kolkata,Surat,IN_TRANSIT,3,0,0,0,STALE,2026-09-01T05:38:00+00:00,2026-09-01T10:33:00+00:00
SHP-1130,SELLER-124,WH-038,CAR-011,Bengaluru,Hyderabad,DELIVERED,5,0,0,0,STALE,2026-09-07T01:26:00+00:00,2026-09-07T11:19:00+00:00
SHP-1131,SELLER-168,WH-035,CAR-013,Jaipur,Mumbai,CREATED,1,0,0,0,STALE,2026-09-04T17:29:00+00:00,2026-09-04T17:29:00+00:00
SHP-1132,SELLER-451,WH-009,CAR-039,Chennai,Jaipur,PICKED_UP,2,0,0,0,STALE,2026-09-01T19:01:00+00:00,2026-09-01T21:46:00+00:00
SHP-1133,SELLER-469,WH-029,CAR-011,Chennai,Pune,IN_TRANSIT,3,0,0,0,STALE,2026-09-07T19:43:00+00:00,2026-09-08T00:08:00+00:00
SHP-1134,SELLER-500,WH-049,CAR-056,Mumbai,Pune,IN_TRANSIT,3,0,0,0,STALE,2026-09-04T07:42:00+00:00,2026-09-04T13:27:00+00:00
SHP-1135,SELLER-096,WH-023,CAR-045,Mumbai,Delhi,IN_TRANSIT,3,0,0,0,STALE,2026-09-03T19:12:00+00:00,2026-09-04T00:53:00+00:00
SHP-1136,SELLER-438,WH-011,CAR-070,Surat,Pune,CANCELLED,2,0,0,0,STALE,2026-09-05T07:16:00+00:00,2026-09-05T07:47:00+00:00
SHP-1137,SELLER-043,WH-025,CAR-033,Hyderabad,Mumbai,DELIVERED,5,0,0,0,STALE,2026-09-05T16:33:00+00:00,2026-09-06T01:31:00+00:00
SHP-1138,SELLER-500,WH-024,CAR-016,Bengaluru,Hyderabad,OUT_FOR_DELIVERY,4,0,0,0,STALE,2026-09-07T05:19:00+00:00,2026-09-07T14:42:00+00:00
SHP-1139,SELLER-325,WH-017,CAR-087,Hyderabad,Jaipur,CREATED,1,0,0,0,STALE,2026-09-07T14:06:00+00:00,2026-09-07T14:06:00+00:00
SHP-1140,SELLER-304,WH-021,CAR-028,Bengaluru,Ahmedabad,IN_TRANSIT,3,0,0,0,STALE,2026-09-01T12:15:00+00:00,2026-09-01T15:52:00+00:00
SHP-1141,SELLER-275,WH-049,CAR-036,Surat,Jaipur,IN_TRANSIT,3,0,0,0,STALE,2026-09-04T01:37:00+00:00,2026-09-04T07:24:00+00:00
SHP-1142,SELLER-252,WH-008,CAR-059,Hyderabad,Chennai,CREATED,1,0,0,0,STALE,2026-09-05T20:00:00+00:00,2026-09-05T20:00:00+00:00
SHP-1143,SELLER-492,WH-036,CAR-016,Mumbai,Ahmedabad,DELIVERED,5,0,0,0,STALE,2026-09-04T01:59:00+00:00,2026-09-04T13:50:00+00:00
SHP-1144,SELLER-493,WH-033,CAR-029,Chennai,Hyderabad,IN_TRANSIT,3,0,0,0,STALE,2026-09-06T09:40:00+00:00,2026-09-06T11:19:00+00:00
SHP-1145,SELLER-423,WH-041,CAR-054,Bengaluru,Chennai,IN_TRANSIT,3,0,0,0,STALE,2026-09-05T12:06:00+00:00,2026-09-05T15:39:00+00:00
SHP-1146,SELLER-313,WH-003,CAR-093,Kolkata,Jaipur,IN_TRANSIT,3,0,0,0,STALE,2026-09-01T01:59:00+00:00,2026-09-01T06:59:00+00:00
SHP-1147,SELLER-139,WH-024,CAR-100,Chennai,Surat,IN_TRANSIT,3,0,0,0,STALE,2026-09-01T16:14:00+00:00,2026-09-01T21:00:00+00:00
SHP-1148,SELLER-239,WH-002,CAR-076,Jaipur,Ahmedabad,PICKED_UP,2,0,0,0,STALE,2026-09-05T10:26:00+00:00,2026-09-05T13:23:00+00:00
SHP-1149,SELLER-254,WH-020,CAR-019,Delhi,Kolkata,CREATED,1,0,0,0,STALE,2026-09-03T10:25:00+00:00,2026-09-03T10:25:00+00:00
SHP-1150,SELLER-215,WH-007,CAR-014,Jaipur,Bengaluru,CREATED,1,0,0,0,STALE,2026-09-04T11:24:00+00:00,2026-09-04T11:24:00+00:00
SHP-1151,SELLER-270,WH-028,CAR-013,Pune,Chennai,CREATED,1,0,0,0,STALE,2026-09-01T03:16:00+00:00,2026-09-01T03:16:00+00:00
SHP-1152,SELLER-280,WH-026,CAR-058,Delhi,Bengaluru,DELIVERED,5,0,0,0,STALE,2026-09-02T17:21:00+00:00,2026-09-03T01:55:00+00:00
SHP-1153,SELLER-006,WH-022,CAR-060,Ahmedabad,Kolkata,CREATED,1,0,0,0,STALE,2026-09-02T02:09:00+00:00,2026-09-02T02:09:00+00:00
SHP-1154,SELLER-125,WH-009,CAR-043,Surat,Bengaluru,CREATED,1,0,0,0,STALE,2026-09-06T05:59:00+00:00,2026-09-06T05:59:00+00:00
SHP-1155,SELLER-316,WH-030,CAR-012,Chennai,Bengaluru,OUT_FOR_DELIVERY,4,0,0,0,STALE,2026-09-02T22:52:00+00:00,2026-09-03T04:53:00+00:00
SHP-1156,SELLER-073,WH-012,CAR-016,Bengaluru,Kolkata,PICKED_UP,2,0,0,0,STALE,2026-09-04T04:16:00+00:00,2026-09-04T05:14:00+00:00
SHP-1157,SELLER-414,WH-005,CAR-061,Bengaluru,Jaipur,PICKED_UP,2,0,0,0,STALE,2026-09-03T18:52:00+00:00,2026-09-03T19:35:00+00:00
SHP-1158,SELLER-155,WH-019,CAR-017,Delhi,Pune,CREATED,1,0,0,0,STALE,2026-09-05T12:29:00+00:00,2026-09-05T12:29:00+00:00
SHP-1159,SELLER-074,WH-022,CAR-024,Chennai,Kolkata,OUT_FOR_DELIVERY,4,0,0,0,STALE,2026-09-02T14:45:00+00:00,2026-09-03T00:39:00+00:00
SHP-1160,SELLER-329,WH-041,CAR-046,Kolkata,Mumbai,PICKED_UP,2,0,0,0,STALE,2026-09-02T11:38:00+00:00,2026-09-02T13:52:00+00:00
SHP-1161,SELLER-369,WH-036,CAR-004,Delhi,Kolkata,DELIVERED,5,0,0,0,STALE,2026-09-05T02:03:00+00:00,2026-09-05T11:17:00+00:00
SHP-1162,SELLER-451,WH-026,CAR-097,Hyderabad,Surat,DELIVERED,5,0,0,0,STALE,2026-09-03T21:42:00+00:00,2026-09-04T05:20:00+00:00
SHP-1163,SELLER-160,WH-030,CAR-034,Bengaluru,Surat,OUT_FOR_DELIVERY,4,0,0,0,STALE,2026-09-05T23:41:00+00:00,2026-09-06T06:18:00+00:00
SHP-1164,SELLER-207,WH-037,CAR-095,Jaipur,Chennai,IN_TRANSIT,3,0,0,0,STALE,2026-09-02T10:54:00+00:00,2026-09-02T17:30:00+00:00
SHP-1165,SELLER-021,WH-033,CAR-021,Mumbai,Hyderabad,IN_TRANSIT,3,0,0,0,STALE,2026-09-07T00:07:00+00:00,2026-09-07T03:02:00+00:00
SHP-1166,SELLER-103,WH-048,CAR-094,Ahmedabad,Delhi,DELIVERED,5,1,0,0,STALE,2026-09-05T02:06:00+00:00,2026-09-05T07:40:00+00:00
SHP-1167,SELLER-233,WH-016,CAR-076,Mumbai,Bengaluru,CREATED,1,0,0,0,STALE,2026-09-06T22:17:00+00:00,2026-09-06T22:17:00+00:00
SHP-1168,SELLER-394,WH-050,CAR-073,Mumbai,Delhi,PICKED_UP,2,0,0,0,STALE,2026-09-05T14:55:00+00:00,2026-09-05T15:30:00+00:00
SHP-1169,SELLER-291,WH-049,CAR-095,Delhi,Hyderabad,CREATED,1,0,0,0,STALE,2026-09-06T15:01:00+00:00,2026-09-06T15:01:00+00:00
SHP-1170,SELLER-479,WH-030,CAR-095,Surat,Jaipur,DELIVERED,5,0,0,0,STALE,2026-09-07T13:36:00+00:00,2026-09-07T22:03:00+00:00
SHP-1171,SELLER-126,WH-003,CAR-007,Bengaluru,Surat,PICKED_UP,2,0,0,0,STALE,2026-09-03T11:50:00+00:00,2026-09-03T14:11:00+00:00
SHP-1172,SELLER-488,WH-029,CAR-011,Mumbai,Surat,DELIVERED,5,0,0,0,STALE,2026-09-04T14:55:00+00:00,2026-09-04T21:56:00+00:00
SHP-1173,SELLER-036,WH-024,CAR-027,Kolkata,Chennai,PICKED_UP,2,0,0,0,STALE,2026-09-05T16:15:00+00:00,2026-09-05T18:39:00+00:00
SHP-1174,SELLER-146,WH-038,CAR-091,Hyderabad,Ahmedabad,IN_TRANSIT,3,0,0,0,STALE,2026-09-02T16:29:00+00:00,2026-09-02T18:31:00+00:00
SHP-1175,SELLER-353,WH-033,CAR-020,Delhi,Hyderabad,IN_TRANSIT,3,0,0,0,STALE,2026-09-07T18:52:00+00:00,2026-09-08T00:53:00+00:00
SHP-1176,SELLER-255,WH-017,CAR-089,Kolkata,Delhi,IN_TRANSIT,3,0,0,0,STALE,2026-09-05T01:53:00+00:00,2026-09-05T09:00:00+00:00
SHP-1177,SELLER-082,WH-040,CAR-013,Jaipur,Delhi,IN_TRANSIT,3,0,1,0,STALE,2026-09-04T18:39:00+00:00,2026-09-05T01:16:00+00:00
SHP-1178,SELLER-341,WH-026,CAR-015,Bengaluru,Mumbai,IN_TRANSIT,3,0,0,0,STALE,2026-09-02T23:12:00+00:00,2026-09-03T02:01:00+00:00
SHP-1179,SELLER-235,WH-006,CAR-004,Mumbai,Chennai,PICKED_UP,2,1,0,0,STALE,2026-09-02T10:43:00+00:00,2026-09-02T13:02:00+00:00
SHP-1180,SELLER-464,WH-017,CAR-069,Kolkata,Bengaluru,IN_TRANSIT,3,0,0,0,STALE,2026-09-05T21:15:00+00:00,2026-09-06T02:20:00+00:00
SHP-1181,SELLER-497,WH-020,CAR-084,Delhi,Chennai,DELIVERED,5,0,0,0,STALE,2026-09-05T18:24:00+00:00,2026-09-06T04:39:00+00:00
SHP-1182,SELLER-433,WH-010,CAR-034,Chennai,Pune,IN_TRANSIT,3,0,0,0,STALE,2026-09-05T19:11:00+00:00,2026-09-06T01:28:00+00:00
SHP-1183,SELLER-343,WH-012,CAR-051,Ahmedabad,Bengaluru,IN_TRANSIT,3,0,0,0,STALE,2026-09-05T18:13:00+00:00,2026-09-05T22:18:00+00:00
SHP-1184,SELLER-319,WH-029,CAR-053,Jaipur,Ahmedabad,IN_TRANSIT,3,0,0,0,STALE,2026-09-04T01:36:00+00:00,2026-09-04T09:17:00+00:00
SHP-1185,SELLER-019,WH-027,CAR-014,Jaipur,Hyderabad,IN_TRANSIT,3,0,0,0,STALE,2026-09-06T11:59:00+00:00,2026-09-06T15:53:00+00:00
SHP-1186,SELLER-215,WH-048,CAR-097,Pune,Surat,PICKED_UP,2,0,0,0,STALE,2026-09-02T06:09:00+00:00,2026-09-02T07:01:00+00:00
SHP-1187,SELLER-310,WH-048,CAR-097,Kolkata,Delhi,IN_TRANSIT,3,0,0,0,STALE,2026-09-07T12:58:00+00:00,2026-09-07T16:56:00+00:00
SHP-1188,SELLER-364,WH-040,CAR-064,Chennai,Surat,IN_TRANSIT,3,0,0,0,STALE,2026-09-07T01:03:00+00:00,2026-09-07T07:08:00+00:00
SHP-1189,SELLER-404,WH-019,CAR-065,Jaipur,Delhi,OUT_FOR_DELIVERY,4,1,0,0,STALE,2026-09-07T00:14:00+00:00,2026-09-07T07:25:00+00:00
SHP-1190,SELLER-419,WH-007,CAR-006,Delhi,Mumbai,PICKED_UP,2,0,0,0,STALE,2026-09-05T05:19:00+00:00,2026-09-05T06:39:00+00:00
SHP-1191,SELLER-096,WH-016,CAR-004,Mumbai,Ahmedabad,CREATED,1,0,0,0,STALE,2026-09-07T00:08:00+00:00,2026-09-07T00:08:00+00:00
SHP-1192,SELLER-003,WH-016,CAR-064,Delhi,Mumbai,OUT_FOR_DELIVERY,4,0,0,0,STALE,2026-09-06T17:57:00+00:00,2026-09-07T00:54:00+00:00
SHP-1193,SELLER-046,WH-018,CAR-005,Bengaluru,Hyderabad,PICKED_UP,2,0,0,0,STALE,2026-09-06T09:39:00+00:00,2026-09-06T11:10:00+00:00
SHP-1194,SELLER-302,WH-030,CAR-098,Jaipur,Pune,CREATED,1,0,0,0,STALE,2026-09-02T04:39:00+00:00,2026-09-02T04:39:00+00:00
SHP-1195,SELLER-453,WH-010,CAR-098,Kolkata,Bengaluru,OUT_FOR_DELIVERY,4,0,0,0,STALE,2026-09-03T22:33:00+00:00,2026-09-04T10:39:00+00:00
SHP-1196,SELLER-106,WH-029,CAR-044,Chennai,Pune,IN_TRANSIT,3,0,0,0,STALE,2026-09-02T08:35:00+00:00,2026-09-02T15:52:00+00:00
SHP-1197,SELLER-400,WH-030,CAR-077,Bengaluru,Hyderabad,IN_TRANSIT,3,0,0,1,STALE,2026-09-05T17:27:00+00:00,2026-09-06T00:46:00+00:00
SHP-1198,SELLER-347,WH-039,CAR-098,Surat,Pune,PICKED_UP,2,0,0,0,STALE,2026-09-06T13:54:00+00:00,2026-09-06T16:41:00+00:00
SHP-1199,SELLER-230,WH-027,CAR-072,Mumbai,Bengaluru,PICKED_UP,2,0,0,0,STALE,2026-09-04T06:18:00+00:00,2026-09-04T06:51:00+00:00
SHP-1200,SELLER-181,WH-030,CAR-065,Bengaluru,Mumbai,PICKED_UP,2,0,0,0,STALE,2026-09-03T22:08:00+00:00,2026-09-03T23:27:00+00:00
SHP-1201,SELLER-494,WH-012,CAR-021,Mumbai,Ahmedabad,IN_TRANSIT,3,0,0,0,STALE,2026-09-05T08:58:00+00:00,2026-09-05T16:06:00+00:00
SHP-1202,SELLER-350,WH-044,CAR-046,Mumbai,Ahmedabad,IN_TRANSIT,3,0,0,0,STALE,2026-09-02T08:19:00+00:00,2026-09-02T13:28:00+00:00
SHP-1203,SELLER-060,WH-027,CAR-039,Delhi,Ahmedabad,CREATED,1,0,0,0,STALE,2026-09-06T11:09:00+00:00,2026-09-06T11:09:00+00:00
SHP-1204,SELLER-112,WH-013,CAR-047,Bengaluru,Surat,OUT_FOR_DELIVERY,4,0,0,0,STALE,2026-09-02T18:44:00+00:00,2026-09-03T01:15:00+00:00
SHP-1205,SELLER-113,WH-002,CAR-002,Hyderabad,Mumbai,OUT_FOR_DELIVERY,4,0,0,0,STALE,2026-09-07T20:01:00+00:00,2026-09-08T03:15:00+00:00
SHP-1206,SELLER-358,WH-019,CAR-052,Chennai,Hyderabad,OUT_FOR_DELIVERY,4,0,0,0,STALE,2026-09-04T18:06:00+00:00,2026-09-04T23:34:00+00:00
SHP-1207,SELLER-420,WH-038,CAR-055,Mumbai,Pune,IN_TRANSIT,3,0,0,0,STALE,2026-09-07T06:40:00+00:00,2026-09-07T14:11:00+00:00
SHP-1208,SELLER-169,WH-007,CAR-018,Chennai,Pune,OUT_FOR_DELIVERY,4,0,0,0,STALE,2026-09-06T15:55:00+00:00,2026-09-06T20:51:00+00:00
SHP-1209,SELLER-152,WH-019,CAR-056,Kolkata,Hyderabad,IN_TRANSIT,3,0,0,1,STALE,2026-09-06T06:18:00+00:00,2026-09-06T12:19:00+00:00
SHP-1210,SELLER-238,WH-008,CAR-047,Pune,Hyderabad,OUT_FOR_DELIVERY,4,0,0,0,STALE,2026-09-06T11:15:00+00:00,2026-09-06T21:07:00+00:00
SHP-1211,SELLER-096,WH-029,CAR-038,Mumbai,Kolkata,IN_TRANSIT,3,0,0,0,STALE,2026-09-04T16:33:00+00:00,2026-09-04T21:01:00+00:00
SHP-1212,SELLER-076,WH-029,CAR-024,Jaipur,Surat,DELIVERED,5,0,0,0,STALE,2026-09-01T12:28:00+00:00,2026-09-01T21:00:00+00:00
SHP-1213,SELLER-496,WH-026,CAR-061,Pune,Delhi,IN_TRANSIT,3,0,0,0,STALE,2026-09-02T10:14:00+00:00,2026-09-02T14:25:00+00:00
SHP-1214,SELLER-265,WH-034,CAR-051,Surat,Chennai,PICKED_UP,2,1,0,0,STALE,2026-09-04T19:22:00+00:00,2026-09-04T20:52:00+00:00
SHP-1215,SELLER-269,WH-039,CAR-099,Delhi,Jaipur,PICKED_UP,2,0,0,0,STALE,2026-09-05T18:10:00+00:00,2026-09-05T20:03:00+00:00
SHP-1216,SELLER-398,WH-001,CAR-041,Chennai,Pune,IN_TRANSIT,3,0,0,0,STALE,2026-09-01T15:46:00+00:00,2026-09-01T22:20:00+00:00
SHP-1217,SELLER-040,WH-038,CAR-091,Bengaluru,Hyderabad,DELIVERED,5,0,0,0,STALE,2026-09-06T23:53:00+00:00,2026-09-07T08:48:00+00:00
SHP-1218,SELLER-247,WH-007,CAR-014,Mumbai,Jaipur,DELIVERED,5,0,0,0,STALE,2026-09-06T13:49:00+00:00,2026-09-06T21:48:00+00:00
SHP-1219,SELLER-207,WH-037,CAR-071,Chennai,Bengaluru,IN_TRANSIT,3,0,0,1,STALE,2026-09-02T04:16:00+00:00,2026-09-02T09:49:00+00:00
SHP-1220,SELLER-493,WH-037,CAR-071,Bengaluru,Delhi,CANCELLED,2,0,0,0,STALE,2026-09-04T00:40:00+00:00,2026-09-04T02:51:00+00:00
SHP-1221,SELLER-280,WH-002,CAR-010,Ahmedabad,Jaipur,DELIVERED,5,0,0,0,STALE,2026-09-01T05:16:00+00:00,2026-09-01T10:23:00+00:00
SHP-1222,SELLER-428,WH-030,CAR-024,Hyderabad,Kolkata,IN_TRANSIT,3,0,0,0,STALE,2026-09-03T13:07:00+00:00,2026-09-03T18:32:00+00:00
SHP-1223,SELLER-491,WH-037,CAR-005,Pune,Kolkata,PICKED_UP,2,0,0,0,STALE,2026-09-02T18:40:00+00:00,2026-09-02T21:30:00+00:00
SHP-1224,SELLER-310,WH-015,CAR-017,Ahmedabad,Delhi,CANCELLED,2,0,0,0,STALE,2026-09-06T14:41:00+00:00,2026-09-06T17:29:00+00:00
SHP-1225,SELLER-199,WH-015,CAR-045,Bengaluru,Kolkata,DELIVERED,5,0,0,0,STALE,2026-09-07T09:47:00+00:00,2026-09-07T17:34:00+00:00
SHP-1226,SELLER-106,WH-038,CAR-063,Hyderabad,Pune,CREATED,1,0,0,0,STALE,2026-09-01T00:09:00+00:00,2026-09-01T00:09:00+00:00
SHP-1227,SELLER-440,WH-035,CAR-056,Hyderabad,Bengaluru,IN_TRANSIT,3,0,0,0,STALE,2026-09-06T15:12:00+00:00,2026-09-06T18:32:00+00:00
SHP-1228,SELLER-433,WH-011,CAR-077,Bengaluru,Chennai,PICKED_UP,2,0,0,0,STALE,2026-09-01T21:13:00+00:00,2026-09-01T22:59:00+00:00
SHP-1229,SELLER-133,WH-035,CAR-074,Bengaluru,Hyderabad,PICKED_UP,2,0,0,0,STALE,2026-09-02T18:50:00+00:00,2026-09-02T20:09:00+00:00
SHP-1230,SELLER-126,WH-023,CAR-009,Bengaluru,Chennai,DELIVERED,5,0,0,0,STALE,2026-09-04T18:29:00+00:00,2026-09-05T04:11:00+00:00
SHP-1231,SELLER-259,WH-036,CAR-072,Hyderabad,Chennai,IN_TRANSIT,3,0,0,0,STALE,2026-09-03T19:03:00+00:00,2026-09-04T00:52:00+00:00
SHP-1232,SELLER-014,WH-023,CAR-073,Jaipur,Chennai,CREATED,1,0,0,0,STALE,2026-09-04T01:34:00+00:00,2026-09-04T01:34:00+00:00
SHP-1233,SELLER-047,WH-011,CAR-075,Bengaluru,Jaipur,OUT_FOR_DELIVERY,4,0,0,0,STALE,2026-09-07T19:24:00+00:00,2026-09-08T01:49:00+00:00
SHP-1234,SELLER-039,WH-031,CAR-059,Hyderabad,Pune,PICKED_UP,2,0,0,0,STALE,2026-09-01T17:54:00+00:00,2026-09-01T20:02:00+00:00
SHP-1235,SELLER-048,WH-037,CAR-027,Ahmedabad,Kolkata,IN_TRANSIT,3,0,0,0,STALE,2026-09-02T02:42:00+00:00,2026-09-02T05:36:00+00:00
SHP-1236,SELLER-206,WH-009,CAR-055,Hyderabad,Jaipur,PICKED_UP,2,0,0,0,STALE,2026-09-06T18:54:00+00:00,2026-09-06T20:28:00+00:00
SHP-1237,SELLER-456,WH-040,CAR-055,Mumbai,Jaipur,DELIVERED,5,0,0,0,STALE,2026-09-03T14:24:00+00:00,2026-09-03T23:17:00+00:00
SHP-1238,SELLER-033,WH-023,CAR-089,Chennai,Pune,IN_TRANSIT,3,0,0,0,STALE,2026-09-04T14:46:00+00:00,2026-09-04T18:18:00+00:00
SHP-1239,SELLER-026,WH-034,CAR-057,Ahmedabad,Jaipur,IN_TRANSIT,3,0,0,0,STALE,2026-09-03T23:15:00+00:00,2026-09-04T02:35:00+00:00
SHP-1240,SELLER-363,WH-017,CAR-081,Kolkata,Surat,OUT_FOR_DELIVERY,4,0,0,0,STALE,2026-09-07T17:18:00+00:00,2026-09-08T00:19:00+00:00
SHP-1241,SELLER-388,WH-011,CAR-076,Surat,Jaipur,IN_TRANSIT,3,0,0,0,STALE,2026-09-02T02:00:00+00:00,2026-09-02T06:12:00+00:00
SHP-1242,SELLER-267,WH-022,CAR-082,Jaipur,Kolkata,OUT_FOR_DELIVERY,4,0,0,0,STALE,2026-09-07T00:50:00+00:00,2026-09-07T09:46:00+00:00
SHP-1243,SELLER-204,WH-031,CAR-017,Surat,Delhi,IN_TRANSIT,3,0,0,0,STALE,2026-09-03T11:10:00+00:00,2026-09-03T15:36:00+00:00
SHP-1244,SELLER-005,WH-049,CAR-014,Jaipur,Delhi,IN_TRANSIT,3,0,0,0,STALE,2026-09-05T14:47:00+00:00,2026-09-05T19:41:00+00:00
SHP-1245,SELLER-485,WH-011,CAR-021,Chennai,Kolkata,CREATED,1,0,0,0,STALE,2026-09-07T11:34:00+00:00,2026-09-07T11:34:00+00:00
SHP-1246,SELLER-090,WH-039,CAR-002,Bengaluru,Ahmedabad,IN_TRANSIT,3,0,0,0,STALE,2026-09-06T01:04:00+00:00,2026-09-06T06:03:00+00:00
SHP-1247,SELLER-100,WH-012,CAR-009,Ahmedabad,Hyderabad,IN_TRANSIT,3,0,0,1,STALE,2026-09-01T05:07:00+00:00,2026-09-01T09:01:00+00:00
SHP-1248,SELLER-091,WH-009,CAR-021,Hyderabad,Jaipur,CREATED,1,0,0,0,STALE,2026-09-07T17:37:00+00:00,2026-09-07T17:37:00+00:00
SHP-1249,SELLER-196,WH-001,CAR-089,Bengaluru,Ahmedabad,DELIVERED,5,0,0,0,STALE,2026-09-07T00:25:00+00:00,2026-09-07T09:07:00+00:00
SHP-1250,SELLER-145,WH-014,CAR-091,Jaipur,Kolkata,CREATED,1,0,0,0,STALE,2026-09-07T12:18:00+00:00,2026-09-07T12:18:00+00:00
SHP-1251,SELLER-117,WH-030,CAR-023,Chennai,Kolkata,IN_TRANSIT,3,0,1,0,STALE,2026-09-06T01:25:00+00:00,2026-09-06T05:13:00+00:00
SHP-1252,SELLER-480,WH-040,CAR-034,Hyderabad,Mumbai,DELIVERED,5,0,0,0,STALE,2026-09-04T09:49:00+00:00,2026-09-04T18:44:00+00:00
SHP-1253,SELLER-186,WH-031,CAR-054,Bengaluru,Ahmedabad,DELIVERED,5,0,0,0,STALE,2026-09-03T08:54:00+00:00,2026-09-03T19:14:00+00:00
SHP-1254,SELLER-011,WH-006,CAR-064,Surat,Chennai,PICKED_UP,2,0,0,0,STALE,2026-09-03T01:54:00+00:00,2026-09-03T03:07:00+00:00
SHP-1255,SELLER-396,WH-018,CAR-010,Ahmedabad,Delhi,PICKED_UP,2,0,0,0,STALE,2026-09-04T22:18:00+00:00,2026-09-05T00:13:00+00:00
SHP-1256,SELLER-131,WH-029,CAR-073,Bengaluru,Chennai,IN_TRANSIT,3,0,0,0,STALE,2026-09-04T08:07:00+00:00,2026-09-04T14:45:00+00:00
SHP-1257,SELLER-353,WH-030,CAR-023,Chennai,Surat,IN_TRANSIT,3,0,0,0,STALE,2026-09-04T00:41:00+00:00,2026-09-04T06:30:00+00:00
SHP-1258,SELLER-484,WH-018,CAR-023,Mumbai,Ahmedabad,OUT_FOR_DELIVERY,4,0,0,0,STALE,2026-09-03T16:01:00+00:00,2026-09-04T00:28:00+00:00
SHP-1259,SELLER-251,WH-042,CAR-082,Pune,Mumbai,PICKED_UP,2,0,0,0,STALE,2026-09-06T04:24:00+00:00,2026-09-06T07:07:00+00:00
SHP-1260,SELLER-373,WH-025,CAR-011,Jaipur,Ahmedabad,DELIVERED,5,0,0,0,STALE,2026-09-04T23:57:00+00:00,2026-09-05T08:05:00+00:00
SHP-1261,SELLER-266,WH-024,CAR-067,Surat,Bengaluru,DELIVERED,5,0,0,0,STALE,2026-09-02T16:43:00+00:00,2026-09-03T01:48:00+00:00
SHP-1262,SELLER-011,WH-019,CAR-031,Kolkata,Ahmedabad,OUT_FOR_DELIVERY,4,0,0,0,STALE,2026-09-05T20:58:00+00:00,2026-09-06T04:04:00+00:00
SHP-1263,SELLER-248,WH-042,CAR-057,Chennai,Bengaluru,DELIVERED,5,0,0,0,STALE,2026-09-06T08:36:00+00:00,2026-09-06T18:41:00+00:00
SHP-1264,SELLER-261,WH-042,CAR-065,Pune,Kolkata,PICKED_UP,2,0,0,0,STALE,2026-09-04T17:58:00+00:00,2026-09-04T18:39:00+00:00
SHP-1265,SELLER-105,WH-020,CAR-088,Delhi,Surat,OUT_FOR_DELIVERY,4,0,0,1,STALE,2026-09-06T17:32:00+00:00,2026-09-07T01:04:00+00:00
SHP-1266,SELLER-234,WH-004,CAR-034,Jaipur,Pune,OUT_FOR_DELIVERY,4,0,0,0,STALE,2026-09-01T21:13:00+00:00,2026-09-02T04:52:00+00:00
SHP-1267,SELLER-477,WH-044,CAR-002,Ahmedabad,Chennai,DELIVERED,5,0,0,0,STALE,2026-09-07T14:26:00+00:00,2026-09-08T02:43:00+00:00
SHP-1268,SELLER-495,WH-050,CAR-027,Chennai,Jaipur,CREATED,1,0,0,0,STALE,2026-09-01T01:39:00+00:00,2026-09-01T01:39:00+00:00
SHP-1269,SELLER-217,WH-020,CAR-079,Hyderabad,Delhi,IN_TRANSIT,3,0,0,0,STALE,2026-09-04T07:43:00+00:00,2026-09-04T11:20:00+00:00
SHP-1270,SELLER-155,WH-044,CAR-082,Surat,Bengaluru,CREATED,1,0,0,0,STALE,2026-09-05T01:58:00+00:00,2026-09-05T01:58:00+00:00
SHP-1271,SELLER-313,WH-027,CAR-058,Bengaluru,Ahmedabad,IN_TRANSIT,3,1,0,0,STALE,2026-09-01T17:20:00+00:00,2026-09-01T22:29:00+00:00
SHP-1272,SELLER-140,WH-015,CAR-072,Jaipur,Hyderabad,OUT_FOR_DELIVERY,4,0,0,0,STALE,2026-09-03T18:59:00+00:00,2026-09-04T00:44:00+00:00
SHP-1273,SELLER-198,WH-041,CAR-049,Hyderabad,Chennai,OUT_FOR_DELIVERY,4,0,0,0,STALE,2026-09-04T21:51:00+00:00,2026-09-05T07:45:00+00:00
SHP-1274,SELLER-169,WH-001,CAR-026,Ahmedabad,Bengaluru,CREATED,1,0,0,0,STALE,2026-09-01T14:51:00+00:00,2026-09-01T14:51:00+00:00
SHP-1275,SELLER-080,WH-027,CAR-081,Hyderabad,Bengaluru,IN_TRANSIT,3,0,0,0,STALE,2026-09-01T13:05:00+00:00,2026-09-01T15:15:00+00:00
SHP-1276,SELLER-271,WH-011,CAR-077,Pune,Surat,PICKED_UP,2,0,0,0,STALE,2026-09-04T08:49:00+00:00,2026-09-04T11:33:00+00:00
SHP-1277,SELLER-235,WH-010,CAR-067,Jaipur,Kolkata,DELIVERED,5,1,0,0,STALE,2026-09-03T02:12:00+00:00,2026-09-03T09:25:00+00:00
SHP-1278,SELLER-286,WH-003,CAR-068,Delhi,Bengaluru,PICKED_UP,2,0,0,0,STALE,2026-09-02T08:46:00+00:00,2026-09-02T09:30:00+00:00
SHP-1279,SELLER-216,WH-013,CAR-087,Hyderabad,Kolkata,PICKED_UP,2,0,0,0,STALE,2026-09-04T17:02:00+00:00,2026-09-04T19:09:00+00:00
SHP-1280,SELLER-268,WH-044,CAR-063,Bengaluru,Delhi,PICKED_UP,2,0,0,0,STALE,2026-09-04T08:37:00+00:00,2026-09-04T10:23:00+00:00
SHP-1281,SELLER-306,WH-002,CAR-075,Mumbai,Chennai,DELIVERED,5,0,0,1,STALE,2026-09-06T05:12:00+00:00,2026-09-06T15:34:00+00:00
SHP-1282,SELLER-125,WH-025,CAR-041,Delhi,Kolkata,CREATED,1,0,0,0,STALE,2026-09-05T00:54:00+00:00,2026-09-05T00:54:00+00:00
SHP-1283,SELLER-358,WH-049,CAR-055,Hyderabad,Surat,OUT_FOR_DELIVERY,4,1,0,0,STALE,2026-09-07T01:29:00+00:00,2026-09-07T09:47:00+00:00
SHP-1284,SELLER-061,WH-023,CAR-092,Surat,Ahmedabad,CANCELLED,2,0,0,0,STALE,2026-09-03T19:55:00+00:00,2026-09-03T21:59:00+00:00
SHP-1285,SELLER-102,WH-009,CAR-030,Pune,Bengaluru,IN_TRANSIT,3,0,0,0,STALE,2026-09-06T06:35:00+00:00,2026-09-06T15:17:00+00:00
SHP-1286,SELLER-496,WH-043,CAR-023,Delhi,Bengaluru,DELIVERED,5,0,0,0,STALE,2026-09-03T02:47:00+00:00,2026-09-03T10:28:00+00:00
SHP-1287,SELLER-091,WH-013,CAR-045,Pune,Delhi,IN_TRANSIT,3,0,0,0,STALE,2026-09-07T20:42:00+00:00,2026-09-08T02:39:00+00:00
SHP-1288,SELLER-254,WH-029,CAR-079,Delhi,Pune,DELIVERED,5,0,0,0,STALE,2026-09-05T22:27:00+00:00,2026-09-06T08:42:00+00:00
SHP-1289,SELLER-382,WH-013,CAR-098,Surat,Mumbai,PICKED_UP,2,0,0,1,STALE,2026-09-02T10:25:00+00:00,2026-09-02T10:57:00+00:00
SHP-1290,SELLER-026,WH-042,CAR-085,Ahmedabad,Pune,CREATED,1,0,0,0,STALE,2026-09-01T18:23:00+00:00,2026-09-01T18:23:00+00:00
SHP-1291,SELLER-380,WH-042,CAR-085,Chennai,Bengaluru,DELIVERED,5,0,0,0,STALE,2026-09-07T10:00:00+00:00,2026-09-07T21:37:00+00:00
SHP-1292,SELLER-303,WH-040,CAR-070,Pune,Kolkata,DELIVERED,5,0,0,0,STALE,2026-09-05T08:47:00+00:00,2026-09-05T16:14:00+00:00
SHP-1293,SELLER-120,WH-022,CAR-030,Bengaluru,Jaipur,CANCELLED,2,0,0,0,STALE,2026-09-05T20:54:00+00:00,2026-09-05T21:50:00+00:00
SHP-1294,SELLER-206,WH-009,CAR-073,Jaipur,Bengaluru,IN_TRANSIT,3,0,0,0,STALE,2026-09-05T05:02:00+00:00,2026-09-05T11:54:00+00:00
SHP-1295,SELLER-210,WH-027,CAR-013,Jaipur,Pune,IN_TRANSIT,3,0,0,0,STALE,2026-09-06T11:09:00+00:00,2026-09-06T16:30:00+00:00
SHP-1296,SELLER-084,WH-021,CAR-029,Mumbai,Hyderabad,IN_TRANSIT,3,0,0,1,STALE,2026-09-04T14:13:00+00:00,2026-09-04T17:33:00+00:00
SHP-1297,SELLER-180,WH-004,CAR-029,Pune,Mumbai,OUT_FOR_DELIVERY,4,0,0,0,STALE,2026-09-03T00:58:00+00:00,2026-09-03T11:06:00+00:00
SHP-1298,SELLER-236,WH-003,CAR-025,Hyderabad,Delhi,DELIVERED,5,0,0,0,STALE,2026-09-04T12:47:00+00:00,2026-09-05T01:38:00+00:00
SHP-1299,SELLER-162,WH-005,CAR-001,Ahmedabad,Pune,PICKED_UP,2,0,0,0,STALE,2026-09-07T22:06:00+00:00,2026-09-08T00:36:00+00:00
SHP-1300,SELLER-400,WH-023,CAR-012,Ahmedabad,Chennai,DELIVERED,5,0,0,0,STALE,2026-09-02T21:27:00+00:00,2026-09-03T06:17:00+00:00
SHP-1301,SELLER-178,WH-035,CAR-095,Mumbai,Delhi,PICKED_UP,2,0,0,0,STALE,2026-09-06T03:23:00+00:00,2026-09-06T05:02:00+00:00
SHP-1302,SELLER-128,WH-039,CAR-086,Mumbai,Ahmedabad,CREATED,1,0,0,0,STALE,2026-09-06T14:19:00+00:00,2026-09-06T14:19:00+00:00
SHP-1303,SELLER-002,WH-004,CAR-037,Bengaluru,Hyderabad,DELIVERED,5,0,0,0,STALE,2026-09-01T03:26:00+00:00,2026-09-01T10:15:00+00:00
SHP-1304,SELLER-013,WH-044,CAR-027,Surat,Pune,IN_TRANSIT,3,0,0,0,STALE,2026-09-02T19:46:00+00:00,2026-09-03T01:41:00+00:00
SHP-1305,SELLER-274,WH-035,CAR-002,Delhi,Ahmedabad,PICKED_UP,2,0,0,0,STALE,2026-09-07T22:02:00+00:00,2026-09-07T22:55:00+00:00
SHP-1306,SELLER-364,WH-039,CAR-027,Chennai,Hyderabad,PICKED_UP,2,0,0,0,STALE,2026-09-05T18:00:00+00:00,2026-09-05T19:21:00+00:00
SHP-1307,SELLER-154,WH-017,CAR-003,Jaipur,Surat,DELIVERED,5,0,0,0,STALE,2026-09-05T21:57:00+00:00,2026-09-06T03:20:00+00:00
SHP-1308,SELLER-444,WH-015,CAR-011,Mumbai,Hyderabad,OUT_FOR_DELIVERY,4,0,0,0,STALE,2026-09-02T15:39:00+00:00,2026-09-03T00:20:00+00:00
SHP-1309,SELLER-337,WH-008,CAR-015,Surat,Pune,CREATED,1,0,0,0,STALE,2026-09-06T04:11:00+00:00,2026-09-06T04:11:00+00:00
SHP-1310,SELLER-076,WH-002,CAR-041,Chennai,Jaipur,OUT_FOR_DELIVERY,4,0,0,0,STALE,2026-09-06T09:59:00+00:00,2026-09-06T14:57:00+00:00
SHP-1311,SELLER-385,WH-005,CAR-038,Pune,Mumbai,DELIVERED,5,0,0,0,STALE,2026-09-07T12:16:00+00:00,2026-09-07T21:41:00+00:00
SHP-1312,SELLER-193,WH-001,CAR-047,Chennai,Bengaluru,CREATED,1,0,0,0,STALE,2026-09-05T08:57:00+00:00,2026-09-05T08:57:00+00:00
SHP-1313,SELLER-379,WH-035,CAR-039,Bengaluru,Chennai,IN_TRANSIT,3,0,0,0,STALE,2026-09-07T07:41:00+00:00,2026-09-07T12:01:00+00:00
SHP-1314,SELLER-203,WH-026,CAR-031,Pune,Bengaluru,IN_TRANSIT,3,0,1,0,STALE,2026-09-02T11:17:00+00:00,2026-09-02T17:48:00+00:00
SHP-1315,SELLER-111,WH-038,CAR-006,Surat,Mumbai,CANCELLED,2,0,0,0,STALE,2026-09-01T16:01:00+00:00,2026-09-01T16:38:00+00:00
SHP-1316,SELLER-174,WH-011,CAR-089,Chennai,Jaipur,OUT_FOR_DELIVERY,4,0,0,0,STALE,2026-09-07T11:13:00+00:00,2026-09-07T19:07:00+00:00
SHP-1317,SELLER-069,WH-030,CAR-045,Ahmedabad,Hyderabad,OUT_FOR_DELIVERY,4,0,0,1,STALE,2026-09-03T22:23:00+00:00,2026-09-04T04:15:00+00:00
SHP-1318,SELLER-009,WH-041,CAR-072,Mumbai,Surat,IN_TRANSIT,3,0,0,0,STALE,2026-09-04T22:59:00+00:00,2026-09-05T05:33:00+00:00
SHP-1319,SELLER-086,WH-039,CAR-088,Kolkata,Delhi,CREATED,1,0,0,0,STALE,2026-09-06T15:10:00+00:00,2026-09-06T15:10:00+00:00
SHP-1320,SELLER-162,WH-045,CAR-053,Pune,Bengaluru,PICKED_UP,2,0,0,0,STALE,2026-09-05T15:31:00+00:00,2026-09-05T17:48:00+00:00
SHP-1321,SELLER-230,WH-001,CAR-038,Ahmedabad,Delhi,OUT_FOR_DELIVERY,4,0,0,0,STALE,2026-09-05T14:53:00+00:00,2026-09-05T21:52:00+00:00
SHP-1322,SELLER-226,WH-015,CAR-087,Mumbai,Ahmedabad,IN_TRANSIT,3,0,0,0,STALE,2026-09-02T01:38:00+00:00,2026-09-02T08:07:00+00:00
SHP-1323,SELLER-039,WH-014,CAR-032,Surat,Kolkata,PICKED_UP,2,0,0,0,STALE,2026-09-07T10:52:00+00:00,2026-09-07T11:36:00+00:00
SHP-1324,SELLER-110,WH-007,CAR-088,Kolkata,Jaipur,IN_TRANSIT,3,0,0,0,STALE,2026-09-04T15:11:00+00:00,2026-09-04T21:40:00+00:00
SHP-1325,SELLER-494,WH-048,CAR-039,Pune,Chennai,IN_TRANSIT,3,0,0,0,STALE,2026-09-05T10:02:00+00:00,2026-09-05T18:06:00+00:00
SHP-1326,SELLER-281,WH-001,CAR-048,Ahmedabad,Bengaluru,OUT_FOR_DELIVERY,4,0,0,0,STALE,2026-09-03T18:19:00+00:00,2026-09-03T22:59:00+00:00
SHP-1327,SELLER-251,WH-016,CAR-028,Chennai,Delhi,OUT_FOR_DELIVERY,4,0,0,0,FRESH,2026-09-07T20:51:00+00:00,2026-09-08T06:05:00+00:00
SHP-1328,SELLER-123,WH-049,CAR-021,Pune,Jaipur,IN_TRANSIT,3,0,0,0,STALE,2026-09-07T18:07:00+00:00,2026-09-07T22:04:00+00:00
SHP-1329,SELLER-334,WH-010,CAR-006,Delhi,Hyderabad,OUT_FOR_DELIVERY,4,0,0,0,STALE,2026-09-01T05:55:00+00:00,2026-09-01T11:40:00+00:00
SHP-1330,SELLER-493,WH-020,CAR-064,Mumbai,Surat,CREATED,1,0,0,0,STALE,2026-09-07T22:03:00+00:00,2026-09-07T22:03:00+00:00
SHP-1331,SELLER-410,WH-044,CAR-062,Kolkata,Pune,DELIVERED,5,0,0,0,STALE,2026-09-04T17:38:00+00:00,2026-09-05T05:26:00+00:00
SHP-1332,SELLER-064,WH-002,CAR-001,Pune,Hyderabad,CANCELLED,2,0,0,0,STALE,2026-09-03T10:17:00+00:00,2026-09-03T11:34:00+00:00
SHP-1333,SELLER-078,WH-009,CAR-064,Ahmedabad,Jaipur,IN_TRANSIT,3,0,0,0,STALE,2026-09-03T07:38:00+00:00,2026-09-03T14:17:00+00:00
SHP-1334,SELLER-015,WH-029,CAR-001,Chennai,Surat,IN_TRANSIT,3,0,0,0,STALE,2026-09-03T17:00:00+00:00,2026-09-03T21:13:00+00:00
SHP-1335,SELLER-422,WH-003,CAR-082,Ahmedabad,Hyderabad,OUT_FOR_DELIVERY,4,0,0,1,STALE,2026-09-02T12:07:00+00:00,2026-09-02T20:40:00+00:00
SHP-1336,SELLER-292,WH-001,CAR-056,Delhi,Bengaluru,DELIVERED,5,0,0,0,STALE,2026-09-03T18:55:00+00:00,2026-09-04T03:51:00+00:00
SHP-1337,SELLER-249,WH-042,CAR-076,Chennai,Mumbai,IN_TRANSIT,3,0,0,0,STALE,2026-09-03T11:24:00+00:00,2026-09-03T17:42:00+00:00
SHP-1338,SELLER-362,WH-033,CAR-055,Bengaluru,Pune,DELIVERED,5,0,0,0,STALE,2026-09-01T03:52:00+00:00,2026-09-01T11:14:00+00:00
SHP-1339,SELLER-052,WH-011,CAR-092,Jaipur,Surat,DELIVERED,5,0,0,0,STALE,2026-09-01T20:22:00+00:00,2026-09-02T04:08:00+00:00
SHP-1340,SELLER-071,WH-013,CAR-076,Jaipur,Hyderabad,DELIVERED,5,0,0,0,STALE,2026-09-04T09:58:00+00:00,2026-09-04T20:20:00+00:00
SHP-1341,SELLER-270,WH-042,CAR-070,Ahmedabad,Bengaluru,PICKED_UP,2,0,0,0,STALE,2026-09-07T05:16:00+00:00,2026-09-07T06:03:00+00:00
SHP-1342,SELLER-375,WH-013,CAR-090,Hyderabad,Pune,IN_TRANSIT,3,1,0,0,STALE,2026-09-06T07:40:00+00:00,2026-09-06T14:13:00+00:00
SHP-1343,SELLER-320,WH-018,CAR-073,Pune,Chennai,DELIVERED,5,0,0,0,STALE,2026-09-07T03:53:00+00:00,2026-09-07T10:30:00+00:00
SHP-1344,SELLER-206,WH-009,CAR-001,Mumbai,Ahmedabad,PICKED_UP,2,0,0,0,STALE,2026-09-04T15:00:00+00:00,2026-09-04T17:39:00+00:00
SHP-1345,SELLER-475,WH-034,CAR-052,Kolkata,Pune,OUT_FOR_DELIVERY,4,0,0,0,STALE,2026-09-05T01:53:00+00:00,2026-09-05T10:27:00+00:00
SHP-1346,SELLER-267,WH-027,CAR-068,Delhi,Kolkata,OUT_FOR_DELIVERY,4,0,0,0,STALE,2026-09-05T01:35:00+00:00,2026-09-05T09:31:00+00:00
SHP-1347,SELLER-003,WH-010,CAR-026,Chennai,Surat,IN_TRANSIT,3,0,0,0,STALE,2026-09-07T01:55:00+00:00,2026-09-07T07:29:00+00:00
SHP-1348,SELLER-491,WH-016,CAR-053,Chennai,Bengaluru,DELIVERED,5,0,0,0,STALE,2026-09-04T09:27:00+00:00,2026-09-04T16:45:00+00:00
SHP-1349,SELLER-398,WH-018,CAR-096,Mumbai,Hyderabad,PICKED_UP,2,0,0,0,STALE,2026-09-07T13:56:00+00:00,2026-09-07T16:55:00+00:00
SHP-1350,SELLER-244,WH-039,CAR-063,Surat,Ahmedabad,CREATED,1,0,0,0,STALE,2026-09-04T02:28:00+00:00,2026-09-04T02:28:00+00:00
SHP-1351,SELLER-079,WH-036,CAR-035,Mumbai,Hyderabad,IN_TRANSIT,3,0,0,1,FRESH,2026-09-07T22:24:00+00:00,2026-09-08T05:09:00+00:00
SHP-1352,SELLER-261,WH-001,CAR-074,Kolkata,Jaipur,IN_TRANSIT,3,0,0,0,STALE,2026-09-03T12:49:00+00:00,2026-09-03T20:03:00+00:00
SHP-1353,SELLER-222,WH-001,CAR-022,Surat,Hyderabad,PICKED_UP,2,0,0,0,STALE,2026-09-01T12:05:00+00:00,2026-09-01T12:58:00+00:00
SHP-1354,SELLER-072,WH-022,CAR-067,Hyderabad,Bengaluru,IN_TRANSIT,3,0,0,0,STALE,2026-09-04T13:14:00+00:00,2026-09-04T18:49:00+00:00
SHP-1355,SELLER-236,WH-024,CAR-079,Kolkata,Mumbai,OUT_FOR_DELIVERY,4,0,0,0,STALE,2026-09-01T18:12:00+00:00,2026-09-02T00:24:00+00:00
SHP-1356,SELLER-267,WH-026,CAR-090,Jaipur,Hyderabad,CREATED,1,0,0,0,STALE,2026-09-05T18:45:00+00:00,2026-09-05T18:45:00+00:00
SHP-1357,SELLER-126,WH-042,CAR-099,Chennai,Delhi,DELIVERED,5,0,0,0,STALE,2026-09-05T21:14:00+00:00,2026-09-06T06:28:00+00:00
SHP-1358,SELLER-435,WH-029,CAR-025,Bengaluru,Ahmedabad,IN_TRANSIT,3,0,0,0,STALE,2026-09-07T17:12:00+00:00,2026-09-07T19:50:00+00:00
SHP-1359,SELLER-151,WH-050,CAR-019,Pune,Kolkata,DELIVERED,5,1,0,0,STALE,2026-09-07T09:46:00+00:00,2026-09-07T19:33:00+00:00
SHP-1360,SELLER-231,WH-040,CAR-065,Surat,Bengaluru,CANCELLED,2,0,0,0,STALE,2026-09-02T22:45:00+00:00,2026-09-03T01:15:00+00:00
SHP-1361,SELLER-417,WH-049,CAR-055,Kolkata,Hyderabad,DELIVERED,5,0,0,0,STALE,2026-09-07T04:02:00+00:00,2026-09-07T12:15:00+00:00
SHP-1362,SELLER-161,WH-013,CAR-076,Jaipur,Mumbai,CANCELLED,2,0,0,0,STALE,2026-09-07T04:43:00+00:00,2026-09-07T05:23:00+00:00
SHP-1363,SELLER-034,WH-023,CAR-075,Mumbai,Pune,IN_TRANSIT,3,0,0,0,STALE,2026-09-01T15:51:00+00:00,2026-09-01T23:08:00+00:00
SHP-1364,SELLER-108,WH-033,CAR-034,Jaipur,Surat,IN_TRANSIT,3,0,0,0,STALE,2026-09-03T08:04:00+00:00,2026-09-03T10:19:00+00:00
SHP-1365,SELLER-349,WH-007,CAR-024,Mumbai,Bengaluru,IN_TRANSIT,3,0,0,0,STALE,2026-09-04T19:07:00+00:00,2026-09-05T03:47:00+00:00
SHP-1366,SELLER-434,WH-042,CAR-098,Mumbai,Surat,OUT_FOR_DELIVERY,4,0,0,0,STALE,2026-09-01T07:15:00+00:00,2026-09-01T10:37:00+00:00
SHP-1367,SELLER-400,WH-010,CAR-076,Jaipur,Delhi,IN_TRANSIT,3,0,0,0,STALE,2026-09-07T21:40:00+00:00,2026-09-08T03:50:00+00:00
SHP-1368,SELLER-472,WH-003,CAR-032,Kolkata,Bengaluru,IN_TRANSIT,3,0,0,0,STALE,2026-09-04T17:32:00+00:00,2026-09-04T23:07:00+00:00
SHP-1369,SELLER-229,WH-001,CAR-063,Ahmedabad,Chennai,OUT_FOR_DELIVERY,4,0,0,0,STALE,2026-09-02T22:38:00+00:00,2026-09-03T06:59:00+00:00
SHP-1370,SELLER-245,WH-040,CAR-078,Chennai,Surat,PICKED_UP,2,0,0,0,STALE,2026-09-04T04:30:00+00:00,2026-09-04T05:11:00+00:00
SHP-1371,SELLER-498,WH-005,CAR-040,Mumbai,Kolkata,DELIVERED,5,0,0,0,STALE,2026-09-01T14:02:00+00:00,2026-09-01T21:09:00+00:00
SHP-1372,SELLER-420,WH-050,CAR-069,Surat,Mumbai,OUT_FOR_DELIVERY,4,0,0,0,STALE,2026-09-07T15:08:00+00:00,2026-09-07T23:25:00+00:00
SHP-1373,SELLER-219,WH-033,CAR-038,Hyderabad,Ahmedabad,DELIVERED,5,0,0,0,STALE,2026-09-07T12:52:00+00:00,2026-09-07T21:01:00+00:00
SHP-1374,SELLER-112,WH-049,CAR-064,Jaipur,Chennai,DELIVERED,5,0,0,0,STALE,2026-09-05T00:57:00+00:00,2026-09-05T10:24:00+00:00
SHP-1375,SELLER-364,WH-003,CAR-018,Surat,Mumbai,PICKED_UP,2,0,0,0,STALE,2026-09-05T04:34:00+00:00,2026-09-05T05:45:00+00:00
SHP-1376,SELLER-047,WH-025,CAR-095,Kolkata,Mumbai,IN_TRANSIT,3,1,0,0,STALE,2026-09-03T21:26:00+00:00,2026-09-04T03:57:00+00:00
SHP-1377,SELLER-197,WH-031,CAR-091,Hyderabad,Ahmedabad,PICKED_UP,2,0,0,0,STALE,2026-09-02T09:24:00+00:00,2026-09-02T12:20:00+00:00
SHP-1378,SELLER-322,WH-032,CAR-035,Surat,Mumbai,IN_TRANSIT,3,0,0,1,STALE,2026-09-06T00:40:00+00:00,2026-09-06T04:24:00+00:00
SHP-1379,SELLER-331,WH-019,CAR-013,Chennai,Kolkata,DELIVERED,5,0,0,0,STALE,2026-09-06T10:56:00+00:00,2026-09-06T19:32:00+00:00
SHP-1380,SELLER-341,WH-041,CAR-031,Chennai,Bengaluru,DELIVERED,5,0,0,0,STALE,2026-09-05T19:59:00+00:00,2026-09-06T03:15:00+00:00
SHP-1381,SELLER-308,WH-048,CAR-049,Pune,Ahmedabad,IN_TRANSIT,3,0,0,0,STALE,2026-09-01T21:17:00+00:00,2026-09-02T01:44:00+00:00
SHP-1382,SELLER-435,WH-009,CAR-018,Chennai,Kolkata,IN_TRANSIT,3,0,0,0,STALE,2026-09-07T04:36:00+00:00,2026-09-07T10:00:00+00:00
SHP-1383,SELLER-250,WH-023,CAR-080,Bengaluru,Delhi,IN_TRANSIT,3,0,0,0,STALE,2026-09-06T03:31:00+00:00,2026-09-06T08:45:00+00:00
SHP-1384,SELLER-316,WH-011,CAR-028,Chennai,Pune,CREATED,1,0,0,0,STALE,2026-09-04T11:01:00+00:00,2026-09-04T11:01:00+00:00
SHP-1385,SELLER-465,WH-024,CAR-056,Hyderabad,Delhi,DELIVERED,5,0,0,0,STALE,2026-09-05T06:55:00+00:00,2026-09-05T16:19:00+00:00
SHP-1386,SELLER-183,WH-038,CAR-098,Delhi,Chennai,IN_TRANSIT,3,0,1,0,STALE,2026-09-05T23:47:00+00:00,2026-09-06T04:14:00+00:00
SHP-1387,SELLER-092,WH-048,CAR-043,Kolkata,Mumbai,OUT_FOR_DELIVERY,4,0,0,0,STALE,2026-09-03T08:52:00+00:00,2026-09-03T18:58:00+00:00
SHP-1388,SELLER-001,WH-020,CAR-061,Chennai,Hyderabad,CREATED,1,0,0,0,STALE,2026-09-05T02:37:00+00:00,2026-09-05T02:37:00+00:00
SHP-1389,SELLER-194,WH-047,CAR-095,Mumbai,Pune,OUT_FOR_DELIVERY,4,0,0,0,STALE,2026-09-04T07:50:00+00:00,2026-09-04T16:25:00+00:00
SHP-1390,SELLER-069,WH-045,CAR-002,Hyderabad,Bengaluru,IN_TRANSIT,3,0,0,0,STALE,2026-09-04T05:56:00+00:00,2026-09-04T10:57:00+00:00
SHP-1391,SELLER-258,WH-004,CAR-008,Mumbai,Surat,IN_TRANSIT,3,0,0,0,STALE,2026-09-03T18:24:00+00:00,2026-09-03T21:46:00+00:00
SHP-1392,SELLER-274,WH-027,CAR-022,Mumbai,Bengaluru,IN_TRANSIT,3,0,0,0,STALE,2026-09-07T05:46:00+00:00,2026-09-07T14:04:00+00:00
SHP-1393,SELLER-170,WH-049,CAR-059,Bengaluru,Ahmedabad,IN_TRANSIT,3,0,0,0,STALE,2026-09-01T00:37:00+00:00,2026-09-01T04:32:00+00:00
SHP-1394,SELLER-381,WH-013,CAR-002,Pune,Bengaluru,CREATED,1,0,0,0,STALE,2026-09-03T05:18:00+00:00,2026-09-03T05:18:00+00:00
SHP-1395,SELLER-095,WH-033,CAR-056,Kolkata,Pune,DELIVERED,5,0,0,0,STALE,2026-09-01T05:09:00+00:00,2026-09-01T10:10:00+00:00
SHP-1396,SELLER-164,WH-048,CAR-076,Surat,Delhi,CREATED,1,0,0,0,STALE,2026-09-05T13:43:00+00:00,2026-09-05T13:43:00+00:00
SHP-1397,SELLER-458,WH-016,CAR-027,Jaipur,Delhi,CREATED,1,0,0,0,STALE,2026-09-02T13:18:00+00:00,2026-09-02T13:18:00+00:00
SHP-1398,SELLER-020,WH-003,CAR-041,Chennai,Delhi,PICKED_UP,2,0,0,0,STALE,2026-09-03T00:05:00+00:00,2026-09-03T02:10:00+00:00
SHP-1399,SELLER-340,WH-048,CAR-079,Bengaluru,Delhi,CREATED,1,0,0,0,STALE,2026-09-03T08:43:00+00:00,2026-09-03T08:43:00+00:00
SHP-1400,SELLER-274,WH-020,CAR-027,Chennai,Mumbai,PICKED_UP,2,0,0,0,STALE,2026-09-02T23:35:00+00:00,2026-09-03T00:51:00+00:00
SHP-1401,SELLER-125,WH-047,CAR-077,Hyderabad,Pune,DELIVERED,5,0,0,0,STALE,2026-09-05T16:25:00+00:00,2026-09-06T00:27:00+00:00
SHP-1402,SELLER-221,WH-028,CAR-025,Hyderabad,Delhi,OUT_FOR_DELIVERY,4,0,0,0,STALE,2026-09-07T15:17:00+00:00,2026-09-07T23:34:00+00:00
SHP-1403,SELLER-319,WH-031,CAR-030,Kolkata,Ahmedabad,DELIVERED,5,0,0,0,STALE,2026-09-02T01:09:00+00:00,2026-09-02T12:51:00+00:00
SHP-1404,SELLER-447,WH-041,CAR-066,Bengaluru,Ahmedabad,IN_TRANSIT,3,0,0,0,STALE,2026-09-02T04:44:00+00:00,2026-09-02T13:12:00+00:00
SHP-1405,SELLER-227,WH-050,CAR-035,Pune,Ahmedabad,OUT_FOR_DELIVERY,4,0,0,0,STALE,2026-09-03T15:42:00+00:00,2026-09-03T23:59:00+00:00
SHP-1406,SELLER-149,WH-013,CAR-091,Pune,Jaipur,DELIVERED,5,0,0,0,STALE,2026-09-02T17:09:00+00:00,2026-09-03T02:45:00+00:00
SHP-1407,SELLER-211,WH-036,CAR-043,Jaipur,Pune,PICKED_UP,2,0,0,0,STALE,2026-09-07T13:45:00+00:00,2026-09-07T16:00:00+00:00
SHP-1408,SELLER-152,WH-037,CAR-061,Surat,Chennai,IN_TRANSIT,3,0,0,0,STALE,2026-09-07T05:11:00+00:00,2026-09-07T12:43:00+00:00
SHP-1409,SELLER-401,WH-033,CAR-084,Chennai,Jaipur,CREATED,1,0,0,0,STALE,2026-09-03T18:51:00+00:00,2026-09-03T18:51:00+00:00
SHP-1410,SELLER-255,WH-014,CAR-061,Delhi,Ahmedabad,CREATED,1,0,0,0,STALE,2026-09-02T21:20:00+00:00,2026-09-02T21:20:00+00:00
SHP-1411,SELLER-483,WH-007,CAR-036,Jaipur,Pune,DELIVERED,5,0,0,0,STALE,2026-09-07T07:14:00+00:00,2026-09-07T16:40:00+00:00
SHP-1412,SELLER-401,WH-050,CAR-057,Pune,Delhi,PICKED_UP,2,0,0,0,STALE,2026-09-04T03:54:00+00:00,2026-09-04T06:52:00+00:00
SHP-1413,SELLER-360,WH-019,CAR-045,Pune,Chennai,DELIVERED,5,0,0,0,STALE,2026-09-03T04:13:00+00:00,2026-09-03T13:54:00+00:00
SHP-1414,SELLER-342,WH-008,CAR-024,Pune,Ahmedabad,OUT_FOR_DELIVERY,4,1,0,0,STALE,2026-09-07T10:52:00+00:00,2026-09-07T20:58:00+00:00
SHP-1415,SELLER-054,WH-025,CAR-014,Delhi,Pune,OUT_FOR_DELIVERY,4,0,0,0,STALE,2026-09-07T11:58:00+00:00,2026-09-07T17:36:00+00:00
SHP-1416,SELLER-119,WH-018,CAR-035,Chennai,Jaipur,DELIVERED,5,0,0,0,STALE,2026-09-05T18:29:00+00:00,2026-09-06T05:04:00+00:00
SHP-1417,SELLER-489,WH-005,CAR-056,Ahmedabad,Chennai,CREATED,1,0,0,0,STALE,2026-09-03T20:33:00+00:00,2026-09-03T20:33:00+00:00
SHP-1418,SELLER-047,WH-007,CAR-052,Bengaluru,Kolkata,IN_TRANSIT,3,0,0,1,STALE,2026-09-07T17:11:00+00:00,2026-09-07T20:09:00+00:00
SHP-1419,SELLER-426,WH-027,CAR-054,Mumbai,Ahmedabad,DELIVERED,5,0,0,0,STALE,2026-09-01T09:00:00+00:00,2026-09-01T15:39:00+00:00
SHP-1420,SELLER-031,WH-014,CAR-041,Chennai,Mumbai,IN_TRANSIT,3,0,0,0,STALE,2026-09-06T10:32:00+00:00,2026-09-06T17:04:00+00:00
SHP-1421,SELLER-404,WH-031,CAR-013,Mumbai,Jaipur,CREATED,1,0,0,0,STALE,2026-09-02T12:55:00+00:00,2026-09-02T12:55:00+00:00
SHP-1422,SELLER-299,WH-044,CAR-040,Bengaluru,Chennai,PICKED_UP,2,0,0,0,STALE,2026-09-06T06:41:00+00:00,2026-09-06T07:52:00+00:00
SHP-1423,SELLER-046,WH-019,CAR-012,Mumbai,Chennai,DELIVERED,5,0,0,0,STALE,2026-09-06T05:26:00+00:00,2026-09-06T13:37:00+00:00
SHP-1424,SELLER-097,WH-039,CAR-010,Chennai,Surat,OUT_FOR_DELIVERY,4,0,0,0,STALE,2026-09-01T21:45:00+00:00,2026-09-02T06:08:00+00:00
SHP-1425,SELLER-179,WH-019,CAR-007,Mumbai,Hyderabad,CREATED,1,0,0,0,STALE,2026-09-04T19:37:00+00:00,2026-09-04T19:37:00+00:00
SHP-1426,SELLER-170,WH-004,CAR-053,Surat,Pune,DELIVERED,5,0,0,0,STALE,2026-09-03T02:39:00+00:00,2026-09-03T09:18:00+00:00
SHP-1427,SELLER-325,WH-024,CAR-037,Ahmedabad,Mumbai,DELIVERED,5,0,0,0,STALE,2026-09-06T07:23:00+00:00,2026-09-06T17:46:00+00:00
SHP-1428,SELLER-055,WH-038,CAR-081,Kolkata,Ahmedabad,IN_TRANSIT,3,0,0,0,STALE,2026-09-05T13:44:00+00:00,2026-09-05T18:21:00+00:00
SHP-1429,SELLER-200,WH-026,CAR-018,Kolkata,Ahmedabad,IN_TRANSIT,3,0,1,0,STALE,2026-09-03T22:43:00+00:00,2026-09-04T02:35:00+00:00
SHP-1430,SELLER-420,WH-025,CAR-066,Pune,Delhi,PICKED_UP,2,0,0,0,STALE,2026-09-06T19:47:00+00:00,2026-09-06T20:43:00+00:00
SHP-1431,SELLER-211,WH-027,CAR-070,Surat,Bengaluru,OUT_FOR_DELIVERY,4,0,0,0,STALE,2026-09-02T03:23:00+00:00,2026-09-02T10:53:00+00:00
SHP-1432,SELLER-118,WH-010,CAR-071,Delhi,Chennai,PICKED_UP,2,0,0,0,STALE,2026-09-02T18:19:00+00:00,2026-09-02T18:52:00+00:00
SHP-1433,SELLER-270,WH-013,CAR-046,Surat,Hyderabad,CREATED,1,0,0,0,STALE,2026-09-04T02:31:00+00:00,2026-09-04T02:31:00+00:00
SHP-1434,SELLER-020,WH-047,CAR-097,Jaipur,Hyderabad,IN_TRANSIT,3,0,0,0,STALE,2026-09-02T07:37:00+00:00,2026-09-02T12:48:00+00:00
SHP-1435,SELLER-485,WH-050,CAR-041,Chennai,Pune,DELIVERED,5,0,0,0,STALE,2026-09-06T00:58:00+00:00,2026-09-06T08:43:00+00:00
SHP-1436,SELLER-307,WH-049,CAR-060,Jaipur,Chennai,CREATED,1,0,0,0,STALE,2026-09-07T03:34:00+00:00,2026-09-07T03:34:00+00:00
SHP-1437,SELLER-436,WH-005,CAR-004,Hyderabad,Mumbai,IN_TRANSIT,3,0,0,0,STALE,2026-09-04T17:57:00+00:00,2026-09-05T01:05:00+00:00
SHP-1438,SELLER-285,WH-027,CAR-059,Hyderabad,Delhi,IN_TRANSIT,3,0,0,0,STALE,2026-09-02T23:51:00+00:00,2026-09-03T06:48:00+00:00
SHP-1439,SELLER-468,WH-036,CAR-083,Bengaluru,Hyderabad,IN_TRANSIT,3,0,0,0,STALE,2026-09-07T15:47:00+00:00,2026-09-07T21:41:00+00:00
SHP-1440,SELLER-207,WH-039,CAR-074,Bengaluru,Pune,DELIVERED,5,0,0,0,STALE,2026-09-07T06:52:00+00:00,2026-09-07T15:50:00+00:00
SHP-1441,SELLER-291,WH-041,CAR-007,Hyderabad,Pune,DELIVERED,5,0,0,0,STALE,2026-09-06T21:56:00+00:00,2026-09-07T07:56:00+00:00
SHP-1442,SELLER-228,WH-003,CAR-011,Pune,Kolkata,CREATED,1,0,0,0,STALE,2026-09-05T17:09:00+00:00,2026-09-05T17:09:00+00:00
SHP-1443,SELLER-475,WH-015,CAR-054,Jaipur,Mumbai,PICKED_UP,2,0,0,0,STALE,2026-09-07T06:41:00+00:00,2026-09-07T07:46:00+00:00
SHP-1444,SELLER-100,WH-031,CAR-093,Pune,Delhi,IN_TRANSIT,3,0,0,0,STALE,2026-09-05T12:37:00+00:00,2026-09-05T16:47:00+00:00
SHP-1445,SELLER-346,WH-012,CAR-031,Delhi,Kolkata,PICKED_UP,2,0,0,0,STALE,2026-09-04T10:19:00+00:00,2026-09-04T10:50:00+00:00
SHP-1446,SELLER-065,WH-020,CAR-015,Kolkata,Pune,PICKED_UP,2,0,0,0,STALE,2026-09-05T12:46:00+00:00,2026-09-05T13:43:00+00:00
SHP-1447,SELLER-434,WH-038,CAR-004,Pune,Delhi,DELIVERED,5,0,0,0,STALE,2026-09-07T09:45:00+00:00,2026-09-07T18:34:00+00:00
SHP-1448,SELLER-184,WH-012,CAR-029,Mumbai,Pune,IN_TRANSIT,3,0,0,0,STALE,2026-09-02T14:02:00+00:00,2026-09-02T18:22:00+00:00
SHP-1449,SELLER-452,WH-045,CAR-080,Surat,Mumbai,IN_TRANSIT,3,0,0,0,STALE,2026-09-02T03:05:00+00:00,2026-09-02T06:03:00+00:00
SHP-1450,SELLER-278,WH-050,CAR-023,Mumbai,Pune,OUT_FOR_DELIVERY,4,0,0,0,STALE,2026-09-07T17:12:00+00:00,2026-09-07T22:57:00+00:00
SHP-1451,SELLER-063,WH-015,CAR-076,Delhi,Surat,CREATED,1,0,0,0,STALE,2026-09-07T01:10:00+00:00,2026-09-07T01:10:00+00:00
SHP-1452,SELLER-004,WH-012,CAR-020,Bengaluru,Ahmedabad,CREATED,1,0,0,0,STALE,2026-09-07T15:45:00+00:00,2026-09-07T15:45:00+00:00
SHP-1453,SELLER-055,WH-037,CAR-031,Chennai,Hyderabad,IN_TRANSIT,3,0,0,0,STALE,2026-09-03T13:37:00+00:00,2026-09-03T17:22:00+00:00
SHP-1454,SELLER-221,WH-007,CAR-049,Delhi,Chennai,DELIVERED,5,0,0,0,STALE,2026-09-05T06:49:00+00:00,2026-09-05T17:02:00+00:00
SHP-1455,SELLER-407,WH-050,CAR-045,Chennai,Delhi,OUT_FOR_DELIVERY,4,0,0,0,STALE,2026-09-01T22:37:00+00:00,2026-09-02T06:44:00+00:00
SHP-1456,SELLER-007,WH-048,CAR-016,Surat,Hyderabad,DELIVERED,5,0,0,0,STALE,2026-09-05T00:19:00+00:00,2026-09-05T09:42:00+00:00
SHP-1457,SELLER-035,WH-009,CAR-004,Surat,Delhi,IN_TRANSIT,3,0,0,0,STALE,2026-09-04T15:41:00+00:00,2026-09-04T20:01:00+00:00
SHP-1458,SELLER-346,WH-008,CAR-051,Ahmedabad,Surat,OUT_FOR_DELIVERY,4,0,0,0,STALE,2026-09-06T00:38:00+00:00,2026-09-06T10:32:00+00:00
SHP-1459,SELLER-277,WH-023,CAR-075,Delhi,Mumbai,DELIVERED,5,0,0,0,STALE,2026-09-05T07:22:00+00:00,2026-09-05T16:18:00+00:00
SHP-1460,SELLER-015,WH-048,CAR-032,Ahmedabad,Kolkata,OUT_FOR_DELIVERY,4,0,0,0,STALE,2026-09-03T19:04:00+00:00,2026-09-04T01:56:00+00:00
SHP-1461,SELLER-195,WH-040,CAR-027,Delhi,Jaipur,OUT_FOR_DELIVERY,4,0,0,0,STALE,2026-09-07T02:11:00+00:00,2026-09-07T10:48:00+00:00
SHP-1462,SELLER-072,WH-003,CAR-013,Mumbai,Kolkata,OUT_FOR_DELIVERY,4,0,0,0,STALE,2026-09-01T08:16:00+00:00,2026-09-01T17:30:00+00:00
SHP-1463,SELLER-250,WH-012,CAR-036,Kolkata,Pune,PICKED_UP,2,0,0,0,STALE,2026-09-03T19:58:00+00:00,2026-09-03T22:01:00+00:00
SHP-1464,SELLER-241,WH-027,CAR-034,Jaipur,Ahmedabad,IN_TRANSIT,3,0,0,0,STALE,2026-09-07T16:44:00+00:00,2026-09-07T22:02:00+00:00
SHP-1465,SELLER-321,WH-009,CAR-041,Bengaluru,Ahmedabad,IN_TRANSIT,3,0,0,0,STALE,2026-09-07T10:57:00+00:00,2026-09-07T15:03:00+00:00
SHP-1466,SELLER-385,WH-029,CAR-054,Ahmedabad,Delhi,IN_TRANSIT,3,0,0,0,STALE,2026-09-03T15:11:00+00:00,2026-09-03T19:03:00+00:00
SHP-1467,SELLER-057,WH-020,CAR-056,Kolkata,Bengaluru,PICKED_UP,2,0,0,0,STALE,2026-09-03T05:29:00+00:00,2026-09-03T08:05:00+00:00
SHP-1468,SELLER-359,WH-043,CAR-094,Bengaluru,Kolkata,DELIVERED,5,0,0,0,STALE,2026-09-06T14:33:00+00:00,2026-09-07T01:57:00+00:00
SHP-1469,SELLER-069,WH-006,CAR-038,Ahmedabad,Surat,OUT_FOR_DELIVERY,4,0,0,0,STALE,2026-09-02T15:19:00+00:00,2026-09-03T01:09:00+00:00
SHP-1470,SELLER-393,WH-047,CAR-057,Bengaluru,Ahmedabad,PICKED_UP,2,0,0,0,STALE,2026-09-03T11:59:00+00:00,2026-09-03T14:42:00+00:00
SHP-1471,SELLER-071,WH-010,CAR-004,Bengaluru,Surat,PICKED_UP,2,0,0,0,STALE,2026-09-04T01:17:00+00:00,2026-09-04T03:26:00+00:00
SHP-1472,SELLER-105,WH-049,CAR-028,Pune,Jaipur,OUT_FOR_DELIVERY,4,0,0,0,STALE,2026-09-05T08:02:00+00:00,2026-09-05T18:22:00+00:00
SHP-1473,SELLER-470,WH-019,CAR-056,Surat,Delhi,CREATED,1,0,0,0,STALE,2026-09-05T05:09:00+00:00,2026-09-05T05:09:00+00:00
SHP-1474,SELLER-144,WH-037,CAR-092,Bengaluru,Delhi,DELIVERED,5,0,0,0,STALE,2026-09-02T15:45:00+00:00,2026-09-03T00:58:00+00:00
SHP-1475,SELLER-177,WH-034,CAR-092,Bengaluru,Surat,DELIVERED,5,0,0,0,STALE,2026-09-03T11:11:00+00:00,2026-09-03T19:00:00+00:00
SHP-1476,SELLER-208,WH-025,CAR-066,Kolkata,Mumbai,OUT_FOR_DELIVERY,4,0,0,0,STALE,2026-09-04T18:09:00+00:00,2026-09-05T02:13:00+00:00
SHP-1477,SELLER-101,WH-003,CAR-080,Bengaluru,Delhi,DELIVERED,5,0,0,0,STALE,2026-09-06T20:59:00+00:00,2026-09-07T08:50:00+00:00
SHP-1478,SELLER-208,WH-039,CAR-068,Jaipur,Chennai,IN_TRANSIT,3,0,0,0,STALE,2026-09-02T04:04:00+00:00,2026-09-02T10:21:00+00:00
SHP-1479,SELLER-293,WH-031,CAR-050,Ahmedabad,Kolkata,IN_TRANSIT,3,0,0,0,STALE,2026-09-06T22:21:00+00:00,2026-09-07T03:25:00+00:00
SHP-1480,SELLER-275,WH-014,CAR-048,Chennai,Kolkata,IN_TRANSIT,3,0,0,0,STALE,2026-09-07T03:12:00+00:00,2026-09-07T11:51:00+00:00
SHP-1481,SELLER-123,WH-016,CAR-075,Surat,Jaipur,PICKED_UP,2,0,0,0,STALE,2026-09-02T19:28:00+00:00,2026-09-02T21:40:00+00:00
SHP-1482,SELLER-359,WH-031,CAR-043,Jaipur,Bengaluru,CREATED,1,0,0,0,STALE,2026-09-04T18:10:00+00:00,2026-09-04T18:10:00+00:00
SHP-1483,SELLER-417,WH-018,CAR-055,Pune,Surat,IN_TRANSIT,3,0,0,1,STALE,2026-09-03T08:48:00+00:00,2026-09-03T12:29:00+00:00
SHP-1484,SELLER-197,WH-028,CAR-076,Jaipur,Chennai,PICKED_UP,2,0,0,0,STALE,2026-09-01T19:00:00+00:00,2026-09-01T19:45:00+00:00
SHP-1485,SELLER-484,WH-020,CAR-055,Mumbai,Hyderabad,CREATED,1,0,0,0,STALE,2026-09-07T04:38:00+00:00,2026-09-07T04:38:00+00:00
SHP-1486,SELLER-419,WH-013,CAR-001,Jaipur,Ahmedabad,CREATED,1,0,0,0,STALE,2026-09-01T02:10:00+00:00,2026-09-01T02:10:00+00:00
SHP-1487,SELLER-392,WH-015,CAR-072,Delhi,Jaipur,OUT_FOR_DELIVERY,4,0,0,0,STALE,2026-09-06T08:06:00+00:00,2026-09-06T15:27:00+00:00
SHP-1488,SELLER-400,WH-039,CAR-008,Bengaluru,Jaipur,DELIVERED,5,0,0,0,STALE,2026-09-02T15:59:00+00:00,2026-09-03T01:07:00+00:00
SHP-1489,SELLER-435,WH-045,CAR-085,Ahmedabad,Jaipur,CREATED,1,0,0,0,STALE,2026-09-05T20:39:00+00:00,2026-09-05T20:39:00+00:00
SHP-1490,SELLER-348,WH-038,CAR-075,Ahmedabad,Mumbai,IN_TRANSIT,3,0,0,0,STALE,2026-09-07T22:32:00+00:00,2026-09-08T04:02:00+00:00
SHP-1491,SELLER-349,WH-025,CAR-068,Chennai,Hyderabad,PICKED_UP,2,0,0,0,STALE,2026-09-04T00:38:00+00:00,2026-09-04T01:12:00+00:00
SHP-1492,SELLER-422,WH-019,CAR-018,Pune,Kolkata,PICKED_UP,2,0,0,0,STALE,2026-09-06T05:18:00+00:00,2026-09-06T06:39:00+00:00
SHP-1493,SELLER-297,WH-005,CAR-098,Hyderabad,Chennai,CANCELLED,2,0,0,0,STALE,2026-09-01T03:37:00+00:00,2026-09-01T04:12:00+00:00
SHP-1494,SELLER-216,WH-004,CAR-098,Mumbai,Pune,IN_TRANSIT,3,0,0,0,STALE,2026-09-07T16:13:00+00:00,2026-09-07T18:53:00+00:00
SHP-1495,SELLER-425,WH-010,CAR-054,Bengaluru,Mumbai,IN_TRANSIT,3,0,0,0,STALE,2026-09-02T12:44:00+00:00,2026-09-02T19:42:00+00:00
SHP-1496,SELLER-285,WH-014,CAR-029,Kolkata,Hyderabad,IN_TRANSIT,3,0,0,0,STALE,2026-09-03T08:31:00+00:00,2026-09-03T16:58:00+00:00
SHP-1497,SELLER-419,WH-017,CAR-050,Chennai,Surat,DELIVERED,5,0,0,0,STALE,2026-09-05T09:46:00+00:00,2026-09-05T19:06:00+00:00
SHP-1498,SELLER-276,WH-022,CAR-034,Surat,Delhi,CANCELLED,2,0,0,1,STALE,2026-09-06T16:00:00+00:00,2026-09-06T17:44:00+00:00
SHP-1499,SELLER-377,WH-044,CAR-085,Delhi,Bengaluru,IN_TRANSIT,3,1,0,0,STALE,2026-09-01T13:33:00+00:00,2026-09-01T17:04:00+00:00
SHP-1500,SELLER-174,WH-018,CAR-027,Delhi,Jaipur,DELIVERED,5,0,0,0,STALE,2026-09-05T13:24:00+00:00,2026-09-05T20:54:00+00:00
SHP-1501,SELLER-416,WH-001,CAR-012,Bengaluru,Mumbai,OUT_FOR_DELIVERY,4,0,0,0,STALE,2026-09-07T16:55:00+00:00,2026-09-08T02:45:00+00:00
SHP-1502,SELLER-089,WH-034,CAR-083,Chennai,Pune,OUT_FOR_DELIVERY,4,0,0,0,STALE,2026-09-04T04:05:00+00:00,2026-09-04T11:25:00+00:00
SHP-1503,SELLER-228,WH-027,CAR-055,Mumbai,Hyderabad,OUT_FOR_DELIVERY,4,0,0,0,STALE,2026-09-05T11:33:00+00:00,2026-09-05T18:50:00+00:00
SHP-1504,SELLER-179,WH-049,CAR-074,Hyderabad,Jaipur,DELIVERED,5,0,0,0,STALE,2026-09-03T22:01:00+00:00,2026-09-04T03:48:00+00:00
SHP-1505,SELLER-255,WH-013,CAR-078,Ahmedabad,Surat,PICKED_UP,2,0,0,0,STALE,2026-09-02T14:05:00+00:00,2026-09-02T16:57:00+00:00
SHP-1506,SELLER-342,WH-028,CAR-078,Chennai,Jaipur,CANCELLED,2,0,0,0,STALE,2026-09-05T01:12:00+00:00,2026-09-05T02:08:00+00:00
SHP-1507,SELLER-444,WH-007,CAR-066,Ahmedabad,Jaipur,IN_TRANSIT,3,0,0,0,STALE,2026-09-02T10:12:00+00:00,2026-09-02T17:41:00+00:00
SHP-1508,SELLER-342,WH-023,CAR-004,Mumbai,Ahmedabad,DELIVERED,5,0,0,0,STALE,2026-09-02T20:05:00+00:00,2026-09-03T07:59:00+00:00
SHP-1509,SELLER-230,WH-042,CAR-051,Mumbai,Ahmedabad,CANCELLED,2,0,0,0,STALE,2026-09-04T16:42:00+00:00,2026-09-04T17:59:00+00:00
SHP-1510,SELLER-366,WH-035,CAR-078,Bengaluru,Jaipur,PICKED_UP,2,0,0,0,STALE,2026-09-07T15:23:00+00:00,2026-09-07T17:14:00+00:00
SHP-1511,SELLER-319,WH-031,CAR-062,Ahmedabad,Delhi,IN_TRANSIT,3,0,0,0,FRESH,2026-09-07T20:43:00+00:00,2026-09-08T04:35:00+00:00
SHP-1512,SELLER-016,WH-005,CAR-091,Hyderabad,Mumbai,OUT_FOR_DELIVERY,4,0,0,0,STALE,2026-09-02T05:51:00+00:00,2026-09-02T12:25:00+00:00
SHP-1513,SELLER-273,WH-029,CAR-011,Mumbai,Kolkata,IN_TRANSIT,3,0,0,0,STALE,2026-09-01T10:45:00+00:00,2026-09-01T16:01:00+00:00
SHP-1514,SELLER-093,WH-034,CAR-058,Jaipur,Ahmedabad,PICKED_UP,2,0,0,0,STALE,2026-09-06T06:26:00+00:00,2026-09-06T07:55:00+00:00
SHP-1515,SELLER-010,WH-008,CAR-014,Delhi,Pune,IN_TRANSIT,3,0,0,0,STALE,2026-09-01T17:25:00+00:00,2026-09-02T01:27:00+00:00
SHP-1516,SELLER-308,WH-023,CAR-020,Delhi,Chennai,PICKED_UP,2,1,0,0,STALE,2026-09-03T03:37:00+00:00,2026-09-03T05:00:00+00:00
SHP-1517,SELLER-087,WH-003,CAR-002,Ahmedabad,Chennai,CREATED,1,0,0,0,STALE,2026-09-02T13:09:00+00:00,2026-09-02T13:09:00+00:00
SHP-1518,SELLER-403,WH-012,CAR-050,Pune,Delhi,PICKED_UP,2,0,0,0,STALE,2026-09-07T12:47:00+00:00,2026-09-07T14:50:00+00:00
SHP-1519,SELLER-013,WH-045,CAR-042,Ahmedabad,Mumbai,DELIVERED,5,0,0,0,STALE,2026-09-04T03:39:00+00:00,2026-09-04T15:26:00+00:00
SHP-1520,SELLER-130,WH-024,CAR-029,Hyderabad,Pune,OUT_FOR_DELIVERY,4,0,0,0,STALE,2026-09-04T04:38:00+00:00,2026-09-04T13:06:00+00:00
SHP-1521,SELLER-403,WH-019,CAR-072,Chennai,Pune,OUT_FOR_DELIVERY,4,0,0,0,STALE,2026-09-05T21:08:00+00:00,2026-09-06T04:04:00+00:00
SHP-1522,SELLER-187,WH-034,CAR-061,Bengaluru,Surat,DELIVERED,5,0,0,0,STALE,2026-09-04T07:23:00+00:00,2026-09-04T17:34:00+00:00
SHP-1523,SELLER-013,WH-049,CAR-093,Hyderabad,Pune,OUT_FOR_DELIVERY,4,0,0,0,STALE,2026-09-05T02:37:00+00:00,2026-09-05T06:39:00+00:00
SHP-1524,SELLER-024,WH-045,CAR-060,Ahmedabad,Chennai,DELIVERED,5,0,0,0,STALE,2026-09-06T13:48:00+00:00,2026-09-06T18:58:00+00:00
SHP-1525,SELLER-180,WH-008,CAR-046,Bengaluru,Chennai,OUT_FOR_DELIVERY,4,0,0,1,STALE,2026-09-01T01:19:00+00:00,2026-09-01T07:38:00+00:00
SHP-1526,SELLER-136,WH-050,CAR-088,Chennai,Hyderabad,OUT_FOR_DELIVERY,4,0,0,0,STALE,2026-09-04T18:16:00+00:00,2026-09-04T23:50:00+00:00
SHP-1527,SELLER-095,WH-030,CAR-034,Delhi,Surat,IN_TRANSIT,3,0,0,0,STALE,2026-09-05T07:50:00+00:00,2026-09-05T12:42:00+00:00
SHP-1528,SELLER-347,WH-023,CAR-045,Hyderabad,Pune,DELIVERED,5,0,0,0,STALE,2026-09-03T22:52:00+00:00,2026-09-04T07:25:00+00:00
SHP-1529,SELLER-387,WH-044,CAR-029,Ahmedabad,Bengaluru,DELIVERED,5,0,0,0,STALE,2026-09-05T18:06:00+00:00,2026-09-06T02:28:00+00:00
SHP-1530,SELLER-426,WH-031,CAR-048,Pune,Delhi,OUT_FOR_DELIVERY,4,0,0,0,STALE,2026-09-03T22:16:00+00:00,2026-09-04T02:33:00+00:00
SHP-1531,SELLER-293,WH-015,CAR-011,Surat,Pune,PICKED_UP,2,0,0,0,STALE,2026-09-03T16:08:00+00:00,2026-09-03T18:04:00+00:00
SHP-1532,SELLER-031,WH-020,CAR-043,Bengaluru,Pune,OUT_FOR_DELIVERY,4,0,0,0,STALE,2026-09-07T17:09:00+00:00,2026-09-08T00:14:00+00:00
SHP-1533,SELLER-111,WH-018,CAR-030,Jaipur,Surat,IN_TRANSIT,3,0,0,0,STALE,2026-09-01T10:30:00+00:00,2026-09-01T15:25:00+00:00
SHP-1534,SELLER-418,WH-016,CAR-052,Hyderabad,Pune,CREATED,1,0,0,0,STALE,2026-09-02T15:31:00+00:00,2026-09-02T15:31:00+00:00
SHP-1535,SELLER-090,WH-047,CAR-031,Mumbai,Hyderabad,PICKED_UP,2,0,0,0,STALE,2026-09-06T08:43:00+00:00,2026-09-06T10:47:00+00:00
SHP-1536,SELLER-033,WH-008,CAR-092,Kolkata,Hyderabad,IN_TRANSIT,3,0,0,0,STALE,2026-09-04T05:53:00+00:00,2026-09-04T10:45:00+00:00
SHP-1537,SELLER-191,WH-015,CAR-011,Bengaluru,Chennai,OUT_FOR_DELIVERY,4,0,0,0,STALE,2026-09-07T15:48:00+00:00,2026-09-08T02:41:00+00:00
SHP-1538,SELLER-065,WH-025,CAR-044,Mumbai,Jaipur,PICKED_UP,2,0,0,0,STALE,2026-09-02T20:09:00+00:00,2026-09-02T21:07:00+00:00
SHP-1539,SELLER-381,WH-004,CAR-094,Jaipur,Ahmedabad,PICKED_UP,2,0,0,0,STALE,2026-09-02T18:29:00+00:00,2026-09-02T19:24:00+00:00
SHP-1540,SELLER-039,WH-021,CAR-057,Chennai,Jaipur,IN_TRANSIT,3,0,0,0,STALE,2026-09-06T12:10:00+00:00,2026-09-06T17:55:00+00:00
SHP-1541,SELLER-178,WH-039,CAR-095,Surat,Mumbai,IN_TRANSIT,3,0,0,0,STALE,2026-09-03T05:39:00+00:00,2026-09-03T09:44:00+00:00
SHP-1542,SELLER-194,WH-048,CAR-067,Chennai,Surat,IN_TRANSIT,3,0,0,0,STALE,2026-09-01T09:20:00+00:00,2026-09-01T14:50:00+00:00
SHP-1543,SELLER-204,WH-004,CAR-031,Bengaluru,Kolkata,CREATED,1,0,0,0,STALE,2026-09-03T08:10:00+00:00,2026-09-03T08:10:00+00:00
SHP-1544,SELLER-209,WH-044,CAR-089,Ahmedabad,Kolkata,PICKED_UP,2,0,0,0,STALE,2026-09-01T18:47:00+00:00,2026-09-01T19:54:00+00:00
SHP-1545,SELLER-023,WH-005,CAR-032,Jaipur,Delhi,IN_TRANSIT,3,0,0,0,STALE,2026-09-01T19:34:00+00:00,2026-09-01T23:15:00+00:00
SHP-1546,SELLER-002,WH-007,CAR-031,Jaipur,Surat,PICKED_UP,2,0,0,0,STALE,2026-09-03T16:27:00+00:00,2026-09-03T17:05:00+00:00
SHP-1547,SELLER-040,WH-049,CAR-087,Pune,Surat,CREATED,1,0,0,0,STALE,2026-09-05T16:15:00+00:00,2026-09-05T16:15:00+00:00
SHP-1548,SELLER-213,WH-001,CAR-031,Jaipur,Mumbai,IN_TRANSIT,3,0,0,0,STALE,2026-09-06T10:46:00+00:00,2026-09-06T16:29:00+00:00
SHP-1549,SELLER-024,WH-003,CAR-003,Kolkata,Delhi,CREATED,1,0,0,0,STALE,2026-09-02T03:13:00+00:00,2026-09-02T03:13:00+00:00
SHP-1550,SELLER-495,WH-031,CAR-002,Ahmedabad,Mumbai,IN_TRANSIT,3,0,0,0,STALE,2026-09-04T01:27:00+00:00,2026-09-04T09:02:00+00:00
SHP-1551,SELLER-235,WH-001,CAR-068,Kolkata,Mumbai,OUT_FOR_DELIVERY,4,0,0,0,STALE,2026-09-07T15:30:00+00:00,2026-09-08T00:50:00+00:00
SHP-1552,SELLER-174,WH-025,CAR-015,Surat,Delhi,IN_TRANSIT,3,0,0,0,STALE,2026-09-06T16:07:00+00:00,2026-09-06T22:53:00+00:00
SHP-1553,SELLER-434,WH-028,CAR-031,Surat,Kolkata,IN_TRANSIT,3,0,0,0,STALE,2026-09-02T12:43:00+00:00,2026-09-02T16:02:00+00:00
SHP-1554,SELLER-235,WH-007,CAR-026,Jaipur,Surat,IN_TRANSIT,3,0,0,0,STALE,2026-09-04T06:13:00+00:00,2026-09-04T10:52:00+00:00
SHP-1555,SELLER-404,WH-026,CAR-049,Delhi,Jaipur,IN_TRANSIT,3,0,0,0,STALE,2026-09-03T11:38:00+00:00,2026-09-03T17:56:00+00:00
SHP-1556,SELLER-344,WH-007,CAR-048,Delhi,Kolkata,IN_TRANSIT,3,0,0,0,STALE,2026-09-02T06:46:00+00:00,2026-09-02T13:29:00+00:00
SHP-1557,SELLER-129,WH-025,CAR-041,Pune,Surat,DELIVERED,5,0,1,0,STALE,2026-09-05T09:48:00+00:00,2026-09-05T21:43:00+00:00
SHP-1558,SELLER-472,WH-042,CAR-030,Pune,Chennai,OUT_FOR_DELIVERY,4,0,0,0,STALE,2026-09-01T21:30:00+00:00,2026-09-02T05:03:00+00:00
SHP-1559,SELLER-115,WH-018,CAR-009,Bengaluru,Kolkata,CREATED,1,0,0,0,STALE,2026-09-02T15:38:00+00:00,2026-09-02T15:38:00+00:00
SHP-1560,SELLER-049,WH-006,CAR-070,Ahmedabad,Delhi,CREATED,1,0,0,0,STALE,2026-09-02T18:50:00+00:00,2026-09-02T18:50:00+00:00
SHP-1561,SELLER-246,WH-008,CAR-067,Chennai,Bengaluru,CREATED,1,0,0,0,STALE,2026-09-02T07:11:00+00:00,2026-09-02T07:11:00+00:00
SHP-1562,SELLER-357,WH-038,CAR-099,Pune,Bengaluru,DELIVERED,5,0,0,0,STALE,2026-09-06T11:11:00+00:00,2026-09-06T22:49:00+00:00
SHP-1563,SELLER-162,WH-011,CAR-018,Mumbai,Jaipur,CREATED,1,0,0,0,STALE,2026-09-04T04:13:00+00:00,2026-09-04T04:13:00+00:00
SHP-1564,SELLER-438,WH-027,CAR-043,Pune,Kolkata,IN_TRANSIT,3,0,0,0,STALE,2026-09-02T01:55:00+00:00,2026-09-02T09:53:00+00:00
SHP-1565,SELLER-125,WH-007,CAR-053,Chennai,Mumbai,PICKED_UP,2,0,0,0,STALE,2026-09-06T05:52:00+00:00,2026-09-06T07:52:00+00:00
SHP-1566,SELLER-213,WH-007,CAR-054,Surat,Hyderabad,IN_TRANSIT,3,0,0,0,STALE,2026-09-03T11:30:00+00:00,2026-09-03T17:11:00+00:00
SHP-1567,SELLER-455,WH-038,CAR-007,Pune,Surat,DELIVERED,5,1,0,0,STALE,2026-09-02T21:31:00+00:00,2026-09-03T05:12:00+00:00
SHP-1568,SELLER-411,WH-045,CAR-025,Pune,Mumbai,DELIVERED,5,0,0,0,STALE,2026-09-03T18:06:00+00:00,2026-09-04T00:54:00+00:00
SHP-1569,SELLER-308,WH-023,CAR-096,Hyderabad,Pune,IN_TRANSIT,3,0,0,0,STALE,2026-09-04T18:54:00+00:00,2026-09-05T02:21:00+00:00
SHP-1570,SELLER-436,WH-018,CAR-094,Chennai,Delhi,CREATED,1,0,0,0,STALE,2026-09-04T15:58:00+00:00,2026-09-04T15:58:00+00:00
SHP-1571,SELLER-055,WH-029,CAR-035,Mumbai,Chennai,PICKED_UP,2,0,0,0,STALE,2026-09-01T18:13:00+00:00,2026-09-01T20:49:00+00:00
SHP-1572,SELLER-055,WH-046,CAR-024,Chennai,Ahmedabad,DELIVERED,5,0,0,0,STALE,2026-09-02T09:10:00+00:00,2026-09-02T16:19:00+00:00
SHP-1573,SELLER-398,WH-004,CAR-078,Chennai,Bengaluru,DELIVERED,5,0,0,0,STALE,2026-09-06T08:25:00+00:00,2026-09-06T15:46:00+00:00
SHP-1574,SELLER-070,WH-041,CAR-036,Bengaluru,Surat,CANCELLED,2,0,0,0,STALE,2026-09-07T21:18:00+00:00,2026-09-07T22:15:00+00:00
SHP-1575,SELLER-169,WH-042,CAR-098,Mumbai,Ahmedabad,IN_TRANSIT,3,0,0,0,STALE,2026-09-01T17:34:00+00:00,2026-09-01T23:35:00+00:00
SHP-1576,SELLER-070,WH-008,CAR-062,Chennai,Kolkata,DELIVERED,5,0,0,0,STALE,2026-09-03T01:13:00+00:00,2026-09-03T09:18:00+00:00
SHP-1577,SELLER-095,WH-047,CAR-031,Pune,Kolkata,PICKED_UP,2,0,0,0,STALE,2026-09-01T03:56:00+00:00,2026-09-01T06:45:00+00:00
SHP-1578,SELLER-087,WH-019,CAR-098,Jaipur,Hyderabad,PICKED_UP,2,0,0,0,STALE,2026-09-01T08:24:00+00:00,2026-09-01T10:05:00+00:00
SHP-1579,SELLER-358,WH-039,CAR-040,Ahmedabad,Pune,IN_TRANSIT,3,0,0,0,STALE,2026-09-02T00:48:00+00:00,2026-09-02T06:49:00+00:00
SHP-1580,SELLER-146,WH-007,CAR-040,Ahmedabad,Kolkata,PICKED_UP,2,0,0,0,STALE,2026-09-07T03:13:00+00:00,2026-09-07T03:59:00+00:00
SHP-1581,SELLER-426,WH-041,CAR-018,Hyderabad,Pune,CANCELLED,2,0,0,0,STALE,2026-09-01T15:14:00+00:00,2026-09-01T16:29:00+00:00
SHP-1582,SELLER-400,WH-005,CAR-004,Chennai,Pune,IN_TRANSIT,3,0,0,0,STALE,2026-09-04T00:57:00+00:00,2026-09-04T06:23:00+00:00
SHP-1583,SELLER-196,WH-028,CAR-075,Pune,Delhi,OUT_FOR_DELIVERY,4,0,0,0,STALE,2026-09-07T11:36:00+00:00,2026-09-07T16:41:00+00:00
SHP-1584,SELLER-407,WH-015,CAR-040,Delhi,Kolkata,OUT_FOR_DELIVERY,4,0,0,0,STALE,2026-09-02T16:37:00+00:00,2026-09-02T21:59:00+00:00
SHP-1585,SELLER-310,WH-015,CAR-031,Hyderabad,Chennai,IN_TRANSIT,3,0,0,0,STALE,2026-09-02T03:59:00+00:00,2026-09-02T11:25:00+00:00
SHP-1586,SELLER-090,WH-019,CAR-032,Jaipur,Delhi,IN_TRANSIT,3,0,0,0,STALE,2026-09-02T12:28:00+00:00,2026-09-02T15:33:00+00:00
SHP-1587,SELLER-389,WH-036,CAR-082,Jaipur,Kolkata,IN_TRANSIT,3,0,0,0,STALE,2026-09-06T10:57:00+00:00,2026-09-06T17:06:00+00:00
SHP-1588,SELLER-308,WH-007,CAR-061,Pune,Kolkata,CREATED,1,0,0,0,STALE,2026-09-06T05:02:00+00:00,2026-09-06T05:02:00+00:00
SHP-1589,SELLER-411,WH-036,CAR-067,Chennai,Bengaluru,CREATED,1,0,0,0,STALE,2026-09-07T17:37:00+00:00,2026-09-07T17:37:00+00:00
SHP-1590,SELLER-175,WH-018,CAR-018,Jaipur,Surat,DELIVERED,5,0,0,0,STALE,2026-09-03T09:57:00+00:00,2026-09-03T20:56:00+00:00
SHP-1591,SELLER-234,WH-002,CAR-053,Mumbai,Jaipur,OUT_FOR_DELIVERY,4,0,0,0,STALE,2026-09-01T06:04:00+00:00,2026-09-01T12:40:00+00:00
SHP-1592,SELLER-408,WH-046,CAR-058,Mumbai,Pune,IN_TRANSIT,3,0,0,0,STALE,2026-09-05T01:53:00+00:00,2026-09-05T09:50:00+00:00
SHP-1593,SELLER-352,WH-007,CAR-050,Ahmedabad,Hyderabad,PICKED_UP,2,0,0,0,STALE,2026-09-03T01:20:00+00:00,2026-09-03T03:02:00+00:00
SHP-1594,SELLER-223,WH-037,CAR-067,Kolkata,Bengaluru,DELIVERED,5,0,0,0,STALE,2026-09-04T03:58:00+00:00,2026-09-04T13:33:00+00:00
SHP-1595,SELLER-462,WH-012,CAR-072,Pune,Mumbai,IN_TRANSIT,3,0,0,0,STALE,2026-09-07T02:39:00+00:00,2026-09-07T05:08:00+00:00
SHP-1596,SELLER-442,WH-044,CAR-031,Jaipur,Kolkata,DELIVERED,5,0,0,0,STALE,2026-09-06T13:56:00+00:00,2026-09-06T20:54:00+00:00
SHP-1597,SELLER-441,WH-036,CAR-007,Pune,Chennai,PICKED_UP,2,0,0,0,STALE,2026-09-04T23:47:00+00:00,2026-09-05T00:21:00+00:00
SHP-1598,SELLER-436,WH-049,CAR-019,Ahmedabad,Surat,IN_TRANSIT,3,0,0,0,STALE,2026-09-07T20:08:00+00:00,2026-09-08T00:29:00+00:00
SHP-1599,SELLER-445,WH-046,CAR-063,Ahmedabad,Kolkata,IN_TRANSIT,3,0,0,0,STALE,2026-09-06T09:39:00+00:00,2026-09-06T13:43:00+00:00
SHP-1600,SELLER-349,WH-019,CAR-028,Surat,Hyderabad,IN_TRANSIT,3,0,0,0,STALE,2026-09-07T19:13:00+00:00,2026-09-07T23:02:00+00:00
SHP-1601,SELLER-348,WH-027,CAR-012,Ahmedabad,Bengaluru,IN_TRANSIT,3,0,0,0,STALE,2026-09-03T12:01:00+00:00,2026-09-03T19:04:00+00:00
SHP-1602,SELLER-199,WH-016,CAR-051,Ahmedabad,Surat,PICKED_UP,2,0,0,0,STALE,2026-09-01T11:14:00+00:00,2026-09-01T14:05:00+00:00
SHP-1603,SELLER-136,WH-032,CAR-099,Kolkata,Hyderabad,OUT_FOR_DELIVERY,4,0,0,0,STALE,2026-09-03T17:22:00+00:00,2026-09-03T23:44:00+00:00
SHP-1604,SELLER-200,WH-030,CAR-054,Jaipur,Ahmedabad,PICKED_UP,2,0,0,0,STALE,2026-09-04T00:24:00+00:00,2026-09-04T00:59:00+00:00
SHP-1605,SELLER-042,WH-020,CAR-077,Ahmedabad,Kolkata,PICKED_UP,2,0,0,0,STALE,2026-09-02T00:06:00+00:00,2026-09-02T01:57:00+00:00
SHP-1606,SELLER-107,WH-004,CAR-080,Surat,Bengaluru,OUT_FOR_DELIVERY,4,0,0,0,STALE,2026-09-01T12:42:00+00:00,2026-09-01T20:39:00+00:00
SHP-1607,SELLER-126,WH-034,CAR-043,Pune,Kolkata,PICKED_UP,2,0,0,0,STALE,2026-09-03T01:13:00+00:00,2026-09-03T02:16:00+00:00
SHP-1608,SELLER-469,WH-043,CAR-098,Bengaluru,Mumbai,PICKED_UP,2,0,0,0,STALE,2026-09-01T07:53:00+00:00,2026-09-01T08:43:00+00:00
SHP-1609,SELLER-300,WH-049,CAR-086,Kolkata,Ahmedabad,CREATED,1,0,0,0,STALE,2026-09-07T19:50:00+00:00,2026-09-07T19:50:00+00:00
SHP-1610,SELLER-257,WH-037,CAR-076,Pune,Kolkata,CANCELLED,2,0,0,0,STALE,2026-09-01T23:41:00+00:00,2026-09-02T00:37:00+00:00
SHP-1611,SELLER-493,WH-029,CAR-036,Pune,Ahmedabad,CREATED,1,0,0,0,STALE,2026-09-04T11:40:00+00:00,2026-09-04T11:40:00+00:00
SHP-1612,SELLER-230,WH-028,CAR-012,Jaipur,Pune,IN_TRANSIT,3,0,0,0,STALE,2026-09-01T00:00:00+00:00,2026-09-01T06:44:00+00:00
SHP-1613,SELLER-009,WH-048,CAR-048,Delhi,Pune,IN_TRANSIT,3,0,1,1,STALE,2026-09-07T19:56:00+00:00,2026-09-08T00:25:00+00:00
SHP-1614,SELLER-093,WH-037,CAR-091,Delhi,Jaipur,IN_TRANSIT,3,0,0,0,STALE,2026-09-04T06:02:00+00:00,2026-09-04T13:25:00+00:00
SHP-1615,SELLER-035,WH-017,CAR-008,Kolkata,Mumbai,PICKED_UP,2,0,0,0,STALE,2026-09-02T00:05:00+00:00,2026-09-02T02:14:00+00:00
SHP-1616,SELLER-445,WH-016,CAR-028,Jaipur,Mumbai,PICKED_UP,2,0,0,0,STALE,2026-09-06T16:37:00+00:00,2026-09-06T17:49:00+00:00
SHP-1617,SELLER-066,WH-001,CAR-025,Kolkata,Hyderabad,PICKED_UP,2,0,0,0,STALE,2026-09-01T04:33:00+00:00,2026-09-01T06:00:00+00:00
SHP-1618,SELLER-183,WH-006,CAR-069,Pune,Ahmedabad,PICKED_UP,2,0,0,0,STALE,2026-09-06T15:41:00+00:00,2026-09-06T17:28:00+00:00
SHP-1619,SELLER-040,WH-033,CAR-087,Chennai,Bengaluru,CREATED,1,0,0,0,STALE,2026-09-06T20:23:00+00:00,2026-09-06T20:23:00+00:00
SHP-1620,SELLER-101,WH-018,CAR-054,Kolkata,Surat,DELIVERED,5,0,0,0,STALE,2026-09-04T23:22:00+00:00,2026-09-05T07:59:00+00:00
SHP-1621,SELLER-362,WH-044,CAR-010,Delhi,Surat,DELIVERED,5,0,0,0,STALE,2026-09-04T18:11:00+00:00,2026-09-05T03:41:00+00:00
SHP-1622,SELLER-047,WH-036,CAR-092,Bengaluru,Mumbai,CANCELLED,2,0,0,0,STALE,2026-09-07T01:30:00+00:00,2026-09-07T03:06:00+00:00
SHP-1623,SELLER-311,WH-012,CAR-040,Delhi,Mumbai,OUT_FOR_DELIVERY,4,0,0,0,STALE,2026-09-05T05:01:00+00:00,2026-09-05T15:49:00+00:00
SHP-1624,SELLER-464,WH-013,CAR-038,Mumbai,Delhi,PICKED_UP,2,0,0,0,STALE,2026-09-05T13:39:00+00:00,2026-09-05T14:59:00+00:00
SHP-1625,SELLER-101,WH-004,CAR-009,Kolkata,Chennai,CREATED,1,0,0,0,STALE,2026-09-01T16:04:00+00:00,2026-09-01T16:04:00+00:00
SHP-1626,SELLER-152,WH-001,CAR-058,Ahmedabad,Surat,CREATED,1,0,0,0,STALE,2026-09-02T03:15:00+00:00,2026-09-02T03:15:00+00:00
SHP-1627,SELLER-316,WH-048,CAR-053,Kolkata,Surat,PICKED_UP,2,0,0,0,STALE,2026-09-04T13:25:00+00:00,2026-09-04T15:51:00+00:00
SHP-1628,SELLER-384,WH-020,CAR-042,Hyderabad,Mumbai,OUT_FOR_DELIVERY,4,0,0,0,STALE,2026-09-03T02:10:00+00:00,2026-09-03T08:39:00+00:00
SHP-1629,SELLER-470,WH-047,CAR-014,Bengaluru,Ahmedabad,DELIVERED,5,0,0,1,STALE,2026-09-05T08:25:00+00:00,2026-09-05T17:49:00+00:00
SHP-1630,SELLER-214,WH-033,CAR-017,Delhi,Mumbai,IN_TRANSIT,3,0,0,0,STALE,2026-09-06T16:19:00+00:00,2026-09-07T00:22:00+00:00
SHP-1631,SELLER-100,WH-041,CAR-035,Ahmedabad,Mumbai,OUT_FOR_DELIVERY,4,0,0,0,STALE,2026-09-01T03:02:00+00:00,2026-09-01T13:18:00+00:00
SHP-1632,SELLER-361,WH-013,CAR-021,Delhi,Bengaluru,CREATED,1,0,0,0,STALE,2026-09-06T06:30:00+00:00,2026-09-06T06:30:00+00:00
SHP-1633,SELLER-287,WH-022,CAR-079,Ahmedabad,Delhi,PICKED_UP,2,0,0,0,STALE,2026-09-03T04:15:00+00:00,2026-09-03T06:43:00+00:00
SHP-1634,SELLER-152,WH-022,CAR-024,Bengaluru,Pune,OUT_FOR_DELIVERY,4,1,0,0,STALE,2026-09-06T19:44:00+00:00,2026-09-07T02:49:00+00:00
SHP-1635,SELLER-007,WH-027,CAR-046,Hyderabad,Jaipur,PICKED_UP,2,0,0,1,STALE,2026-09-05T12:59:00+00:00,2026-09-05T14:56:00+00:00
SHP-1636,SELLER-043,WH-041,CAR-065,Surat,Jaipur,PICKED_UP,2,0,0,1,STALE,2026-09-05T11:04:00+00:00,2026-09-05T12:26:00+00:00
SHP-1637,SELLER-431,WH-023,CAR-056,Delhi,Hyderabad,IN_TRANSIT,3,0,0,0,STALE,2026-09-06T14:23:00+00:00,2026-09-06T21:00:00+00:00
SHP-1638,SELLER-122,WH-005,CAR-027,Pune,Bengaluru,IN_TRANSIT,3,0,1,0,STALE,2026-09-02T10:56:00+00:00,2026-09-02T14:10:00+00:00
SHP-1639,SELLER-144,WH-031,CAR-076,Hyderabad,Jaipur,DELIVERED,5,0,0,0,STALE,2026-09-01T21:44:00+00:00,2026-09-02T04:31:00+00:00
SHP-1640,SELLER-149,WH-020,CAR-010,Surat,Mumbai,PICKED_UP,2,0,0,0,STALE,2026-09-07T09:50:00+00:00,2026-09-07T11:52:00+00:00
SHP-1641,SELLER-302,WH-023,CAR-012,Pune,Jaipur,PICKED_UP,2,0,0,0,STALE,2026-09-01T15:22:00+00:00,2026-09-01T17:16:00+00:00
SHP-1642,SELLER-253,WH-001,CAR-072,Hyderabad,Surat,OUT_FOR_DELIVERY,4,0,0,0,STALE,2026-09-05T14:19:00+00:00,2026-09-05T22:39:00+00:00
SHP-1643,SELLER-096,WH-011,CAR-068,Delhi,Surat,DELIVERED,5,0,0,0,STALE,2026-09-02T06:15:00+00:00,2026-09-02T16:29:00+00:00
SHP-1644,SELLER-258,WH-002,CAR-079,Pune,Hyderabad,PICKED_UP,2,0,0,0,STALE,2026-09-07T06:38:00+00:00,2026-09-07T09:10:00+00:00
SHP-1645,SELLER-426,WH-037,CAR-061,Kolkata,Delhi,CREATED,1,0,0,0,STALE,2026-09-05T01:35:00+00:00,2026-09-05T01:35:00+00:00
SHP-1646,SELLER-042,WH-031,CAR-042,Kolkata,Pune,IN_TRANSIT,3,0,0,0,STALE,2026-09-02T19:19:00+00:00,2026-09-02T23:38:00+00:00
SHP-1647,SELLER-198,WH-044,CAR-021,Pune,Jaipur,PICKED_UP,2,0,0,0,STALE,2026-09-02T08:51:00+00:00,2026-09-02T11:27:00+00:00
SHP-1648,SELLER-209,WH-023,CAR-041,Mumbai,Pune,OUT_FOR_DELIVERY,4,0,0,0,STALE,2026-09-05T23:00:00+00:00,2026-09-06T04:51:00+00:00
SHP-1649,SELLER-259,WH-012,CAR-008,Mumbai,Ahmedabad,OUT_FOR_DELIVERY,4,0,0,0,STALE,2026-09-01T10:16:00+00:00,2026-09-01T18:50:00+00:00
SHP-1650,SELLER-396,WH-043,CAR-077,Delhi,Jaipur,IN_TRANSIT,3,0,0,0,STALE,2026-09-07T07:05:00+00:00,2026-09-07T11:25:00+00:00
SHP-1651,SELLER-141,WH-001,CAR-027,Chennai,Kolkata,IN_TRANSIT,3,0,0,0,STALE,2026-09-01T19:39:00+00:00,2026-09-02T02:34:00+00:00
SHP-1652,SELLER-249,WH-007,CAR-045,Kolkata,Hyderabad,PICKED_UP,2,0,0,0,STALE,2026-09-01T04:18:00+00:00,2026-09-01T05:50:00+00:00
SHP-1653,SELLER-456,WH-028,CAR-063,Hyderabad,Ahmedabad,IN_TRANSIT,3,0,0,1,STALE,2026-09-02T13:37:00+00:00,2026-09-02T18:14:00+00:00
SHP-1654,SELLER-354,WH-010,CAR-091,Jaipur,Kolkata,IN_TRANSIT,3,0,0,0,STALE,2026-09-02T17:55:00+00:00,2026-09-03T00:00:00+00:00
SHP-1655,SELLER-441,WH-002,CAR-087,Ahmedabad,Jaipur,PICKED_UP,2,0,0,0,STALE,2026-09-04T15:23:00+00:00,2026-09-04T16:28:00+00:00
SHP-1656,SELLER-134,WH-014,CAR-078,Kolkata,Ahmedabad,IN_TRANSIT,3,0,0,0,STALE,2026-09-06T19:48:00+00:00,2026-09-06T22:42:00+00:00
SHP-1657,SELLER-401,WH-037,CAR-090,Surat,Mumbai,IN_TRANSIT,3,0,0,0,STALE,2026-09-01T17:39:00+00:00,2026-09-01T23:33:00+00:00
SHP-1658,SELLER-310,WH-050,CAR-022,Kolkata,Chennai,OUT_FOR_DELIVERY,4,0,0,0,STALE,2026-09-05T21:16:00+00:00,2026-09-06T08:20:00+00:00
SHP-1659,SELLER-180,WH-025,CAR-100,Kolkata,Bengaluru,IN_TRANSIT,3,0,0,0,STALE,2026-09-05T02:45:00+00:00,2026-09-05T07:19:00+00:00
SHP-1660,SELLER-222,WH-035,CAR-061,Ahmedabad,Mumbai,PICKED_UP,2,0,0,0,STALE,2026-09-05T16:06:00+00:00,2026-09-05T17:20:00+00:00
SHP-1661,SELLER-137,WH-050,CAR-079,Bengaluru,Jaipur,IN_TRANSIT,3,0,0,0,STALE,2026-09-03T17:48:00+00:00,2026-09-03T20:49:00+00:00
SHP-1662,SELLER-487,WH-022,CAR-083,Hyderabad,Jaipur,IN_TRANSIT,3,0,0,0,STALE,2026-09-03T14:27:00+00:00,2026-09-03T19:18:00+00:00
SHP-1663,SELLER-181,WH-024,CAR-060,Jaipur,Kolkata,IN_TRANSIT,3,0,0,0,STALE,2026-09-02T04:21:00+00:00,2026-09-02T08:06:00+00:00
SHP-1664,SELLER-333,WH-024,CAR-060,Chennai,Pune,PICKED_UP,2,1,0,0,STALE,2026-09-02T15:28:00+00:00,2026-09-02T17:31:00+00:00
SHP-1665,SELLER-397,WH-044,CAR-096,Surat,Kolkata,IN_TRANSIT,3,0,0,0,STALE,2026-09-07T19:14:00+00:00,2026-09-08T02:14:00+00:00
SHP-1666,SELLER-466,WH-034,CAR-099,Hyderabad,Mumbai,OUT_FOR_DELIVERY,4,0,0,0,STALE,2026-09-05T16:06:00+00:00,2026-09-06T00:10:00+00:00
SHP-1667,SELLER-206,WH-038,CAR-057,Mumbai,Kolkata,OUT_FOR_DELIVERY,4,0,0,0,STALE,2026-09-06T14:32:00+00:00,2026-09-06T22:56:00+00:00
SHP-1668,SELLER-266,WH-046,CAR-028,Ahmedabad,Hyderabad,IN_TRANSIT,3,0,0,0,STALE,2026-09-05T13:53:00+00:00,2026-09-05T16:45:00+00:00
SHP-1669,SELLER-316,WH-044,CAR-004,Bengaluru,Delhi,IN_TRANSIT,3,0,0,0,STALE,2026-09-01T09:37:00+00:00,2026-09-01T17:14:00+00:00
SHP-1670,SELLER-092,WH-034,CAR-041,Kolkata,Mumbai,IN_TRANSIT,3,0,0,0,STALE,2026-09-02T18:37:00+00:00,2026-09-03T02:39:00+00:00
SHP-1671,SELLER-128,WH-023,CAR-026,Pune,Jaipur,CANCELLED,2,0,0,0,STALE,2026-09-05T04:29:00+00:00,2026-09-05T07:13:00+00:00
SHP-1672,SELLER-066,WH-009,CAR-069,Jaipur,Chennai,PICKED_UP,2,0,0,0,STALE,2026-09-01T23:18:00+00:00,2026-09-02T00:47:00+00:00
SHP-1673,SELLER-314,WH-001,CAR-010,Hyderabad,Chennai,CREATED,1,0,0,0,STALE,2026-09-06T07:49:00+00:00,2026-09-06T07:49:00+00:00
SHP-1674,SELLER-085,WH-032,CAR-082,Hyderabad,Chennai,IN_TRANSIT,3,0,0,0,STALE,2026-09-03T13:26:00+00:00,2026-09-03T17:30:00+00:00
SHP-1675,SELLER-101,WH-046,CAR-099,Bengaluru,Mumbai,DELIVERED,5,0,0,0,STALE,2026-09-03T14:20:00+00:00,2026-09-03T21:33:00+00:00
SHP-1676,SELLER-460,WH-047,CAR-061,Surat,Hyderabad,OUT_FOR_DELIVERY,4,0,0,0,STALE,2026-09-01T18:39:00+00:00,2026-09-02T07:08:00+00:00
SHP-1677,SELLER-408,WH-011,CAR-010,Hyderabad,Delhi,PICKED_UP,2,0,0,0,STALE,2026-09-02T19:26:00+00:00,2026-09-02T20:17:00+00:00
SHP-1678,SELLER-280,WH-037,CAR-019,Kolkata,Hyderabad,IN_TRANSIT,3,0,0,0,STALE,2026-09-04T14:57:00+00:00,2026-09-04T19:23:00+00:00
SHP-1679,SELLER-163,WH-018,CAR-037,Mumbai,Delhi,IN_TRANSIT,3,0,0,0,STALE,2026-09-07T01:21:00+00:00,2026-09-07T03:21:00+00:00
SHP-1680,SELLER-283,WH-042,CAR-083,Jaipur,Mumbai,OUT_FOR_DELIVERY,4,0,0,0,STALE,2026-09-03T11:05:00+00:00,2026-09-03T20:38:00+00:00
SHP-1681,SELLER-015,WH-005,CAR-034,Jaipur,Chennai,PICKED_UP,2,0,0,0,STALE,2026-09-04T16:22:00+00:00,2026-09-04T17:07:00+00:00
SHP-1682,SELLER-278,WH-014,CAR-050,Bengaluru,Hyderabad,CREATED,1,0,0,0,STALE,2026-09-06T11:31:00+00:00,2026-09-06T11:31:00+00:00
SHP-1683,SELLER-472,WH-019,CAR-060,Ahmedabad,Bengaluru,OUT_FOR_DELIVERY,4,0,0,0,STALE,2026-09-01T02:53:00+00:00,2026-09-01T12:42:00+00:00
SHP-1684,SELLER-248,WH-045,CAR-009,Pune,Delhi,DELIVERED,5,0,0,0,STALE,2026-09-06T16:15:00+00:00,2026-09-07T02:09:00+00:00
SHP-1685,SELLER-199,WH-020,CAR-084,Kolkata,Ahmedabad,PICKED_UP,2,0,0,0,STALE,2026-09-05T21:15:00+00:00,2026-09-05T23:01:00+00:00
SHP-1686,SELLER-166,WH-046,CAR-088,Chennai,Bengaluru,IN_TRANSIT,3,0,0,0,STALE,2026-09-03T20:18:00+00:00,2026-09-03T22:03:00+00:00
SHP-1687,SELLER-417,WH-043,CAR-015,Surat,Ahmedabad,OUT_FOR_DELIVERY,4,0,0,0,STALE,2026-09-02T09:41:00+00:00,2026-09-02T15:44:00+00:00
SHP-1688,SELLER-237,WH-018,CAR-023,Mumbai,Pune,DELIVERED,5,0,0,0,STALE,2026-09-01T18:17:00+00:00,2026-09-02T02:33:00+00:00
SHP-1689,SELLER-377,WH-049,CAR-004,Jaipur,Surat,IN_TRANSIT,3,0,0,0,STALE,2026-09-04T03:27:00+00:00,2026-09-04T08:07:00+00:00
SHP-1690,SELLER-424,WH-020,CAR-025,Surat,Mumbai,CREATED,1,0,0,0,STALE,2026-09-05T02:52:00+00:00,2026-09-05T02:52:00+00:00
SHP-1691,SELLER-123,WH-021,CAR-011,Ahmedabad,Hyderabad,PICKED_UP,2,0,0,0,STALE,2026-09-03T21:16:00+00:00,2026-09-04T00:12:00+00:00
SHP-1692,SELLER-014,WH-011,CAR-095,Mumbai,Kolkata,CREATED,1,0,0,0,STALE,2026-09-02T00:08:00+00:00,2026-09-02T00:08:00+00:00
SHP-1693,SELLER-467,WH-035,CAR-032,Chennai,Mumbai,IN_TRANSIT,3,1,0,0,STALE,2026-09-05T04:23:00+00:00,2026-09-05T10:14:00+00:00
SHP-1694,SELLER-253,WH-032,CAR-011,Ahmedabad,Bengaluru,PICKED_UP,2,0,0,0,STALE,2026-09-04T22:19:00+00:00,2026-09-05T00:57:00+00:00
SHP-1695,SELLER-067,WH-017,CAR-090,Pune,Bengaluru,PICKED_UP,2,0,0,0,STALE,2026-09-05T11:05:00+00:00,2026-09-05T13:53:00+00:00
SHP-1696,SELLER-303,WH-021,CAR-027,Chennai,Jaipur,IN_TRANSIT,3,0,0,0,STALE,2026-09-03T22:41:00+00:00,2026-09-04T06:16:00+00:00
SHP-1697,SELLER-115,WH-020,CAR-042,Surat,Ahmedabad,OUT_FOR_DELIVERY,4,0,0,0,STALE,2026-09-03T15:40:00+00:00,2026-09-04T00:20:00+00:00
SHP-1698,SELLER-256,WH-017,CAR-044,Mumbai,Bengaluru,PICKED_UP,2,0,0,0,STALE,2026-09-04T04:42:00+00:00,2026-09-04T05:23:00+00:00
SHP-1699,SELLER-372,WH-014,CAR-015,Jaipur,Mumbai,CANCELLED,2,0,0,0,STALE,2026-09-05T09:40:00+00:00,2026-09-05T11:37:00+00:00
SHP-1700,SELLER-305,WH-050,CAR-075,Kolkata,Hyderabad,DELIVERED,5,0,0,0,STALE,2026-09-05T16:55:00+00:00,2026-09-06T01:16:00+00:00
SHP-1701,SELLER-263,WH-037,CAR-059,Delhi,Chennai,IN_TRANSIT,3,1,0,0,STALE,2026-09-07T13:27:00+00:00,2026-09-07T17:56:00+00:00
SHP-1702,SELLER-133,WH-044,CAR-049,Jaipur,Kolkata,OUT_FOR_DELIVERY,4,0,0,0,STALE,2026-09-01T03:06:00+00:00,2026-09-01T12:25:00+00:00
SHP-1703,SELLER-018,WH-040,CAR-099,Ahmedabad,Jaipur,DELIVERED,5,0,0,0,STALE,2026-09-05T23:53:00+00:00,2026-09-06T11:37:00+00:00
SHP-1704,SELLER-036,WH-043,CAR-011,Bengaluru,Jaipur,OUT_FOR_DELIVERY,4,0,0,0,STALE,2026-09-05T01:38:00+00:00,2026-09-05T07:44:00+00:00
SHP-1705,SELLER-104,WH-011,CAR-030,Chennai,Hyderabad,CREATED,1,0,0,0,STALE,2026-09-02T15:04:00+00:00,2026-09-02T15:04:00+00:00
SHP-1706,SELLER-316,WH-038,CAR-030,Hyderabad,Kolkata,IN_TRANSIT,3,0,0,0,STALE,2026-09-05T13:32:00+00:00,2026-09-05T16:39:00+00:00
SHP-1707,SELLER-067,WH-013,CAR-044,Ahmedabad,Surat,DELIVERED,5,0,0,0,STALE,2026-09-04T16:13:00+00:00,2026-09-04T23:03:00+00:00
SHP-1708,SELLER-148,WH-035,CAR-062,Kolkata,Chennai,CREATED,1,0,0,0,STALE,2026-09-07T14:00:00+00:00,2026-09-07T14:00:00+00:00
SHP-1709,SELLER-402,WH-001,CAR-033,Delhi,Pune,IN_TRANSIT,3,0,0,0,STALE,2026-09-04T12:55:00+00:00,2026-09-04T20:10:00+00:00
SHP-1710,SELLER-410,WH-002,CAR-062,Jaipur,Pune,IN_TRANSIT,3,0,0,1,STALE,2026-09-06T01:57:00+00:00,2026-09-06T06:14:00+00:00
SHP-1711,SELLER-039,WH-031,CAR-005,Mumbai,Pune,IN_TRANSIT,3,0,0,0,STALE,2026-09-05T17:14:00+00:00,2026-09-06T01:39:00+00:00
SHP-1712,SELLER-266,WH-032,CAR-026,Mumbai,Kolkata,DELIVERED,5,0,0,0,STALE,2026-09-04T12:34:00+00:00,2026-09-04T21:57:00+00:00
SHP-1713,SELLER-390,WH-012,CAR-070,Jaipur,Surat,CREATED,1,0,0,0,STALE,2026-09-01T01:13:00+00:00,2026-09-01T01:13:00+00:00
SHP-1714,SELLER-166,WH-006,CAR-090,Bengaluru,Chennai,IN_TRANSIT,3,0,0,0,STALE,2026-09-04T13:15:00+00:00,2026-09-04T15:06:00+00:00
SHP-1715,SELLER-188,WH-018,CAR-009,Pune,Hyderabad,IN_TRANSIT,3,0,0,0,STALE,2026-09-02T13:32:00+00:00,2026-09-02T19:14:00+00:00
SHP-1716,SELLER-183,WH-011,CAR-052,Surat,Ahmedabad,PICKED_UP,2,0,0,0,STALE,2026-09-02T22:38:00+00:00,2026-09-03T00:06:00+00:00
SHP-1717,SELLER-466,WH-050,CAR-044,Hyderabad,Surat,DELIVERED,5,0,0,0,STALE,2026-09-03T03:30:00+00:00,2026-09-03T09:57:00+00:00
SHP-1718,SELLER-443,WH-017,CAR-043,Ahmedabad,Delhi,PICKED_UP,2,0,0,0,STALE,2026-09-05T13:35:00+00:00,2026-09-05T14:24:00+00:00
SHP-1719,SELLER-361,WH-007,CAR-080,Ahmedabad,Bengaluru,CREATED,1,0,0,0,STALE,2026-09-01T12:05:00+00:00,2026-09-01T12:05:00+00:00
SHP-1720,SELLER-290,WH-028,CAR-064,Surat,Ahmedabad,OUT_FOR_DELIVERY,4,0,0,0,STALE,2026-09-01T07:33:00+00:00,2026-09-01T16:53:00+00:00
SHP-1721,SELLER-117,WH-046,CAR-020,Surat,Ahmedabad,DELIVERED,5,0,0,0,STALE,2026-09-04T01:21:00+00:00,2026-09-04T08:49:00+00:00
SHP-1722,SELLER-220,WH-014,CAR-078,Ahmedabad,Mumbai,PICKED_UP,2,0,0,0,STALE,2026-09-02T21:01:00+00:00,2026-09-02T23:30:00+00:00
SHP-1723,SELLER-440,WH-008,CAR-040,Delhi,Kolkata,IN_TRANSIT,3,0,0,0,STALE,2026-09-06T07:43:00+00:00,2026-09-06T12:22:00+00:00
SHP-1724,SELLER-036,WH-012,CAR-039,Surat,Ahmedabad,OUT_FOR_DELIVERY,4,0,0,0,STALE,2026-09-03T16:20:00+00:00,2026-09-03T23:52:00+00:00
SHP-1725,SELLER-460,WH-030,CAR-067,Ahmedabad,Delhi,IN_TRANSIT,3,0,0,0,STALE,2026-09-05T06:46:00+00:00,2026-09-05T12:54:00+00:00
SHP-1726,SELLER-332,WH-003,CAR-021,Surat,Bengaluru,OUT_FOR_DELIVERY,4,0,0,0,STALE,2026-09-03T13:49:00+00:00,2026-09-04T01:16:00+00:00
SHP-1727,SELLER-026,WH-037,CAR-037,Bengaluru,Delhi,IN_TRANSIT,3,0,0,0,STALE,2026-09-05T00:45:00+00:00,2026-09-05T06:40:00+00:00
SHP-1728,SELLER-134,WH-039,CAR-020,Bengaluru,Hyderabad,IN_TRANSIT,3,0,0,0,STALE,2026-09-07T19:43:00+00:00,2026-09-07T21:56:00+00:00
SHP-1729,SELLER-124,WH-007,CAR-091,Mumbai,Jaipur,PICKED_UP,2,0,0,0,STALE,2026-09-03T01:46:00+00:00,2026-09-03T03:35:00+00:00
SHP-1730,SELLER-169,WH-027,CAR-074,Bengaluru,Mumbai,IN_TRANSIT,3,0,0,0,STALE,2026-09-06T22:27:00+00:00,2026-09-07T03:17:00+00:00
SHP-1731,SELLER-157,WH-011,CAR-021,Surat,Jaipur,IN_TRANSIT,3,0,0,0,STALE,2026-09-04T16:12:00+00:00,2026-09-04T23:32:00+00:00
SHP-1732,SELLER-305,WH-002,CAR-022,Delhi,Ahmedabad,OUT_FOR_DELIVERY,4,0,0,0,STALE,2026-09-02T20:39:00+00:00,2026-09-03T01:33:00+00:00
SHP-1733,SELLER-498,WH-041,CAR-008,Pune,Hyderabad,DELIVERED,5,0,0,0,STALE,2026-09-05T15:01:00+00:00,2026-09-05T23:31:00+00:00
SHP-1734,SELLER-064,WH-026,CAR-080,Ahmedabad,Delhi,OUT_FOR_DELIVERY,4,0,0,0,STALE,2026-09-01T16:42:00+00:00,2026-09-02T02:56:00+00:00
SHP-1735,SELLER-010,WH-018,CAR-041,Chennai,Delhi,OUT_FOR_DELIVERY,4,0,0,0,STALE,2026-09-04T22:41:00+00:00,2026-09-05T05:59:00+00:00
SHP-1736,SELLER-479,WH-031,CAR-030,Hyderabad,Pune,PICKED_UP,2,0,0,0,STALE,2026-09-03T08:51:00+00:00,2026-09-03T10:07:00+00:00
SHP-1737,SELLER-092,WH-010,CAR-038,Ahmedabad,Hyderabad,CREATED,1,0,0,0,STALE,2026-09-07T11:39:00+00:00,2026-09-07T11:39:00+00:00
SHP-1738,SELLER-192,WH-013,CAR-092,Ahmedabad,Delhi,CREATED,1,0,0,0,STALE,2026-09-03T14:50:00+00:00,2026-09-03T14:50:00+00:00
SHP-1739,SELLER-023,WH-021,CAR-010,Pune,Bengaluru,CREATED,1,0,0,0,STALE,2026-09-02T12:03:00+00:00,2026-09-02T12:03:00+00:00
SHP-1740,SELLER-050,WH-002,CAR-063,Mumbai,Pune,DELIVERED,5,0,0,0,STALE,2026-09-04T16:32:00+00:00,2026-09-05T01:30:00+00:00
SHP-1741,SELLER-037,WH-006,CAR-076,Surat,Delhi,IN_TRANSIT,3,0,0,0,STALE,2026-09-05T05:39:00+00:00,2026-09-05T11:50:00+00:00
SHP-1742,SELLER-433,WH-016,CAR-094,Kolkata,Bengaluru,PICKED_UP,2,0,0,0,STALE,2026-09-03T12:57:00+00:00,2026-09-03T14:32:00+00:00
SHP-1743,SELLER-241,WH-008,CAR-043,Ahmedabad,Kolkata,IN_TRANSIT,3,0,0,0,STALE,2026-09-02T09:06:00+00:00,2026-09-02T13:33:00+00:00
SHP-1744,SELLER-431,WH-028,CAR-016,Pune,Delhi,DELIVERED,5,0,0,0,STALE,2026-09-01T20:19:00+00:00,2026-09-02T02:44:00+00:00
SHP-1745,SELLER-029,WH-021,CAR-078,Jaipur,Pune,IN_TRANSIT,3,0,0,0,STALE,2026-09-05T01:53:00+00:00,2026-09-05T07:07:00+00:00
SHP-1746,SELLER-259,WH-003,CAR-096,Surat,Bengaluru,CREATED,1,0,0,0,STALE,2026-09-01T21:28:00+00:00,2026-09-01T21:28:00+00:00
SHP-1747,SELLER-392,WH-049,CAR-054,Mumbai,Bengaluru,OUT_FOR_DELIVERY,4,0,0,0,FRESH,2026-09-07T19:48:00+00:00,2026-09-08T06:37:00+00:00
SHP-1748,SELLER-481,WH-016,CAR-072,Jaipur,Mumbai,IN_TRANSIT,3,0,0,0,STALE,2026-09-06T18:47:00+00:00,2026-09-07T01:34:00+00:00
SHP-1749,SELLER-180,WH-041,CAR-005,Surat,Pune,PICKED_UP,2,0,0,0,STALE,2026-09-05T13:17:00+00:00,2026-09-05T16:04:00+00:00
SHP-1750,SELLER-018,WH-001,CAR-062,Delhi,Jaipur,PICKED_UP,2,0,0,0,STALE,2026-09-01T00:29:00+00:00,2026-09-01T01:27:00+00:00
SHP-1751,SELLER-324,WH-013,CAR-059,Chennai,Pune,IN_TRANSIT,3,0,0,0,STALE,2026-09-01T04:50:00+00:00,2026-09-01T13:05:00+00:00
SHP-1752,SELLER-310,WH-029,CAR-067,Surat,Kolkata,CREATED,1,0,0,0,STALE,2026-09-03T21:42:00+00:00,2026-09-03T21:42:00+00:00
SHP-1753,SELLER-146,WH-039,CAR-071,Chennai,Ahmedabad,IN_TRANSIT,3,0,0,0,STALE,2026-09-01T21:41:00+00:00,2026-09-02T04:04:00+00:00
SHP-1754,SELLER-231,WH-024,CAR-009,Jaipur,Kolkata,OUT_FOR_DELIVERY,4,0,0,0,STALE,2026-09-02T03:34:00+00:00,2026-09-02T12:02:00+00:00
SHP-1755,SELLER-025,WH-041,CAR-084,Ahmedabad,Chennai,IN_TRANSIT,3,0,0,0,STALE,2026-09-02T16:01:00+00:00,2026-09-02T21:18:00+00:00
SHP-1756,SELLER-241,WH-046,CAR-062,Ahmedabad,Chennai,CREATED,1,0,0,0,STALE,2026-09-03T06:37:00+00:00,2026-09-03T06:37:00+00:00
SHP-1757,SELLER-194,WH-032,CAR-089,Jaipur,Ahmedabad,CREATED,1,0,0,0,STALE,2026-09-02T19:55:00+00:00,2026-09-02T19:55:00+00:00
SHP-1758,SELLER-056,WH-024,CAR-037,Jaipur,Ahmedabad,OUT_FOR_DELIVERY,4,0,0,0,STALE,2026-09-01T03:26:00+00:00,2026-09-01T09:14:00+00:00
SHP-1759,SELLER-303,WH-003,CAR-065,Bengaluru,Surat,DELIVERED,5,0,0,0,STALE,2026-09-07T11:06:00+00:00,2026-09-07T19:19:00+00:00
SHP-1760,SELLER-128,WH-034,CAR-029,Bengaluru,Mumbai,CREATED,1,0,0,0,STALE,2026-09-01T21:42:00+00:00,2026-09-01T21:42:00+00:00
SHP-1761,SELLER-115,WH-021,CAR-021,Surat,Hyderabad,IN_TRANSIT,3,0,0,0,STALE,2026-09-03T13:43:00+00:00,2026-09-03T22:08:00+00:00
SHP-1762,SELLER-139,WH-027,CAR-097,Pune,Delhi,IN_TRANSIT,3,0,0,0,STALE,2026-09-06T15:35:00+00:00,2026-09-06T19:50:00+00:00
SHP-1763,SELLER-168,WH-041,CAR-052,Bengaluru,Mumbai,PICKED_UP,2,0,0,0,STALE,2026-09-03T20:12:00+00:00,2026-09-03T21:15:00+00:00
SHP-1764,SELLER-381,WH-030,CAR-058,Mumbai,Chennai,IN_TRANSIT,3,0,0,0,STALE,2026-09-05T04:45:00+00:00,2026-09-05T13:03:00+00:00
SHP-1765,SELLER-007,WH-022,CAR-009,Pune,Ahmedabad,IN_TRANSIT,3,0,0,0,STALE,2026-09-07T04:04:00+00:00,2026-09-07T08:50:00+00:00
SHP-1766,SELLER-018,WH-038,CAR-072,Pune,Chennai,IN_TRANSIT,3,0,0,0,STALE,2026-09-04T17:07:00+00:00,2026-09-04T23:02:00+00:00
SHP-1767,SELLER-075,WH-011,CAR-034,Jaipur,Delhi,PICKED_UP,2,0,0,0,STALE,2026-09-07T04:36:00+00:00,2026-09-07T05:54:00+00:00
SHP-1768,SELLER-237,WH-005,CAR-039,Kolkata,Bengaluru,PICKED_UP,2,0,0,1,STALE,2026-09-01T20:07:00+00:00,2026-09-01T22:53:00+00:00
SHP-1769,SELLER-324,WH-038,CAR-016,Hyderabad,Mumbai,IN_TRANSIT,3,0,0,1,STALE,2026-09-03T19:52:00+00:00,2026-09-03T23:53:00+00:00
SHP-1770,SELLER-064,WH-007,CAR-075,Surat,Delhi,OUT_FOR_DELIVERY,4,0,0,0,STALE,2026-09-05T07:19:00+00:00,2026-09-05T15:18:00+00:00
SHP-1771,SELLER-041,WH-018,CAR-012,Chennai,Mumbai,IN_TRANSIT,3,0,0,0,STALE,2026-09-02T06:16:00+00:00,2026-09-02T10:10:00+00:00
SHP-1772,SELLER-228,WH-038,CAR-086,Bengaluru,Kolkata,PICKED_UP,2,0,0,0,STALE,2026-09-01T10:31:00+00:00,2026-09-01T12:33:00+00:00
SHP-1773,SELLER-025,WH-025,CAR-059,Mumbai,Kolkata,OUT_FOR_DELIVERY,4,0,0,0,STALE,2026-09-06T17:26:00+00:00,2026-09-07T01:43:00+00:00
SHP-1774,SELLER-168,WH-043,CAR-061,Surat,Hyderabad,OUT_FOR_DELIVERY,4,0,1,0,STALE,2026-09-06T04:14:00+00:00,2026-09-06T12:45:00+00:00
SHP-1775,SELLER-055,WH-046,CAR-030,Pune,Hyderabad,CREATED,1,0,0,0,STALE,2026-09-05T14:27:00+00:00,2026-09-05T14:27:00+00:00
SHP-1776,SELLER-037,WH-001,CAR-050,Bengaluru,Hyderabad,PICKED_UP,2,0,0,0,STALE,2026-09-06T03:07:00+00:00,2026-09-06T04:36:00+00:00
SHP-1777,SELLER-179,WH-032,CAR-051,Chennai,Mumbai,OUT_FOR_DELIVERY,4,0,0,0,STALE,2026-09-01T09:53:00+00:00,2026-09-01T15:57:00+00:00
SHP-1778,SELLER-199,WH-019,CAR-003,Bengaluru,Kolkata,IN_TRANSIT,3,0,0,0,STALE,2026-09-06T22:16:00+00:00,2026-09-07T06:42:00+00:00
SHP-1779,SELLER-130,WH-034,CAR-009,Ahmedabad,Bengaluru,DELIVERED,5,0,0,1,STALE,2026-09-03T19:17:00+00:00,2026-09-04T00:45:00+00:00
SHP-1780,SELLER-305,WH-013,CAR-026,Bengaluru,Jaipur,IN_TRANSIT,3,0,0,0,STALE,2026-09-02T06:12:00+00:00,2026-09-02T10:01:00+00:00
SHP-1781,SELLER-088,WH-006,CAR-035,Hyderabad,Kolkata,CREATED,1,0,0,0,STALE,2026-09-05T01:23:00+00:00,2026-09-05T01:23:00+00:00
SHP-1782,SELLER-435,WH-038,CAR-055,Ahmedabad,Hyderabad,PICKED_UP,2,0,0,0,STALE,2026-09-03T15:42:00+00:00,2026-09-03T17:29:00+00:00
SHP-1783,SELLER-474,WH-022,CAR-048,Delhi,Hyderabad,IN_TRANSIT,3,0,0,0,STALE,2026-09-02T05:44:00+00:00,2026-09-02T07:20:00+00:00
SHP-1784,SELLER-409,WH-038,CAR-075,Delhi,Ahmedabad,IN_TRANSIT,3,0,0,0,STALE,2026-09-04T23:01:00+00:00,2026-09-05T06:02:00+00:00
SHP-1785,SELLER-111,WH-037,CAR-039,Pune,Delhi,PICKED_UP,2,0,0,0,STALE,2026-09-06T15:15:00+00:00,2026-09-06T16:35:00+00:00
SHP-1786,SELLER-434,WH-034,CAR-049,Kolkata,Chennai,DELIVERED,5,0,0,0,STALE,2026-09-02T17:53:00+00:00,2026-09-03T00:22:00+00:00
SHP-1787,SELLER-480,WH-003,CAR-056,Bengaluru,Pune,IN_TRANSIT,3,0,0,0,STALE,2026-09-02T03:39:00+00:00,2026-09-02T07:09:00+00:00
SHP-1788,SELLER-202,WH-045,CAR-076,Jaipur,Chennai,DELIVERED,5,0,0,0,STALE,2026-09-05T05:18:00+00:00,2026-09-05T17:28:00+00:00
SHP-1789,SELLER-434,WH-015,CAR-077,Chennai,Kolkata,OUT_FOR_DELIVERY,4,0,0,0,STALE,2026-09-06T09:49:00+00:00,2026-09-06T18:40:00+00:00
SHP-1790,SELLER-013,WH-040,CAR-023,Pune,Bengaluru,CREATED,1,0,0,0,STALE,2026-09-01T21:54:00+00:00,2026-09-01T21:54:00+00:00
SHP-1791,SELLER-342,WH-050,CAR-096,Bengaluru,Delhi,DELIVERED,5,0,0,0,STALE,2026-09-05T19:48:00+00:00,2026-09-06T03:25:00+00:00
SHP-1792,SELLER-025,WH-044,CAR-095,Jaipur,Surat,CREATED,1,0,0,0,STALE,2026-09-03T04:45:00+00:00,2026-09-03T04:45:00+00:00
SHP-1793,SELLER-438,WH-020,CAR-086,Pune,Bengaluru,OUT_FOR_DELIVERY,4,0,0,0,STALE,2026-09-07T09:06:00+00:00,2026-09-07T18:46:00+00:00
SHP-1794,SELLER-126,WH-041,CAR-053,Kolkata,Pune,OUT_FOR_DELIVERY,4,0,0,0,STALE,2026-09-01T19:10:00+00:00,2026-09-02T03:49:00+00:00
SHP-1795,SELLER-373,WH-026,CAR-037,Mumbai,Jaipur,IN_TRANSIT,3,0,0,0,STALE,2026-09-03T12:59:00+00:00,2026-09-03T18:51:00+00:00
SHP-1796,SELLER-163,WH-041,CAR-079,Surat,Mumbai,IN_TRANSIT,3,0,0,1,STALE,2026-09-06T06:16:00+00:00,2026-09-06T13:51:00+00:00
SHP-1797,SELLER-338,WH-012,CAR-044,Delhi,Surat,CREATED,1,0,0,0,STALE,2026-09-05T13:51:00+00:00,2026-09-05T13:51:00+00:00
SHP-1798,SELLER-467,WH-007,CAR-023,Pune,Chennai,IN_TRANSIT,3,0,0,0,STALE,2026-09-03T23:00:00+00:00,2026-09-04T05:35:00+00:00
SHP-1799,SELLER-132,WH-017,CAR-039,Jaipur,Hyderabad,OUT_FOR_DELIVERY,4,0,0,0,STALE,2026-09-03T19:48:00+00:00,2026-09-04T02:31:00+00:00
SHP-1800,SELLER-219,WH-017,CAR-004,Surat,Jaipur,CREATED,1,0,0,0,STALE,2026-09-07T09:26:00+00:00,2026-09-07T09:26:00+00:00
SHP-1801,SELLER-246,WH-006,CAR-043,Kolkata,Pune,IN_TRANSIT,3,0,0,0,STALE,2026-09-01T15:14:00+00:00,2026-09-01T17:52:00+00:00
SHP-1802,SELLER-353,WH-010,CAR-003,Hyderabad,Ahmedabad,DELIVERED,5,0,0,0,STALE,2026-09-06T07:47:00+00:00,2026-09-06T15:59:00+00:00
SHP-1803,SELLER-408,WH-001,CAR-023,Surat,Kolkata,PICKED_UP,2,0,0,0,STALE,2026-09-07T16:57:00+00:00,2026-09-07T19:32:00+00:00
SHP-1804,SELLER-470,WH-037,CAR-026,Surat,Kolkata,DELIVERED,5,0,0,0,STALE,2026-09-07T14:04:00+00:00,2026-09-08T01:13:00+00:00
SHP-1805,SELLER-112,WH-046,CAR-068,Pune,Delhi,DELIVERED,5,0,0,0,STALE,2026-09-05T11:18:00+00:00,2026-09-05T19:16:00+00:00
SHP-1806,SELLER-490,WH-016,CAR-005,Jaipur,Delhi,IN_TRANSIT,3,0,0,0,STALE,2026-09-02T21:21:00+00:00,2026-09-03T02:41:00+00:00
SHP-1807,SELLER-350,WH-046,CAR-067,Jaipur,Chennai,CREATED,1,0,0,0,STALE,2026-09-06T00:31:00+00:00,2026-09-06T00:31:00+00:00
SHP-1808,SELLER-367,WH-028,CAR-046,Hyderabad,Surat,PICKED_UP,2,0,0,0,STALE,2026-09-03T02:12:00+00:00,2026-09-03T04:42:00+00:00
SHP-1809,SELLER-012,WH-036,CAR-038,Delhi,Surat,IN_TRANSIT,3,0,0,0,STALE,2026-09-01T18:56:00+00:00,2026-09-01T22:54:00+00:00
SHP-1810,SELLER-320,WH-047,CAR-094,Kolkata,Pune,PICKED_UP,2,0,0,0,STALE,2026-09-01T05:19:00+00:00,2026-09-01T07:22:00+00:00
SHP-1811,SELLER-156,WH-045,CAR-069,Hyderabad,Delhi,CREATED,1,0,0,0,STALE,2026-09-02T23:13:00+00:00,2026-09-02T23:13:00+00:00
SHP-1812,SELLER-354,WH-004,CAR-002,Chennai,Ahmedabad,CREATED,1,0,0,0,STALE,2026-09-06T03:22:00+00:00,2026-09-06T03:22:00+00:00
SHP-1813,SELLER-067,WH-016,CAR-042,Bengaluru,Chennai,OUT_FOR_DELIVERY,4,0,0,0,STALE,2026-09-07T00:26:00+00:00,2026-09-07T05:32:00+00:00
SHP-1814,SELLER-059,WH-028,CAR-099,Surat,Delhi,DELIVERED,5,0,0,0,STALE,2026-09-07T08:59:00+00:00,2026-09-07T19:41:00+00:00
SHP-1815,SELLER-005,WH-016,CAR-027,Bengaluru,Kolkata,IN_TRANSIT,3,0,0,0,STALE,2026-09-03T21:00:00+00:00,2026-09-04T02:31:00+00:00
SHP-1816,SELLER-148,WH-019,CAR-095,Kolkata,Surat,CREATED,1,0,0,0,STALE,2026-09-04T17:53:00+00:00,2026-09-04T17:53:00+00:00
SHP-1817,SELLER-251,WH-027,CAR-039,Delhi,Ahmedabad,DELIVERED,5,0,0,0,STALE,2026-09-02T22:24:00+00:00,2026-09-03T04:34:00+00:00
SHP-1818,SELLER-063,WH-022,CAR-021,Kolkata,Pune,PICKED_UP,2,0,0,0,STALE,2026-09-03T18:46:00+00:00,2026-09-03T19:50:00+00:00
SHP-1819,SELLER-429,WH-036,CAR-025,Ahmedabad,Jaipur,IN_TRANSIT,3,0,0,0,STALE,2026-09-03T16:10:00+00:00,2026-09-03T23:03:00+00:00
SHP-1820,SELLER-383,WH-044,CAR-026,Surat,Kolkata,CREATED,1,0,0,0,STALE,2026-09-02T05:05:00+00:00,2026-09-02T05:05:00+00:00
SHP-1821,SELLER-060,WH-022,CAR-100,Delhi,Pune,PICKED_UP,2,0,0,0,STALE,2026-09-05T22:53:00+00:00,2026-09-06T01:21:00+00:00
SHP-1822,SELLER-206,WH-003,CAR-029,Mumbai,Jaipur,PICKED_UP,2,0,0,1,STALE,2026-09-07T16:26:00+00:00,2026-09-07T17:56:00+00:00
SHP-1823,SELLER-274,WH-033,CAR-001,Surat,Ahmedabad,CREATED,1,0,0,0,STALE,2026-09-07T04:25:00+00:00,2026-09-07T04:25:00+00:00
SHP-1824,SELLER-035,WH-020,CAR-017,Delhi,Hyderabad,IN_TRANSIT,3,0,0,0,STALE,2026-09-04T17:41:00+00:00,2026-09-04T23:44:00+00:00
SHP-1825,SELLER-228,WH-032,CAR-077,Surat,Mumbai,CREATED,1,0,0,0,STALE,2026-09-03T03:26:00+00:00,2026-09-03T03:26:00+00:00
SHP-1826,SELLER-304,WH-036,CAR-029,Bengaluru,Kolkata,OUT_FOR_DELIVERY,4,0,1,0,STALE,2026-09-06T07:43:00+00:00,2026-09-06T14:07:00+00:00
SHP-1827,SELLER-293,WH-030,CAR-005,Mumbai,Pune,OUT_FOR_DELIVERY,4,0,0,0,STALE,2026-09-02T21:50:00+00:00,2026-09-03T04:51:00+00:00
SHP-1828,SELLER-222,WH-044,CAR-096,Mumbai,Chennai,OUT_FOR_DELIVERY,4,0,0,0,STALE,2026-09-07T13:46:00+00:00,2026-09-07T23:28:00+00:00
SHP-1829,SELLER-429,WH-037,CAR-078,Ahmedabad,Delhi,IN_TRANSIT,3,0,0,0,STALE,2026-09-04T17:39:00+00:00,2026-09-04T23:47:00+00:00
SHP-1830,SELLER-347,WH-023,CAR-019,Jaipur,Kolkata,OUT_FOR_DELIVERY,4,0,0,0,STALE,2026-09-07T09:08:00+00:00,2026-09-07T18:59:00+00:00
SHP-1831,SELLER-365,WH-037,CAR-002,Bengaluru,Jaipur,PICKED_UP,2,0,0,0,STALE,2026-09-07T16:23:00+00:00,2026-09-07T19:22:00+00:00
SHP-1832,SELLER-335,WH-020,CAR-036,Kolkata,Jaipur,OUT_FOR_DELIVERY,4,0,0,0,STALE,2026-09-03T20:59:00+00:00,2026-09-04T03:33:00+00:00
SHP-1833,SELLER-119,WH-020,CAR-099,Ahmedabad,Kolkata,CANCELLED,2,0,0,0,STALE,2026-09-02T05:47:00+00:00,2026-09-02T06:24:00+00:00
SHP-1834,SELLER-297,WH-042,CAR-066,Chennai,Surat,PICKED_UP,2,0,0,0,STALE,2026-09-07T11:01:00+00:00,2026-09-07T13:29:00+00:00
SHP-1835,SELLER-220,WH-024,CAR-065,Kolkata,Jaipur,IN_TRANSIT,3,0,0,0,STALE,2026-09-03T12:53:00+00:00,2026-09-03T19:51:00+00:00
SHP-1836,SELLER-112,WH-020,CAR-087,Bengaluru,Jaipur,DELIVERED,5,0,0,0,STALE,2026-09-03T09:29:00+00:00,2026-09-03T22:29:00+00:00
SHP-1837,SELLER-329,WH-041,CAR-001,Ahmedabad,Surat,IN_TRANSIT,3,0,0,0,STALE,2026-09-05T09:55:00+00:00,2026-09-05T14:49:00+00:00
SHP-1838,SELLER-097,WH-027,CAR-075,Surat,Kolkata,CREATED,1,0,0,0,STALE,2026-09-07T07:22:00+00:00,2026-09-07T07:22:00+00:00
SHP-1839,SELLER-350,WH-050,CAR-006,Delhi,Hyderabad,CREATED,1,0,0,0,STALE,2026-09-02T13:44:00+00:00,2026-09-02T13:44:00+00:00
SHP-1840,SELLER-162,WH-013,CAR-021,Ahmedabad,Chennai,PICKED_UP,2,0,0,0,STALE,2026-09-04T18:23:00+00:00,2026-09-04T20:05:00+00:00
SHP-1841,SELLER-028,WH-013,CAR-018,Delhi,Hyderabad,PICKED_UP,2,0,0,0,STALE,2026-09-06T13:03:00+00:00,2026-09-06T14:47:00+00:00
SHP-1842,SELLER-300,WH-016,CAR-091,Kolkata,Pune,IN_TRANSIT,3,0,0,1,STALE,2026-09-06T03:17:00+00:00,2026-09-06T06:02:00+00:00
SHP-1843,SELLER-136,WH-024,CAR-073,Hyderabad,Jaipur,OUT_FOR_DELIVERY,4,0,0,0,STALE,2026-09-02T06:21:00+00:00,2026-09-02T11:56:00+00:00
SHP-1844,SELLER-377,WH-026,CAR-014,Delhi,Chennai,DELIVERED,5,0,0,0,STALE,2026-09-07T03:44:00+00:00,2026-09-07T11:57:00+00:00
SHP-1845,SELLER-171,WH-004,CAR-017,Pune,Chennai,OUT_FOR_DELIVERY,4,0,0,0,STALE,2026-09-05T21:03:00+00:00,2026-09-06T06:23:00+00:00
SHP-1846,SELLER-296,WH-047,CAR-077,Bengaluru,Kolkata,OUT_FOR_DELIVERY,4,0,0,0,STALE,2026-09-05T16:14:00+00:00,2026-09-05T22:51:00+00:00
SHP-1847,SELLER-009,WH-012,CAR-088,Delhi,Chennai,CREATED,1,0,0,0,STALE,2026-09-06T01:16:00+00:00,2026-09-06T01:16:00+00:00
SHP-1848,SELLER-486,WH-022,CAR-087,Bengaluru,Ahmedabad,CREATED,1,0,0,0,STALE,2026-09-07T21:20:00+00:00,2026-09-07T21:20:00+00:00
SHP-1849,SELLER-222,WH-042,CAR-060,Bengaluru,Delhi,DELIVERED,5,0,0,0,STALE,2026-09-02T05:26:00+00:00,2026-09-02T13:52:00+00:00
SHP-1850,SELLER-373,WH-005,CAR-071,Chennai,Hyderabad,OUT_FOR_DELIVERY,4,0,0,0,STALE,2026-09-03T15:08:00+00:00,2026-09-03T20:08:00+00:00
SHP-1851,SELLER-044,WH-011,CAR-023,Pune,Bengaluru,DELIVERED,5,0,0,0,STALE,2026-09-07T08:42:00+00:00,2026-09-07T17:03:00+00:00
SHP-1852,SELLER-252,WH-048,CAR-070,Jaipur,Ahmedabad,OUT_FOR_DELIVERY,4,0,0,0,STALE,2026-09-07T05:30:00+00:00,2026-09-07T13:22:00+00:00
SHP-1853,SELLER-284,WH-004,CAR-038,Hyderabad,Ahmedabad,OUT_FOR_DELIVERY,4,0,0,0,STALE,2026-09-05T03:51:00+00:00,2026-09-05T08:59:00+00:00
SHP-1854,SELLER-226,WH-010,CAR-089,Hyderabad,Pune,PICKED_UP,2,0,0,0,STALE,2026-09-06T05:53:00+00:00,2026-09-06T08:18:00+00:00
SHP-1855,SELLER-281,WH-035,CAR-034,Bengaluru,Jaipur,CREATED,1,0,0,0,STALE,2026-09-07T21:28:00+00:00,2026-09-07T21:28:00+00:00
SHP-1856,SELLER-214,WH-021,CAR-062,Ahmedabad,Jaipur,OUT_FOR_DELIVERY,4,0,0,0,STALE,2026-09-01T14:26:00+00:00,2026-09-01T22:52:00+00:00
SHP-1857,SELLER-408,WH-039,CAR-018,Jaipur,Delhi,DELIVERED,5,0,0,0,STALE,2026-09-01T19:26:00+00:00,2026-09-02T05:14:00+00:00
SHP-1858,SELLER-278,WH-033,CAR-002,Chennai,Mumbai,OUT_FOR_DELIVERY,4,0,0,0,STALE,2026-09-05T13:36:00+00:00,2026-09-05T18:44:00+00:00
SHP-1859,SELLER-390,WH-049,CAR-034,Delhi,Surat,OUT_FOR_DELIVERY,4,1,0,0,STALE,2026-09-03T17:03:00+00:00,2026-09-04T02:43:00+00:00
SHP-1860,SELLER-268,WH-029,CAR-001,Mumbai,Jaipur,CREATED,1,0,0,0,STALE,2026-09-06T20:28:00+00:00,2026-09-06T20:28:00+00:00
SHP-1861,SELLER-249,WH-007,CAR-047,Delhi,Bengaluru,IN_TRANSIT,3,0,0,0,STALE,2026-09-02T04:15:00+00:00,2026-09-02T11:22:00+00:00
SHP-1862,SELLER-227,WH-039,CAR-049,Ahmedabad,Delhi,IN_TRANSIT,3,0,0,0,STALE,2026-09-04T08:11:00+00:00,2026-09-04T14:54:00+00:00
SHP-1863,SELLER-027,WH-007,CAR-064,Jaipur,Kolkata,CREATED,1,0,0,0,STALE,2026-09-03T00:13:00+00:00,2026-09-03T00:13:00+00:00
SHP-1864,SELLER-191,WH-004,CAR-020,Kolkata,Hyderabad,IN_TRANSIT,3,0,0,1,STALE,2026-09-02T20:38:00+00:00,2026-09-03T02:52:00+00:00
SHP-1865,SELLER-243,WH-018,CAR-083,Ahmedabad,Kolkata,IN_TRANSIT,3,0,0,0,STALE,2026-09-07T19:36:00+00:00,2026-09-08T00:38:00+00:00
SHP-1866,SELLER-340,WH-044,CAR-088,Surat,Hyderabad,OUT_FOR_DELIVERY,4,0,0,0,STALE,2026-09-02T21:15:00+00:00,2026-09-03T05:39:00+00:00
SHP-1867,SELLER-462,WH-013,CAR-031,Ahmedabad,Chennai,DELIVERED,5,0,0,0,STALE,2026-09-05T19:42:00+00:00,2026-09-06T06:15:00+00:00
SHP-1868,SELLER-393,WH-006,CAR-059,Hyderabad,Bengaluru,OUT_FOR_DELIVERY,4,0,0,0,STALE,2026-09-06T22:15:00+00:00,2026-09-07T04:08:00+00:00
SHP-1869,SELLER-088,WH-019,CAR-095,Bengaluru,Pune,IN_TRANSIT,3,0,0,0,STALE,2026-09-04T00:30:00+00:00,2026-09-04T03:39:00+00:00
SHP-1870,SELLER-163,WH-010,CAR-057,Surat,Mumbai,CREATED,1,0,0,0,STALE,2026-09-02T07:49:00+00:00,2026-09-02T07:49:00+00:00
SHP-1871,SELLER-355,WH-004,CAR-090,Jaipur,Kolkata,DELIVERED,5,0,0,0,STALE,2026-09-01T19:20:00+00:00,2026-09-02T04:33:00+00:00
SHP-1872,SELLER-027,WH-043,CAR-059,Chennai,Kolkata,OUT_FOR_DELIVERY,4,0,0,0,STALE,2026-09-07T01:14:00+00:00,2026-09-07T08:15:00+00:00
SHP-1873,SELLER-172,WH-022,CAR-038,Jaipur,Delhi,DELIVERED,5,0,0,0,STALE,2026-09-06T21:11:00+00:00,2026-09-07T04:55:00+00:00
SHP-1874,SELLER-198,WH-001,CAR-038,Delhi,Hyderabad,DELIVERED,5,0,0,0,STALE,2026-09-02T04:18:00+00:00,2026-09-02T13:40:00+00:00
SHP-1875,SELLER-025,WH-018,CAR-045,Delhi,Chennai,IN_TRANSIT,3,0,0,0,STALE,2026-09-05T20:50:00+00:00,2026-09-06T05:05:00+00:00
SHP-1876,SELLER-170,WH-019,CAR-036,Kolkata,Surat,PICKED_UP,2,0,0,0,STALE,2026-09-06T03:24:00+00:00,2026-09-06T04:11:00+00:00
SHP-1877,SELLER-475,WH-009,CAR-093,Surat,Chennai,IN_TRANSIT,3,0,0,0,STALE,2026-09-01T00:53:00+00:00,2026-09-01T04:46:00+00:00
SHP-1878,SELLER-459,WH-016,CAR-067,Surat,Bengaluru,CREATED,1,0,0,0,STALE,2026-09-04T04:07:00+00:00,2026-09-04T04:07:00+00:00
SHP-1879,SELLER-147,WH-019,CAR-062,Surat,Chennai,IN_TRANSIT,3,0,0,0,STALE,2026-09-04T23:25:00+00:00,2026-09-05T04:50:00+00:00
SHP-1880,SELLER-123,WH-004,CAR-060,Bengaluru,Ahmedabad,PICKED_UP,2,0,0,0,STALE,2026-09-03T20:54:00+00:00,2026-09-03T21:31:00+00:00
SHP-1881,SELLER-068,WH-046,CAR-017,Ahmedabad,Hyderabad,PICKED_UP,2,0,0,0,STALE,2026-09-01T14:26:00+00:00,2026-09-01T16:48:00+00:00
SHP-1882,SELLER-334,WH-046,CAR-097,Ahmedabad,Mumbai,IN_TRANSIT,3,0,0,0,STALE,2026-09-02T20:13:00+00:00,2026-09-02T23:31:00+00:00
SHP-1883,SELLER-108,WH-035,CAR-090,Bengaluru,Jaipur,IN_TRANSIT,3,0,0,0,STALE,2026-09-03T02:47:00+00:00,2026-09-03T09:54:00+00:00
SHP-1884,SELLER-153,WH-023,CAR-080,Jaipur,Kolkata,IN_TRANSIT,3,0,0,0,STALE,2026-09-05T06:51:00+00:00,2026-09-05T14:18:00+00:00
SHP-1885,SELLER-283,WH-044,CAR-067,Delhi,Pune,CREATED,1,0,0,0,STALE,2026-09-02T22:47:00+00:00,2026-09-02T22:47:00+00:00
SHP-1886,SELLER-361,WH-035,CAR-049,Pune,Bengaluru,DELIVERED,5,0,0,0,STALE,2026-09-04T14:18:00+00:00,2026-09-04T22:32:00+00:00
SHP-1887,SELLER-169,WH-010,CAR-006,Chennai,Mumbai,OUT_FOR_DELIVERY,4,0,0,0,STALE,2026-09-02T21:45:00+00:00,2026-09-03T04:51:00+00:00
SHP-1888,SELLER-268,WH-028,CAR-038,Delhi,Jaipur,DELIVERED,5,0,0,0,STALE,2026-09-06T11:13:00+00:00,2026-09-06T22:05:00+00:00
SHP-1889,SELLER-077,WH-001,CAR-065,Ahmedabad,Jaipur,IN_TRANSIT,3,0,0,0,STALE,2026-09-04T01:21:00+00:00,2026-09-04T07:45:00+00:00
SHP-1890,SELLER-325,WH-023,CAR-097,Kolkata,Jaipur,PICKED_UP,2,0,0,0,STALE,2026-09-05T20:07:00+00:00,2026-09-05T21:26:00+00:00
SHP-1891,SELLER-430,WH-029,CAR-064,Bengaluru,Mumbai,PICKED_UP,2,0,0,0,STALE,2026-09-03T10:09:00+00:00,2026-09-03T12:54:00+00:00
SHP-1892,SELLER-483,WH-009,CAR-100,Ahmedabad,Chennai,OUT_FOR_DELIVERY,4,0,0,0,STALE,2026-09-02T10:33:00+00:00,2026-09-02T15:44:00+00:00
SHP-1893,SELLER-176,WH-022,CAR-038,Pune,Surat,IN_TRANSIT,3,0,0,0,STALE,2026-09-03T12:52:00+00:00,2026-09-03T17:10:00+00:00
SHP-1894,SELLER-286,WH-035,CAR-009,Kolkata,Ahmedabad,IN_TRANSIT,3,0,1,0,STALE,2026-09-04T05:57:00+00:00,2026-09-04T12:19:00+00:00
SHP-1895,SELLER-494,WH-018,CAR-066,Hyderabad,Ahmedabad,IN_TRANSIT,3,0,0,0,STALE,2026-09-03T14:19:00+00:00,2026-09-03T17:59:00+00:00
SHP-1896,SELLER-181,WH-035,CAR-060,Ahmedabad,Bengaluru,CREATED,1,0,0,0,STALE,2026-09-05T19:34:00+00:00,2026-09-05T19:34:00+00:00
SHP-1897,SELLER-123,WH-044,CAR-079,Hyderabad,Pune,IN_TRANSIT,3,0,0,0,STALE,2026-09-07T17:52:00+00:00,2026-09-08T00:46:00+00:00
SHP-1898,SELLER-066,WH-046,CAR-007,Chennai,Hyderabad,IN_TRANSIT,3,0,0,0,STALE,2026-09-01T07:54:00+00:00,2026-09-01T13:37:00+00:00
SHP-1899,SELLER-183,WH-028,CAR-071,Surat,Bengaluru,PICKED_UP,2,0,0,0,STALE,2026-09-07T05:40:00+00:00,2026-09-07T06:19:00+00:00
SHP-1900,SELLER-112,WH-014,CAR-059,Hyderabad,Chennai,PICKED_UP,2,0,0,0,STALE,2026-09-06T05:10:00+00:00,2026-09-06T06:13:00+00:00
SHP-1901,SELLER-393,WH-030,CAR-010,Kolkata,Ahmedabad,IN_TRANSIT,3,0,0,0,STALE,2026-09-05T21:49:00+00:00,2026-09-06T03:24:00+00:00
SHP-1902,SELLER-176,WH-040,CAR-073,Kolkata,Pune,CREATED,1,0,0,0,STALE,2026-09-04T21:33:00+00:00,2026-09-04T21:33:00+00:00
SHP-1903,SELLER-460,WH-042,CAR-031,Pune,Delhi,IN_TRANSIT,3,0,0,0,STALE,2026-09-01T22:39:00+00:00,2026-09-02T03:04:00+00:00
SHP-1904,SELLER-177,WH-011,CAR-089,Kolkata,Delhi,OUT_FOR_DELIVERY,4,0,0,0,STALE,2026-09-05T04:12:00+00:00,2026-09-05T12:33:00+00:00
SHP-1905,SELLER-313,WH-041,CAR-091,Delhi,Mumbai,PICKED_UP,2,0,0,0,STALE,2026-09-05T06:11:00+00:00,2026-09-05T07:56:00+00:00
SHP-1906,SELLER-105,WH-003,CAR-086,Delhi,Jaipur,IN_TRANSIT,3,0,0,1,STALE,2026-09-03T23:33:00+00:00,2026-09-04T04:27:00+00:00
SHP-1907,SELLER-186,WH-044,CAR-031,Delhi,Mumbai,OUT_FOR_DELIVERY,4,0,0,0,STALE,2026-09-04T05:41:00+00:00,2026-09-04T12:01:00+00:00
SHP-1908,SELLER-091,WH-046,CAR-012,Jaipur,Bengaluru,IN_TRANSIT,3,0,0,0,STALE,2026-09-02T20:59:00+00:00,2026-09-03T00:44:00+00:00
SHP-1909,SELLER-130,WH-006,CAR-018,Chennai,Delhi,PICKED_UP,2,0,0,0,STALE,2026-09-05T15:02:00+00:00,2026-09-05T15:54:00+00:00
SHP-1910,SELLER-401,WH-008,CAR-027,Hyderabad,Chennai,PICKED_UP,2,0,0,0,STALE,2026-09-06T17:10:00+00:00,2026-09-06T19:41:00+00:00
SHP-1911,SELLER-320,WH-028,CAR-089,Delhi,Jaipur,IN_TRANSIT,3,0,0,0,STALE,2026-09-05T17:35:00+00:00,2026-09-05T20:51:00+00:00
SHP-1912,SELLER-318,WH-006,CAR-090,Chennai,Surat,CREATED,1,0,0,0,STALE,2026-09-03T13:06:00+00:00,2026-09-03T13:06:00+00:00
SHP-1913,SELLER-048,WH-019,CAR-076,Hyderabad,Surat,CREATED,1,0,0,0,STALE,2026-09-06T23:32:00+00:00,2026-09-06T23:32:00+00:00
SHP-1914,SELLER-026,WH-036,CAR-070,Jaipur,Mumbai,IN_TRANSIT,3,0,0,0,STALE,2026-09-05T16:32:00+00:00,2026-09-06T00:28:00+00:00
SHP-1915,SELLER-036,WH-043,CAR-028,Chennai,Pune,IN_TRANSIT,3,0,0,0,STALE,2026-09-07T09:21:00+00:00,2026-09-07T14:39:00+00:00
SHP-1916,SELLER-499,WH-046,CAR-090,Mumbai,Jaipur,CREATED,1,0,0,0,STALE,2026-09-03T11:26:00+00:00,2026-09-03T11:26:00+00:00
SHP-1917,SELLER-462,WH-037,CAR-012,Surat,Mumbai,DELIVERED,5,0,0,0,STALE,2026-09-06T10:50:00+00:00,2026-09-06T17:52:00+00:00
SHP-1918,SELLER-221,WH-002,CAR-064,Mumbai,Kolkata,DELIVERED,5,0,0,0,STALE,2026-09-06T09:38:00+00:00,2026-09-06T17:08:00+00:00
SHP-1919,SELLER-061,WH-026,CAR-004,Chennai,Jaipur,DELIVERED,5,0,0,0,STALE,2026-09-06T17:34:00+00:00,2026-09-06T22:35:00+00:00
SHP-1920,SELLER-195,WH-050,CAR-027,Bengaluru,Ahmedabad,IN_TRANSIT,3,0,0,0,STALE,2026-09-06T06:03:00+00:00,2026-09-06T10:59:00+00:00
SHP-1921,SELLER-367,WH-009,CAR-099,Chennai,Hyderabad,OUT_FOR_DELIVERY,4,0,0,0,STALE,2026-09-01T16:11:00+00:00,2026-09-01T21:07:00+00:00
SHP-1922,SELLER-025,WH-036,CAR-054,Chennai,Hyderabad,PICKED_UP,2,0,0,0,STALE,2026-09-04T09:26:00+00:00,2026-09-04T10:03:00+00:00
SHP-1923,SELLER-399,WH-032,CAR-038,Hyderabad,Surat,OUT_FOR_DELIVERY,4,0,0,0,STALE,2026-09-07T06:44:00+00:00,2026-09-07T16:15:00+00:00
SHP-1924,SELLER-073,WH-044,CAR-048,Jaipur,Kolkata,OUT_FOR_DELIVERY,4,0,0,0,STALE,2026-09-05T01:13:00+00:00,2026-09-05T09:58:00+00:00
SHP-1925,SELLER-385,WH-016,CAR-055,Ahmedabad,Surat,IN_TRANSIT,3,0,0,0,STALE,2026-09-03T08:18:00+00:00,2026-09-03T13:31:00+00:00
SHP-1926,SELLER-017,WH-017,CAR-089,Chennai,Ahmedabad,PICKED_UP,2,0,0,0,STALE,2026-09-05T03:25:00+00:00,2026-09-05T05:14:00+00:00
SHP-1927,SELLER-221,WH-048,CAR-062,Hyderabad,Mumbai,IN_TRANSIT,3,0,0,1,STALE,2026-09-06T14:06:00+00:00,2026-09-06T19:05:00+00:00
SHP-1928,SELLER-205,WH-003,CAR-016,Hyderabad,Pune,IN_TRANSIT,3,0,0,0,STALE,2026-09-01T01:19:00+00:00,2026-09-01T03:55:00+00:00
SHP-1929,SELLER-058,WH-046,CAR-040,Chennai,Ahmedabad,DELIVERED,5,0,0,0,STALE,2026-09-01T19:50:00+00:00,2026-09-02T04:59:00+00:00
SHP-1930,SELLER-401,WH-022,CAR-044,Kolkata,Hyderabad,IN_TRANSIT,3,0,0,0,STALE,2026-09-04T23:44:00+00:00,2026-09-05T04:08:00+00:00
SHP-1931,SELLER-137,WH-002,CAR-026,Hyderabad,Kolkata,IN_TRANSIT,3,0,0,0,STALE,2026-09-04T13:57:00+00:00,2026-09-04T20:30:00+00:00
SHP-1932,SELLER-004,WH-006,CAR-012,Surat,Pune,IN_TRANSIT,3,0,0,0,STALE,2026-09-02T13:35:00+00:00,2026-09-02T22:12:00+00:00
SHP-1933,SELLER-354,WH-007,CAR-084,Ahmedabad,Chennai,IN_TRANSIT,3,0,0,0,STALE,2026-09-07T00:49:00+00:00,2026-09-07T09:32:00+00:00
SHP-1934,SELLER-405,WH-038,CAR-025,Hyderabad,Bengaluru,OUT_FOR_DELIVERY,4,0,0,0,STALE,2026-09-07T21:05:00+00:00,2026-09-08T03:51:00+00:00
SHP-1935,SELLER-397,WH-002,CAR-031,Hyderabad,Surat,IN_TRANSIT,3,0,0,0,STALE,2026-09-07T09:27:00+00:00,2026-09-07T11:52:00+00:00
SHP-1936,SELLER-476,WH-037,CAR-043,Surat,Kolkata,DELIVERED,5,0,0,0,STALE,2026-09-02T09:53:00+00:00,2026-09-02T18:58:00+00:00
SHP-1937,SELLER-432,WH-045,CAR-090,Kolkata,Ahmedabad,CREATED,1,0,0,0,STALE,2026-09-04T21:36:00+00:00,2026-09-04T21:36:00+00:00
SHP-1938,SELLER-257,WH-001,CAR-002,Mumbai,Ahmedabad,DELIVERED,5,0,0,0,STALE,2026-09-01T18:15:00+00:00,2026-09-02T03:13:00+00:00
SHP-1939,SELLER-283,WH-015,CAR-021,Pune,Hyderabad,DELIVERED,5,0,1,0,STALE,2026-09-06T20:27:00+00:00,2026-09-07T05:37:00+00:00
SHP-1940,SELLER-146,WH-041,CAR-084,Kolkata,Jaipur,IN_TRANSIT,3,0,0,0,STALE,2026-09-01T20:27:00+00:00,2026-09-02T02:56:00+00:00
SHP-1941,SELLER-358,WH-019,CAR-023,Chennai,Pune,OUT_FOR_DELIVERY,4,0,0,0,STALE,2026-09-02T16:53:00+00:00,2026-09-03T02:41:00+00:00
SHP-1942,SELLER-338,WH-014,CAR-007,Delhi,Ahmedabad,DELIVERED,5,0,0,0,STALE,2026-09-05T07:19:00+00:00,2026-09-05T15:19:00+00:00
SHP-1943,SELLER-405,WH-039,CAR-036,Mumbai,Bengaluru,IN_TRANSIT,3,0,0,0,STALE,2026-09-07T13:31:00+00:00,2026-09-07T18:55:00+00:00
SHP-1944,SELLER-333,WH-006,CAR-014,Surat,Jaipur,PICKED_UP,2,0,0,0,STALE,2026-09-07T13:26:00+00:00,2026-09-07T15:28:00+00:00
SHP-1945,SELLER-448,WH-032,CAR-028,Jaipur,Surat,DELIVERED,5,0,0,0,STALE,2026-09-04T19:52:00+00:00,2026-09-05T03:37:00+00:00
SHP-1946,SELLER-324,WH-010,CAR-044,Chennai,Delhi,PICKED_UP,2,0,0,0,STALE,2026-09-02T01:53:00+00:00,2026-09-02T02:45:00+00:00
SHP-1947,SELLER-016,WH-036,CAR-021,Delhi,Ahmedabad,IN_TRANSIT,3,1,0,0,STALE,2026-09-07T15:53:00+00:00,2026-09-07T23:44:00+00:00
SHP-1948,SELLER-432,WH-014,CAR-071,Chennai,Pune,IN_TRANSIT,3,0,0,0,STALE,2026-09-05T15:55:00+00:00,2026-09-05T20:03:00+00:00
SHP-1949,SELLER-382,WH-031,CAR-002,Surat,Bengaluru,IN_TRANSIT,3,0,0,0,STALE,2026-09-03T19:09:00+00:00,2026-09-04T02:25:00+00:00
SHP-1950,SELLER-019,WH-032,CAR-097,Bengaluru,Surat,PICKED_UP,2,0,0,0,STALE,2026-09-06T17:47:00+00:00,2026-09-06T18:56:00+00:00
SHP-1951,SELLER-156,WH-035,CAR-057,Pune,Delhi,IN_TRANSIT,3,0,0,0,STALE,2026-09-04T22:55:00+00:00,2026-09-05T05:20:00+00:00
SHP-1952,SELLER-219,WH-031,CAR-051,Kolkata,Hyderabad,CREATED,1,0,0,0,STALE,2026-09-07T19:18:00+00:00,2026-09-07T19:18:00+00:00
SHP-1953,SELLER-083,WH-033,CAR-014,Ahmedabad,Hyderabad,IN_TRANSIT,3,0,0,0,STALE,2026-09-07T13:40:00+00:00,2026-09-07T18:00:00+00:00
SHP-1954,SELLER-224,WH-012,CAR-051,Surat,Chennai,CREATED,1,0,0,0,STALE,2026-09-02T10:08:00+00:00,2026-09-02T10:08:00+00:00
SHP-1955,SELLER-340,WH-017,CAR-045,Delhi,Pune,DELIVERED,5,0,0,0,STALE,2026-09-03T12:48:00+00:00,2026-09-03T21:29:00+00:00
SHP-1956,SELLER-176,WH-010,CAR-083,Delhi,Kolkata,IN_TRANSIT,3,0,0,0,STALE,2026-09-06T10:41:00+00:00,2026-09-06T17:36:00+00:00
SHP-1957,SELLER-409,WH-023,CAR-027,Pune,Ahmedabad,IN_TRANSIT,3,0,0,0,STALE,2026-09-03T09:02:00+00:00,2026-09-03T12:12:00+00:00
SHP-1958,SELLER-357,WH-026,CAR-021,Jaipur,Chennai,IN_TRANSIT,3,0,0,0,STALE,2026-09-03T11:49:00+00:00,2026-09-03T14:22:00+00:00
SHP-1959,SELLER-423,WH-050,CAR-094,Bengaluru,Mumbai,IN_TRANSIT,3,0,0,0,STALE,2026-09-07T15:29:00+00:00,2026-09-07T21:23:00+00:00
SHP-1960,SELLER-120,WH-049,CAR-026,Mumbai,Surat,DELIVERED,5,0,0,0,STALE,2026-09-06T20:31:00+00:00,2026-09-07T05:38:00+00:00
SHP-1961,SELLER-226,WH-007,CAR-076,Jaipur,Kolkata,OUT_FOR_DELIVERY,4,1,0,0,STALE,2026-09-02T07:02:00+00:00,2026-09-02T16:07:00+00:00
SHP-1962,SELLER-373,WH-045,CAR-019,Mumbai,Pune,IN_TRANSIT,3,0,0,0,STALE,2026-09-07T03:17:00+00:00,2026-09-07T09:30:00+00:00
SHP-1963,SELLER-231,WH-013,CAR-083,Surat,Pune,IN_TRANSIT,3,0,0,0,STALE,2026-09-05T03:01:00+00:00,2026-09-05T07:12:00+00:00
SHP-1964,SELLER-234,WH-040,CAR-078,Ahmedabad,Surat,DELIVERED,5,0,0,1,STALE,2026-09-03T09:40:00+00:00,2026-09-03T20:15:00+00:00
SHP-1965,SELLER-066,WH-022,CAR-002,Pune,Ahmedabad,IN_TRANSIT,3,0,0,0,STALE,2026-09-06T23:05:00+00:00,2026-09-07T04:57:00+00:00
SHP-1966,SELLER-153,WH-037,CAR-074,Jaipur,Pune,PICKED_UP,2,1,0,0,STALE,2026-09-07T08:47:00+00:00,2026-09-07T10:48:00+00:00
SHP-1967,SELLER-271,WH-022,CAR-024,Hyderabad,Delhi,DELIVERED,5,0,0,0,STALE,2026-09-05T08:04:00+00:00,2026-09-05T17:45:00+00:00
SHP-1968,SELLER-132,WH-040,CAR-044,Surat,Hyderabad,CREATED,1,0,0,0,STALE,2026-09-07T07:54:00+00:00,2026-09-07T07:54:00+00:00
SHP-1969,SELLER-179,WH-021,CAR-096,Hyderabad,Ahmedabad,IN_TRANSIT,3,0,1,0,STALE,2026-09-05T04:29:00+00:00,2026-09-05T06:45:00+00:00
SHP-1970,SELLER-075,WH-048,CAR-060,Chennai,Ahmedabad,OUT_FOR_DELIVERY,4,0,0,0,STALE,2026-09-03T12:28:00+00:00,2026-09-03T20:11:00+00:00
SHP-1971,SELLER-289,WH-014,CAR-077,Mumbai,Ahmedabad,OUT_FOR_DELIVERY,4,0,0,0,STALE,2026-09-01T01:23:00+00:00,2026-09-01T10:51:00+00:00
SHP-1972,SELLER-500,WH-048,CAR-020,Pune,Hyderabad,PICKED_UP,2,0,0,0,STALE,2026-09-06T02:08:00+00:00,2026-09-06T05:04:00+00:00
SHP-1973,SELLER-183,WH-040,CAR-047,Hyderabad,Mumbai,IN_TRANSIT,3,0,0,0,STALE,2026-09-05T21:37:00+00:00,2026-09-06T01:41:00+00:00
SHP-1974,SELLER-147,WH-023,CAR-097,Ahmedabad,Chennai,OUT_FOR_DELIVERY,4,0,0,0,STALE,2026-09-05T18:16:00+00:00,2026-09-06T01:26:00+00:00
SHP-1975,SELLER-257,WH-037,CAR-004,Kolkata,Ahmedabad,IN_TRANSIT,3,0,0,0,STALE,2026-09-01T23:59:00+00:00,2026-09-02T06:03:00+00:00
SHP-1976,SELLER-386,WH-035,CAR-065,Chennai,Jaipur,PICKED_UP,2,0,0,0,STALE,2026-09-04T00:05:00+00:00,2026-09-04T00:46:00+00:00
SHP-1977,SELLER-110,WH-033,CAR-006,Pune,Delhi,OUT_FOR_DELIVERY,4,0,0,1,STALE,2026-09-01T15:46:00+00:00,2026-09-02T01:19:00+00:00
SHP-1978,SELLER-477,WH-015,CAR-039,Chennai,Pune,PICKED_UP,2,0,0,0,STALE,2026-09-05T14:46:00+00:00,2026-09-05T16:40:00+00:00
SHP-1979,SELLER-352,WH-023,CAR-050,Bengaluru,Hyderabad,IN_TRANSIT,3,0,0,0,STALE,2026-09-01T17:20:00+00:00,2026-09-02T00:37:00+00:00
SHP-1980,SELLER-464,WH-020,CAR-076,Bengaluru,Hyderabad,IN_TRANSIT,3,0,0,0,STALE,2026-09-03T22:52:00+00:00,2026-09-04T02:13:00+00:00
SHP-1981,SELLER-060,WH-022,CAR-006,Chennai,Ahmedabad,OUT_FOR_DELIVERY,4,0,0,0,STALE,2026-09-04T23:53:00+00:00,2026-09-05T10:12:00+00:00
SHP-1982,SELLER-267,WH-039,CAR-029,Chennai,Hyderabad,IN_TRANSIT,3,0,0,1,STALE,2026-09-07T04:29:00+00:00,2026-09-07T10:22:00+00:00
SHP-1983,SELLER-174,WH-031,CAR-025,Jaipur,Bengaluru,CREATED,1,0,0,0,STALE,2026-09-01T08:30:00+00:00,2026-09-01T08:30:00+00:00
SHP-1984,SELLER-095,WH-019,CAR-046,Ahmedabad,Mumbai,DELIVERED,5,0,0,0,STALE,2026-09-02T01:17:00+00:00,2026-09-02T11:28:00+00:00
SHP-1985,SELLER-062,WH-037,CAR-013,Surat,Chennai,DELIVERED,5,0,1,0,STALE,2026-09-07T13:23:00+00:00,2026-09-07T23:01:00+00:00
SHP-1986,SELLER-436,WH-014,CAR-091,Delhi,Surat,DELIVERED,5,0,0,0,STALE,2026-09-05T03:50:00+00:00,2026-09-05T10:26:00+00:00
SHP-1987,SELLER-296,WH-023,CAR-021,Delhi,Bengaluru,IN_TRANSIT,3,0,0,0,STALE,2026-09-04T00:24:00+00:00,2026-09-04T02:44:00+00:00
SHP-1988,SELLER-285,WH-023,CAR-050,Delhi,Jaipur,PICKED_UP,2,0,0,0,STALE,2026-09-01T01:53:00+00:00,2026-09-01T04:05:00+00:00
SHP-1989,SELLER-404,WH-048,CAR-017,Bengaluru,Hyderabad,DELIVERED,5,0,0,0,STALE,2026-09-05T10:02:00+00:00,2026-09-05T17:11:00+00:00
SHP-1990,SELLER-042,WH-008,CAR-086,Delhi,Hyderabad,DELIVERED,5,0,0,0,FRESH,2026-09-07T22:12:00+00:00,2026-09-08T08:26:00+00:00
SHP-1991,SELLER-114,WH-008,CAR-037,Kolkata,Ahmedabad,IN_TRANSIT,3,0,0,0,STALE,2026-09-06T17:52:00+00:00,2026-09-06T20:43:00+00:00
SHP-1992,SELLER-025,WH-019,CAR-046,Bengaluru,Pune,PICKED_UP,2,1,0,0,STALE,2026-09-01T17:46:00+00:00,2026-09-01T18:28:00+00:00
SHP-1993,SELLER-063,WH-026,CAR-036,Mumbai,Surat,OUT_FOR_DELIVERY,4,0,0,0,STALE,2026-09-03T21:07:00+00:00,2026-09-04T07:57:00+00:00
SHP-1994,SELLER-218,WH-037,CAR-042,Hyderabad,Kolkata,IN_TRANSIT,3,0,0,1,STALE,2026-09-05T00:13:00+00:00,2026-09-05T06:16:00+00:00
SHP-1995,SELLER-068,WH-045,CAR-059,Hyderabad,Pune,IN_TRANSIT,3,0,0,0,STALE,2026-09-07T18:14:00+00:00,2026-09-07T23:38:00+00:00
SHP-1996,SELLER-073,WH-039,CAR-036,Mumbai,Kolkata,CREATED,1,0,0,0,STALE,2026-09-01T04:23:00+00:00,2026-09-01T04:23:00+00:00
SHP-1997,SELLER-318,WH-023,CAR-059,Ahmedabad,Pune,PICKED_UP,2,0,0,0,STALE,2026-09-03T04:01:00+00:00,2026-09-03T05:44:00+00:00
SHP-1998,SELLER-450,WH-039,CAR-045,Chennai,Bengaluru,CREATED,1,0,0,0,STALE,2026-09-04T06:00:00+00:00,2026-09-04T06:00:00+00:00
SHP-1999,SELLER-072,WH-034,CAR-081,Pune,Mumbai,IN_TRANSIT,3,0,0,0,STALE,2026-09-04T08:08:00+00:00,2026-09-04T15:08:00+00:00
SHP-2000,SELLER-491,WH-025,CAR-011,Mumbai,Ahmedabad,IN_TRANSIT,3,0,0,1,STALE,2026-09-07T03:29:00+00:00,2026-09-07T07:55:00+00:00
SHP-2001,SELLER-305,WH-041,CAR-087,Pune,Jaipur,OUT_FOR_DELIVERY,4,0,0,0,STALE,2026-09-02T10:06:00+00:00,2026-09-02T18:14:00+00:00
SHP-2002,SELLER-106,WH-006,CAR-092,Delhi,Pune,CREATED,1,0,0,0,STALE,2026-09-03T00:57:00+00:00,2026-09-03T00:57:00+00:00
SHP-2003,SELLER-175,WH-010,CAR-044,Pune,Bengaluru,CREATED,1,0,0,0,STALE,2026-09-04T15:39:00+00:00,2026-09-04T15:39:00+00:00
SHP-2004,SELLER-429,WH-040,CAR-040,Surat,Pune,DELIVERED,5,0,0,0,STALE,2026-09-06T03:35:00+00:00,2026-09-06T10:44:00+00:00
SHP-2005,SELLER-097,WH-047,CAR-016,Jaipur,Hyderabad,IN_TRANSIT,3,0,0,0,STALE,2026-09-05T16:58:00+00:00,2026-09-05T21:08:00+00:00
SHP-2006,SELLER-368,WH-046,CAR-016,Bengaluru,Delhi,DELIVERED,5,0,0,0,STALE,2026-09-07T14:00:00+00:00,2026-09-07T23:02:00+00:00
SHP-2007,SELLER-356,WH-013,CAR-088,Ahmedabad,Jaipur,IN_TRANSIT,3,0,0,1,STALE,2026-09-07T04:32:00+00:00,2026-09-07T10:57:00+00:00
SHP-2008,SELLER-112,WH-032,CAR-080,Surat,Jaipur,CREATED,1,0,0,0,STALE,2026-09-02T05:46:00+00:00,2026-09-02T05:46:00+00:00
SHP-2009,SELLER-492,WH-003,CAR-088,Surat,Pune,PICKED_UP,2,0,0,0,STALE,2026-09-04T12:51:00+00:00,2026-09-04T15:05:00+00:00
SHP-2010,SELLER-387,WH-028,CAR-028,Kolkata,Pune,IN_TRANSIT,3,0,0,0,STALE,2026-09-06T03:19:00+00:00,2026-09-06T08:50:00+00:00
SHP-2011,SELLER-074,WH-013,CAR-096,Ahmedabad,Delhi,PICKED_UP,2,0,0,0,STALE,2026-09-04T08:40:00+00:00,2026-09-04T09:42:00+00:00
SHP-2012,SELLER-461,WH-030,CAR-068,Jaipur,Delhi,IN_TRANSIT,3,0,0,0,STALE,2026-09-04T18:25:00+00:00,2026-09-05T01:27:00+00:00
SHP-2013,SELLER-082,WH-001,CAR-034,Ahmedabad,Pune,IN_TRANSIT,3,0,0,0,STALE,2026-09-05T07:40:00+00:00,2026-09-05T11:54:00+00:00
SHP-2014,SELLER-371,WH-043,CAR-017,Bengaluru,Jaipur,PICKED_UP,2,0,0,0,STALE,2026-09-01T19:43:00+00:00,2026-09-01T21:52:00+00:00
SHP-2015,SELLER-398,WH-049,CAR-091,Delhi,Ahmedabad,CREATED,1,0,0,0,STALE,2026-09-01T09:24:00+00:00,2026-09-01T09:24:00+00:00
SHP-2016,SELLER-431,WH-019,CAR-092,Mumbai,Kolkata,OUT_FOR_DELIVERY,4,0,0,0,STALE,2026-09-03T23:54:00+00:00,2026-09-04T05:36:00+00:00
SHP-2017,SELLER-181,WH-046,CAR-060,Hyderabad,Kolkata,DELIVERED,5,0,0,0,STALE,2026-09-03T10:18:00+00:00,2026-09-03T20:53:00+00:00
SHP-2018,SELLER-432,WH-040,CAR-060,Bengaluru,Delhi,CREATED,1,0,0,0,STALE,2026-09-01T12:28:00+00:00,2026-09-01T12:28:00+00:00
SHP-2019,SELLER-406,WH-041,CAR-039,Chennai,Kolkata,PICKED_UP,2,0,0,0,STALE,2026-09-07T19:44:00+00:00,2026-09-07T21:47:00+00:00
SHP-2020,SELLER-283,WH-046,CAR-053,Mumbai,Surat,IN_TRANSIT,3,0,0,0,STALE,2026-09-02T01:12:00+00:00,2026-09-02T05:52:00+00:00
SHP-2021,SELLER-256,WH-039,CAR-033,Chennai,Jaipur,IN_TRANSIT,3,0,0,0,STALE,2026-09-03T11:57:00+00:00,2026-09-03T15:46:00+00:00
SHP-2022,SELLER-096,WH-015,CAR-078,Kolkata,Hyderabad,IN_TRANSIT,3,0,0,0,STALE,2026-09-05T23:52:00+00:00,2026-09-06T07:04:00+00:00
SHP-2023,SELLER-159,WH-030,CAR-061,Ahmedabad,Hyderabad,CREATED,1,0,0,0,STALE,2026-09-01T04:54:00+00:00,2026-09-01T04:54:00+00:00
SHP-2024,SELLER-207,WH-025,CAR-053,Kolkata,Ahmedabad,CREATED,1,0,0,0,STALE,2026-09-06T02:41:00+00:00,2026-09-06T02:41:00+00:00
SHP-2025,SELLER-493,WH-046,CAR-018,Delhi,Surat,DELIVERED,5,0,0,0,STALE,2026-09-02T08:48:00+00:00,2026-09-02T21:30:00+00:00
SHP-2026,SELLER-219,WH-017,CAR-091,Chennai,Hyderabad,PICKED_UP,2,0,0,0,STALE,2026-09-01T03:01:00+00:00,2026-09-01T05:03:00+00:00
SHP-2027,SELLER-340,WH-049,CAR-005,Pune,Ahmedabad,OUT_FOR_DELIVERY,4,0,0,0,STALE,2026-09-05T12:25:00+00:00,2026-09-05T20:26:00+00:00
SHP-2028,SELLER-450,WH-036,CAR-012,Mumbai,Surat,OUT_FOR_DELIVERY,4,0,0,0,STALE,2026-09-05T22:14:00+00:00,2026-09-06T04:50:00+00:00
SHP-2029,SELLER-363,WH-002,CAR-040,Jaipur,Chennai,OUT_FOR_DELIVERY,4,0,0,0,STALE,2026-09-03T20:55:00+00:00,2026-09-04T04:23:00+00:00
SHP-2030,SELLER-038,WH-040,CAR-032,Ahmedabad,Chennai,DELIVERED,5,0,0,0,STALE,2026-09-03T08:57:00+00:00,2026-09-03T17:21:00+00:00
SHP-2031,SELLER-291,WH-014,CAR-047,Jaipur,Pune,CREATED,1,0,0,0,STALE,2026-09-04T12:16:00+00:00,2026-09-04T12:16:00+00:00
SHP-2032,SELLER-249,WH-017,CAR-077,Mumbai,Pune,PICKED_UP,2,0,0,0,STALE,2026-09-07T07:39:00+00:00,2026-09-07T10:29:00+00:00
SHP-2033,SELLER-403,WH-032,CAR-017,Chennai,Hyderabad,IN_TRANSIT,3,0,0,0,STALE,2026-09-01T03:32:00+00:00,2026-09-01T07:23:00+00:00
SHP-2034,SELLER-172,WH-020,CAR-068,Bengaluru,Kolkata,PICKED_UP,2,0,0,0,STALE,2026-09-03T06:17:00+00:00,2026-09-03T07:51:00+00:00
SHP-2035,SELLER-300,WH-039,CAR-002,Mumbai,Bengaluru,DELIVERED,5,0,1,0,STALE,2026-09-06T23:14:00+00:00,2026-09-07T08:17:00+00:00
SHP-2036,SELLER-272,WH-043,CAR-004,Pune,Jaipur,IN_TRANSIT,3,0,0,0,STALE,2026-09-07T12:16:00+00:00,2026-09-07T16:02:00+00:00
SHP-2037,SELLER-411,WH-012,CAR-098,Chennai,Jaipur,PICKED_UP,2,0,0,0,STALE,2026-09-04T11:26:00+00:00,2026-09-04T12:40:00+00:00
SHP-2038,SELLER-290,WH-029,CAR-021,Hyderabad,Pune,IN_TRANSIT,3,0,1,0,STALE,2026-09-06T08:03:00+00:00,2026-09-06T12:26:00+00:00
SHP-2039,SELLER-060,WH-044,CAR-043,Hyderabad,Mumbai,DELIVERED,5,0,0,0,STALE,2026-09-06T07:23:00+00:00,2026-09-06T17:13:00+00:00
SHP-2040,SELLER-445,WH-042,CAR-088,Jaipur,Pune,OUT_FOR_DELIVERY,4,0,0,0,STALE,2026-09-01T09:32:00+00:00,2026-09-01T20:16:00+00:00
SHP-2041,SELLER-486,WH-045,CAR-025,Pune,Hyderabad,PICKED_UP,2,0,0,0,STALE,2026-09-06T15:29:00+00:00,2026-09-06T16:42:00+00:00
SHP-2042,SELLER-253,WH-043,CAR-055,Kolkata,Ahmedabad,DELIVERED,5,0,0,0,STALE,2026-09-04T00:02:00+00:00,2026-09-04T08:56:00+00:00
SHP-2043,SELLER-141,WH-029,CAR-033,Kolkata,Bengaluru,OUT_FOR_DELIVERY,4,0,0,0,STALE,2026-09-02T11:25:00+00:00,2026-09-02T16:17:00+00:00
SHP-2044,SELLER-450,WH-015,CAR-083,Surat,Hyderabad,PICKED_UP,2,0,0,0,STALE,2026-09-01T07:22:00+00:00,2026-09-01T09:44:00+00:00
SHP-2045,SELLER-483,WH-003,CAR-099,Ahmedabad,Surat,CREATED,1,0,0,0,STALE,2026-09-03T14:41:00+00:00,2026-09-03T14:41:00+00:00
SHP-2046,SELLER-111,WH-013,CAR-094,Jaipur,Kolkata,DELIVERED,5,0,0,0,STALE,2026-09-07T14:28:00+00:00,2026-09-07T22:57:00+00:00
SHP-2047,SELLER-108,WH-004,CAR-036,Mumbai,Pune,CREATED,1,0,0,0,STALE,2026-09-05T09:29:00+00:00,2026-09-05T09:29:00+00:00
SHP-2048,SELLER-091,WH-046,CAR-033,Bengaluru,Pune,CREATED,1,0,0,0,STALE,2026-09-02T14:32:00+00:00,2026-09-02T14:32:00+00:00
SHP-2049,SELLER-185,WH-034,CAR-030,Jaipur,Ahmedabad,IN_TRANSIT,3,0,0,0,STALE,2026-09-05T21:55:00+00:00,2026-09-06T03:54:00+00:00
SHP-2050,SELLER-382,WH-003,CAR-032,Chennai,Delhi,DELIVERED,5,0,0,0,STALE,2026-09-03T05:40:00+00:00,2026-09-03T11:17:00+00:00
SHP-2051,SELLER-322,WH-032,CAR-056,Bengaluru,Jaipur,DELIVERED,5,0,0,0,STALE,2026-09-02T06:05:00+00:00,2026-09-02T15:35:00+00:00
SHP-2052,SELLER-219,WH-006,CAR-034,Hyderabad,Chennai,DELIVERED,5,0,0,0,STALE,2026-09-06T02:06:00+00:00,2026-09-06T11:47:00+00:00
SHP-2053,SELLER-390,WH-030,CAR-004,Pune,Surat,IN_TRANSIT,3,0,0,0,STALE,2026-09-05T22:09:00+00:00,2026-09-06T04:31:00+00:00
SHP-2054,SELLER-123,WH-047,CAR-052,Mumbai,Hyderabad,IN_TRANSIT,3,0,0,0,STALE,2026-09-02T10:46:00+00:00,2026-09-02T18:47:00+00:00
SHP-2055,SELLER-495,WH-014,CAR-032,Ahmedabad,Pune,DELIVERED,5,0,0,0,STALE,2026-09-06T01:45:00+00:00,2026-09-06T13:36:00+00:00
SHP-2056,SELLER-454,WH-002,CAR-055,Hyderabad,Bengaluru,IN_TRANSIT,3,0,0,0,STALE,2026-09-06T04:15:00+00:00,2026-09-06T11:08:00+00:00
SHP-2057,SELLER-413,WH-001,CAR-030,Hyderabad,Surat,DELIVERED,5,0,0,0,STALE,2026-09-04T23:55:00+00:00,2026-09-05T05:51:00+00:00
SHP-2058,SELLER-006,WH-013,CAR-016,Ahmedabad,Surat,DELIVERED,5,0,0,0,STALE,2026-09-06T18:11:00+00:00,2026-09-07T01:18:00+00:00
SHP-2059,SELLER-456,WH-003,CAR-071,Jaipur,Kolkata,CANCELLED,2,0,0,0,STALE,2026-09-07T16:27:00+00:00,2026-09-07T17:03:00+00:00
SHP-2060,SELLER-321,WH-024,CAR-056,Bengaluru,Pune,PICKED_UP,2,0,0,0,STALE,2026-09-01T14:46:00+00:00,2026-09-01T16:48:00+00:00
SHP-2061,SELLER-067,WH-039,CAR-077,Surat,Pune,IN_TRANSIT,3,0,0,0,STALE,2026-09-03T11:47:00+00:00,2026-09-03T16:59:00+00:00
SHP-2062,SELLER-016,WH-029,CAR-077,Surat,Mumbai,DELIVERED,5,1,0,0,STALE,2026-09-04T03:08:00+00:00,2026-09-04T09:58:00+00:00
SHP-2063,SELLER-103,WH-006,CAR-086,Jaipur,Delhi,OUT_FOR_DELIVERY,4,0,0,0,STALE,2026-09-05T08:59:00+00:00,2026-09-05T13:18:00+00:00
SHP-2064,SELLER-272,WH-019,CAR-091,Ahmedabad,Chennai,DELIVERED,5,0,0,0,STALE,2026-09-05T02:00:00+00:00,2026-09-05T13:54:00+00:00
SHP-2065,SELLER-192,WH-006,CAR-069,Delhi,Jaipur,CREATED,1,0,0,0,STALE,2026-09-03T03:16:00+00:00,2026-09-03T03:16:00+00:00
SHP-2066,SELLER-446,WH-009,CAR-056,Hyderabad,Delhi,IN_TRANSIT,3,0,0,0,STALE,2026-09-02T02:53:00+00:00,2026-09-02T09:24:00+00:00
SHP-2067,SELLER-041,WH-022,CAR-044,Surat,Bengaluru,PICKED_UP,2,0,0,0,STALE,2026-09-06T20:09:00+00:00,2026-09-06T23:06:00+00:00
SHP-2068,SELLER-169,WH-020,CAR-034,Jaipur,Ahmedabad,IN_TRANSIT,3,0,0,0,STALE,2026-09-04T20:27:00+00:00,2026-09-05T01:58:00+00:00
SHP-2069,SELLER-336,WH-017,CAR-037,Pune,Hyderabad,CREATED,1,0,0,0,STALE,2026-09-04T18:46:00+00:00,2026-09-04T18:46:00+00:00
SHP-2070,SELLER-228,WH-027,CAR-077,Kolkata,Pune,OUT_FOR_DELIVERY,4,0,0,0,STALE,2026-09-07T20:12:00+00:00,2026-09-08T02:41:00+00:00
SHP-2071,SELLER-169,WH-020,CAR-058,Ahmedabad,Jaipur,DELIVERED,5,0,0,0,STALE,2026-09-04T02:08:00+00:00,2026-09-04T10:17:00+00:00
SHP-2072,SELLER-248,WH-039,CAR-061,Surat,Bengaluru,CREATED,1,0,0,0,STALE,2026-09-01T16:57:00+00:00,2026-09-01T16:57:00+00:00
SHP-2073,SELLER-448,WH-022,CAR-047,Surat,Hyderabad,IN_TRANSIT,3,0,0,0,STALE,2026-09-04T12:47:00+00:00,2026-09-04T16:57:00+00:00
SHP-2074,SELLER-348,WH-037,CAR-044,Pune,Jaipur,CREATED,1,0,0,0,STALE,2026-09-04T18:04:00+00:00,2026-09-04T18:04:00+00:00
SHP-2075,SELLER-301,WH-015,CAR-044,Bengaluru,Chennai,OUT_FOR_DELIVERY,4,0,0,0,STALE,2026-09-05T21:40:00+00:00,2026-09-06T05:13:00+00:00
SHP-2076,SELLER-185,WH-013,CAR-009,Hyderabad,Pune,DELIVERED,5,0,0,0,STALE,2026-09-03T07:08:00+00:00,2026-09-03T12:55:00+00:00
SHP-2077,SELLER-183,WH-040,CAR-044,Kolkata,Ahmedabad,DELIVERED,5,0,0,0,STALE,2026-09-02T09:35:00+00:00,2026-09-02T21:17:00+00:00
SHP-2078,SELLER-412,WH-048,CAR-075,Mumbai,Bengaluru,IN_TRANSIT,3,0,0,0,STALE,2026-09-01T13:52:00+00:00,2026-09-01T20:14:00+00:00
SHP-2079,SELLER-048,WH-041,CAR-092,Surat,Ahmedabad,IN_TRANSIT,3,0,0,0,STALE,2026-09-03T12:54:00+00:00,2026-09-03T18:50:00+00:00
SHP-2080,SELLER-295,WH-034,CAR-065,Jaipur,Kolkata,IN_TRANSIT,3,0,0,0,STALE,2026-09-01T06:40:00+00:00,2026-09-01T08:58:00+00:00
SHP-2081,SELLER-105,WH-012,CAR-006,Delhi,Ahmedabad,PICKED_UP,2,0,0,0,STALE,2026-09-01T09:00:00+00:00,2026-09-01T10:18:00+00:00
SHP-2082,SELLER-482,WH-037,CAR-056,Chennai,Jaipur,IN_TRANSIT,3,0,0,0,STALE,2026-09-03T02:30:00+00:00,2026-09-03T05:32:00+00:00
SHP-2083,SELLER-271,WH-020,CAR-037,Ahmedabad,Surat,CREATED,1,0,0,0,STALE,2026-09-05T16:33:00+00:00,2026-09-05T16:33:00+00:00
SHP-2084,SELLER-222,WH-026,CAR-032,Hyderabad,Delhi,OUT_FOR_DELIVERY,4,0,0,0,STALE,2026-09-07T04:27:00+00:00,2026-09-07T12:18:00+00:00
SHP-2085,SELLER-141,WH-002,CAR-033,Ahmedabad,Surat,PICKED_UP,2,0,0,0,STALE,2026-09-02T21:27:00+00:00,2026-09-02T23:48:00+00:00
SHP-2086,SELLER-168,WH-034,CAR-012,Jaipur,Ahmedabad,IN_TRANSIT,3,0,0,0,STALE,2026-09-04T10:33:00+00:00,2026-09-04T15:13:00+00:00
SHP-2087,SELLER-313,WH-014,CAR-073,Surat,Kolkata,PICKED_UP,2,0,0,0,STALE,2026-09-04T17:18:00+00:00,2026-09-04T19:39:00+00:00
SHP-2088,SELLER-143,WH-001,CAR-020,Pune,Bengaluru,DELIVERED,5,0,0,0,STALE,2026-09-07T10:22:00+00:00,2026-09-07T22:15:00+00:00
SHP-2089,SELLER-125,WH-043,CAR-099,Delhi,Kolkata,IN_TRANSIT,3,0,0,0,STALE,2026-09-06T13:58:00+00:00,2026-09-06T20:23:00+00:00
SHP-2090,SELLER-199,WH-044,CAR-092,Mumbai,Hyderabad,IN_TRANSIT,3,0,0,0,STALE,2026-09-06T14:19:00+00:00,2026-09-06T20:17:00+00:00
SHP-2091,SELLER-352,WH-021,CAR-087,Ahmedabad,Pune,OUT_FOR_DELIVERY,4,0,0,0,STALE,2026-09-05T05:32:00+00:00,2026-09-05T13:43:00+00:00
SHP-2092,SELLER-384,WH-031,CAR-084,Pune,Hyderabad,IN_TRANSIT,3,0,0,0,STALE,2026-09-07T20:17:00+00:00,2026-09-07T22:59:00+00:00
SHP-2093,SELLER-493,WH-028,CAR-046,Chennai,Kolkata,OUT_FOR_DELIVERY,4,0,0,0,STALE,2026-09-03T00:29:00+00:00,2026-09-03T08:34:00+00:00
SHP-2094,SELLER-128,WH-021,CAR-011,Surat,Mumbai,IN_TRANSIT,3,0,0,0,STALE,2026-09-07T00:05:00+00:00,2026-09-07T03:40:00+00:00
SHP-2095,SELLER-281,WH-021,CAR-007,Jaipur,Mumbai,IN_TRANSIT,3,0,0,0,STALE,2026-09-03T03:12:00+00:00,2026-09-03T09:05:00+00:00
SHP-2096,SELLER-251,WH-043,CAR-076,Bengaluru,Kolkata,CREATED,1,0,0,0,STALE,2026-09-03T07:49:00+00:00,2026-09-03T07:49:00+00:00
SHP-2097,SELLER-050,WH-001,CAR-052,Bengaluru,Surat,IN_TRANSIT,3,0,0,1,STALE,2026-09-01T21:08:00+00:00,2026-09-02T03:19:00+00:00
SHP-2098,SELLER-430,WH-042,CAR-100,Hyderabad,Ahmedabad,IN_TRANSIT,3,0,0,0,STALE,2026-09-07T19:27:00+00:00,2026-09-08T01:21:00+00:00
SHP-2099,SELLER-411,WH-019,CAR-028,Kolkata,Surat,DELIVERED,5,0,0,0,STALE,2026-09-01T12:13:00+00:00,2026-09-01T20:06:00+00:00
SHP-2100,SELLER-460,WH-009,CAR-014,Pune,Surat,IN_TRANSIT,3,0,0,0,STALE,2026-09-04T06:30:00+00:00,2026-09-04T10:53:00+00:00
SHP-2101,SELLER-043,WH-040,CAR-017,Ahmedabad,Hyderabad,PICKED_UP,2,0,0,0,STALE,2026-09-01T23:45:00+00:00,2026-09-02T02:00:00+00:00
SHP-2102,SELLER-090,WH-015,CAR-026,Pune,Mumbai,DELIVERED,5,0,0,1,STALE,2026-09-05T01:09:00+00:00,2026-09-05T12:17:00+00:00
SHP-2103,SELLER-208,WH-041,CAR-061,Bengaluru,Chennai,IN_TRANSIT,3,0,0,1,STALE,2026-09-04T13:45:00+00:00,2026-09-04T18:59:00+00:00
SHP-2104,SELLER-297,WH-001,CAR-041,Ahmedabad,Mumbai,OUT_FOR_DELIVERY,4,0,0,0,STALE,2026-09-03T00:33:00+00:00,2026-09-03T07:47:00+00:00
SHP-2105,SELLER-357,WH-015,CAR-003,Kolkata,Hyderabad,IN_TRANSIT,3,0,0,0,STALE,2026-09-07T15:07:00+00:00,2026-09-07T17:25:00+00:00
SHP-2106,SELLER-075,WH-007,CAR-091,Jaipur,Chennai,CREATED,1,0,0,0,STALE,2026-09-04T02:06:00+00:00,2026-09-04T02:06:00+00:00
SHP-2107,SELLER-203,WH-044,CAR-034,Pune,Surat,OUT_FOR_DELIVERY,4,0,0,1,STALE,2026-09-04T18:21:00+00:00,2026-09-04T23:58:00+00:00
SHP-2108,SELLER-026,WH-039,CAR-029,Chennai,Kolkata,IN_TRANSIT,3,0,0,0,STALE,2026-09-05T03:40:00+00:00,2026-09-05T08:48:00+00:00
SHP-2109,SELLER-100,WH-030,CAR-090,Bengaluru,Mumbai,IN_TRANSIT,3,0,0,0,STALE,2026-09-07T03:31:00+00:00,2026-09-07T09:20:00+00:00
SHP-2110,SELLER-237,WH-001,CAR-096,Hyderabad,Jaipur,CREATED,1,0,0,0,STALE,2026-09-03T02:13:00+00:00,2026-09-03T02:13:00+00:00
SHP-2111,SELLER-361,WH-045,CAR-080,Delhi,Surat,DELIVERED,5,0,0,0,STALE,2026-09-03T13:09:00+00:00,2026-09-04T01:51:00+00:00
SHP-2112,SELLER-019,WH-023,CAR-078,Mumbai,Jaipur,DELIVERED,5,0,0,1,STALE,2026-09-03T16:38:00+00:00,2026-09-04T01:33:00+00:00
SHP-2113,SELLER-250,WH-038,CAR-028,Pune,Hyderabad,IN_TRANSIT,3,0,0,0,STALE,2026-09-01T07:37:00+00:00,2026-09-01T12:43:00+00:00
SHP-2114,SELLER-172,WH-037,CAR-026,Kolkata,Jaipur,CREATED,1,0,0,0,STALE,2026-09-06T15:50:00+00:00,2026-09-06T15:50:00+00:00
SHP-2115,SELLER-443,WH-024,CAR-001,Surat,Hyderabad,IN_TRANSIT,3,0,0,0,STALE,2026-09-01T03:22:00+00:00,2026-09-01T08:42:00+00:00
SHP-2116,SELLER-420,WH-011,CAR-053,Bengaluru,Chennai,DELIVERED,5,0,0,0,STALE,2026-09-05T08:35:00+00:00,2026-09-05T15:07:00+00:00
SHP-2117,SELLER-302,WH-018,CAR-074,Bengaluru,Surat,CREATED,1,0,0,0,STALE,2026-09-06T07:37:00+00:00,2026-09-06T07:37:00+00:00
SHP-2118,SELLER-026,WH-013,CAR-018,Ahmedabad,Pune,OUT_FOR_DELIVERY,4,0,0,0,STALE,2026-09-07T00:00:00+00:00,2026-09-07T10:32:00+00:00
SHP-2119,SELLER-143,WH-043,CAR-076,Ahmedabad,Delhi,OUT_FOR_DELIVERY,4,0,0,0,STALE,2026-09-06T18:18:00+00:00,2026-09-07T02:43:00+00:00
SHP-2120,SELLER-326,WH-021,CAR-077,Kolkata,Ahmedabad,OUT_FOR_DELIVERY,4,0,0,0,STALE,2026-09-07T09:43:00+00:00,2026-09-07T16:21:00+00:00
SHP-2121,SELLER-375,WH-034,CAR-086,Surat,Delhi,IN_TRANSIT,3,0,0,0,STALE,2026-09-01T13:18:00+00:00,2026-09-01T20:47:00+00:00
SHP-2122,SELLER-278,WH-008,CAR-071,Delhi,Mumbai,IN_TRANSIT,3,0,0,0,STALE,2026-09-06T15:36:00+00:00,2026-09-06T21:18:00+00:00
SHP-2123,SELLER-342,WH-044,CAR-043,Jaipur,Hyderabad,PICKED_UP,2,0,0,0,STALE,2026-09-03T16:13:00+00:00,2026-09-03T18:21:00+00:00
SHP-2124,SELLER-091,WH-023,CAR-019,Bengaluru,Delhi,IN_TRANSIT,3,0,0,0,STALE,2026-09-01T16:48:00+00:00,2026-09-01T23:34:00+00:00
SHP-2125,SELLER-216,WH-038,CAR-074,Chennai,Hyderabad,IN_TRANSIT,3,0,0,0,STALE,2026-09-01T10:15:00+00:00,2026-09-01T12:24:00+00:00
SHP-2126,SELLER-264,WH-048,CAR-093,Ahmedabad,Kolkata,PICKED_UP,2,0,0,0,STALE,2026-09-04T17:57:00+00:00,2026-09-04T19:12:00+00:00
SHP-2127,SELLER-346,WH-018,CAR-100,Jaipur,Ahmedabad,PICKED_UP,2,0,0,0,STALE,2026-09-06T17:40:00+00:00,2026-09-06T18:39:00+00:00
SHP-2128,SELLER-341,WH-038,CAR-026,Hyderabad,Pune,CREATED,1,0,0,0,STALE,2026-09-03T15:00:00+00:00,2026-09-03T15:00:00+00:00
SHP-2129,SELLER-499,WH-011,CAR-017,Delhi,Hyderabad,CREATED,1,0,0,0,STALE,2026-09-06T05:38:00+00:00,2026-09-06T05:38:00+00:00
SHP-2130,SELLER-221,WH-022,CAR-002,Chennai,Kolkata,OUT_FOR_DELIVERY,4,0,0,0,STALE,2026-09-05T23:58:00+00:00,2026-09-06T07:41:00+00:00
SHP-2131,SELLER-343,WH-020,CAR-028,Hyderabad,Pune,PICKED_UP,2,0,0,0,STALE,2026-09-03T19:37:00+00:00,2026-09-03T20:26:00+00:00
SHP-2132,SELLER-439,WH-038,CAR-019,Ahmedabad,Delhi,CREATED,1,0,0,0,STALE,2026-09-04T02:11:00+00:00,2026-09-04T02:11:00+00:00
SHP-2133,SELLER-018,WH-047,CAR-025,Pune,Kolkata,IN_TRANSIT,3,0,0,0,STALE,2026-09-05T00:12:00+00:00,2026-09-05T03:20:00+00:00
SHP-2134,SELLER-424,WH-030,CAR-001,Jaipur,Surat,PICKED_UP,2,0,0,0,STALE,2026-09-01T04:31:00+00:00,2026-09-01T07:27:00+00:00
SHP-2135,SELLER-330,WH-018,CAR-035,Mumbai,Bengaluru,OUT_FOR_DELIVERY,4,0,0,0,STALE,2026-09-01T18:25:00+00:00,2026-09-02T03:24:00+00:00
SHP-2136,SELLER-472,WH-001,CAR-014,Jaipur,Mumbai,IN_TRANSIT,3,0,0,0,STALE,2026-09-05T17:30:00+00:00,2026-09-06T00:29:00+00:00
SHP-2137,SELLER-489,WH-021,CAR-027,Jaipur,Hyderabad,OUT_FOR_DELIVERY,4,0,0,0,STALE,2026-09-01T21:10:00+00:00,2026-09-02T05:19:00+00:00
SHP-2138,SELLER-147,WH-044,CAR-021,Pune,Delhi,PICKED_UP,2,0,0,0,STALE,2026-09-04T19:17:00+00:00,2026-09-04T20:59:00+00:00
SHP-2139,SELLER-493,WH-008,CAR-030,Kolkata,Hyderabad,OUT_FOR_DELIVERY,4,0,0,0,STALE,2026-09-02T22:19:00+00:00,2026-09-03T03:32:00+00:00
SHP-2140,SELLER-197,WH-004,CAR-080,Kolkata,Hyderabad,IN_TRANSIT,3,0,0,0,STALE,2026-09-01T13:32:00+00:00,2026-09-01T21:17:00+00:00
SHP-2141,SELLER-397,WH-023,CAR-014,Pune,Chennai,PICKED_UP,2,0,0,0,STALE,2026-09-01T20:21:00+00:00,2026-09-01T21:12:00+00:00
SHP-2142,SELLER-325,WH-007,CAR-063,Kolkata,Ahmedabad,CREATED,1,0,0,0,STALE,2026-09-06T20:31:00+00:00,2026-09-06T20:31:00+00:00
SHP-2143,SELLER-464,WH-039,CAR-044,Pune,Hyderabad,OUT_FOR_DELIVERY,4,0,0,0,STALE,2026-09-01T23:27:00+00:00,2026-09-02T07:07:00+00:00
SHP-2144,SELLER-175,WH-039,CAR-009,Kolkata,Ahmedabad,OUT_FOR_DELIVERY,4,0,0,0,STALE,2026-09-04T15:14:00+00:00,2026-09-05T01:15:00+00:00
SHP-2145,SELLER-378,WH-020,CAR-076,Delhi,Chennai,CREATED,1,0,0,0,STALE,2026-09-07T15:42:00+00:00,2026-09-07T15:42:00+00:00
SHP-2146,SELLER-330,WH-044,CAR-014,Hyderabad,Delhi,IN_TRANSIT,3,1,0,0,STALE,2026-09-07T21:54:00+00:00,2026-09-08T02:15:00+00:00
SHP-2147,SELLER-356,WH-046,CAR-051,Surat,Chennai,IN_TRANSIT,3,0,0,0,STALE,2026-09-04T05:41:00+00:00,2026-09-04T09:11:00+00:00
SHP-2148,SELLER-022,WH-010,CAR-007,Surat,Jaipur,IN_TRANSIT,3,0,0,0,STALE,2026-09-04T11:53:00+00:00,2026-09-04T18:03:00+00:00
SHP-2149,SELLER-076,WH-030,CAR-024,Surat,Mumbai,PICKED_UP,2,0,0,0,STALE,2026-09-05T09:17:00+00:00,2026-09-05T11:10:00+00:00
SHP-2150,SELLER-140,WH-045,CAR-082,Surat,Mumbai,CANCELLED,2,1,0,0,STALE,2026-09-04T13:34:00+00:00,2026-09-04T14:42:00+00:00
SHP-2151,SELLER-049,WH-007,CAR-025,Bengaluru,Surat,PICKED_UP,2,0,0,0,STALE,2026-09-02T13:31:00+00:00,2026-09-02T14:27:00+00:00
SHP-2152,SELLER-088,WH-016,CAR-038,Delhi,Surat,PICKED_UP,2,0,0,0,STALE,2026-09-01T03:22:00+00:00,2026-09-01T04:29:00+00:00
SHP-2153,SELLER-203,WH-012,CAR-051,Ahmedabad,Mumbai,IN_TRANSIT,3,0,0,0,STALE,2026-09-02T19:10:00+00:00,2026-09-02T23:24:00+00:00
SHP-2154,SELLER-226,WH-003,CAR-058,Ahmedabad,Pune,CREATED,1,0,0,0,STALE,2026-09-02T12:45:00+00:00,2026-09-02T12:45:00+00:00
SHP-2155,SELLER-471,WH-047,CAR-026,Surat,Jaipur,IN_TRANSIT,3,0,0,0,STALE,2026-09-05T20:29:00+00:00,2026-09-06T04:14:00+00:00
SHP-2156,SELLER-230,WH-042,CAR-044,Delhi,Kolkata,DELIVERED,5,0,0,0,STALE,2026-09-01T14:08:00+00:00,2026-09-02T00:17:00+00:00
SHP-2157,SELLER-412,WH-009,CAR-045,Hyderabad,Delhi,IN_TRANSIT,3,0,0,0,STALE,2026-09-04T07:00:00+00:00,2026-09-04T12:07:00+00:00
SHP-2158,SELLER-433,WH-028,CAR-097,Chennai,Surat,PICKED_UP,2,0,0,0,STALE,2026-09-03T02:35:00+00:00,2026-09-03T05:27:00+00:00
SHP-2159,SELLER-476,WH-033,CAR-074,Chennai,Ahmedabad,IN_TRANSIT,3,0,0,0,STALE,2026-09-02T21:26:00+00:00,2026-09-03T01:36:00+00:00
SHP-2160,SELLER-119,WH-023,CAR-059,Chennai,Mumbai,IN_TRANSIT,3,0,0,0,FRESH,2026-09-07T20:24:00+00:00,2026-09-08T05:18:00+00:00
SHP-2161,SELLER-334,WH-013,CAR-041,Chennai,Kolkata,OUT_FOR_DELIVERY,4,1,0,0,STALE,2026-09-01T15:34:00+00:00,2026-09-02T00:31:00+00:00
SHP-2162,SELLER-145,WH-043,CAR-074,Surat,Pune,PICKED_UP,2,0,0,0,STALE,2026-09-04T22:37:00+00:00,2026-09-05T00:43:00+00:00
SHP-2163,SELLER-037,WH-016,CAR-070,Bengaluru,Pune,DELIVERED,5,0,0,0,STALE,2026-09-05T01:52:00+00:00,2026-09-05T09:04:00+00:00
SHP-2164,SELLER-381,WH-021,CAR-079,Mumbai,Pune,PICKED_UP,2,0,0,0,STALE,2026-09-07T14:52:00+00:00,2026-09-07T16:15:00+00:00
SHP-2165,SELLER-361,WH-007,CAR-004,Surat,Pune,IN_TRANSIT,3,0,0,0,STALE,2026-09-04T21:33:00+00:00,2026-09-05T03:03:00+00:00
SHP-2166,SELLER-129,WH-005,CAR-063,Chennai,Jaipur,DELIVERED,5,0,0,0,STALE,2026-09-02T14:52:00+00:00,2026-09-03T01:10:00+00:00
SHP-2167,SELLER-058,WH-009,CAR-067,Mumbai,Jaipur,CREATED,1,0,0,0,STALE,2026-09-06T23:43:00+00:00,2026-09-06T23:43:00+00:00
SHP-2168,SELLER-335,WH-047,CAR-073,Chennai,Pune,DELIVERED,5,0,0,0,STALE,2026-09-04T11:53:00+00:00,2026-09-04T20:17:00+00:00
SHP-2169,SELLER-037,WH-006,CAR-040,Surat,Chennai,PICKED_UP,2,0,0,0,STALE,2026-09-02T04:42:00+00:00,2026-09-02T07:28:00+00:00
SHP-2170,SELLER-222,WH-047,CAR-099,Kolkata,Hyderabad,OUT_FOR_DELIVERY,4,0,0,0,STALE,2026-09-01T07:11:00+00:00,2026-09-01T12:25:00+00:00
SHP-2171,SELLER-020,WH-003,CAR-017,Mumbai,Surat,PICKED_UP,2,0,0,0,STALE,2026-09-01T20:41:00+00:00,2026-09-01T21:17:00+00:00
SHP-2172,SELLER-135,WH-028,CAR-009,Pune,Surat,IN_TRANSIT,3,0,0,0,STALE,2026-09-06T01:40:00+00:00,2026-09-06T08:01:00+00:00
SHP-2173,SELLER-493,WH-002,CAR-036,Chennai,Kolkata,OUT_FOR_DELIVERY,4,0,0,0,STALE,2026-09-03T21:51:00+00:00,2026-09-04T05:32:00+00:00
SHP-2174,SELLER-034,WH-001,CAR-081,Hyderabad,Mumbai,PICKED_UP,2,0,0,0,STALE,2026-09-03T16:00:00+00:00,2026-09-03T18:03:00+00:00
SHP-2175,SELLER-069,WH-004,CAR-093,Ahmedabad,Delhi,OUT_FOR_DELIVERY,4,0,0,0,STALE,2026-09-02T10:55:00+00:00,2026-09-02T15:58:00+00:00
SHP-2176,SELLER-308,WH-049,CAR-072,Surat,Jaipur,IN_TRANSIT,3,0,0,0,STALE,2026-09-07T07:12:00+00:00,2026-09-07T11:19:00+00:00
SHP-2177,SELLER-337,WH-005,CAR-017,Chennai,Surat,CREATED,1,0,0,0,STALE,2026-09-07T12:40:00+00:00,2026-09-07T12:40:00+00:00
SHP-2178,SELLER-315,WH-030,CAR-083,Delhi,Bengaluru,PICKED_UP,2,0,0,0,STALE,2026-09-06T10:07:00+00:00,2026-09-06T10:46:00+00:00
SHP-2179,SELLER-175,WH-048,CAR-065,Pune,Surat,DELIVERED,5,0,0,0,STALE,2026-09-01T23:04:00+00:00,2026-09-02T05:45:00+00:00
SHP-2180,SELLER-179,WH-032,CAR-041,Jaipur,Kolkata,IN_TRANSIT,3,0,0,0,STALE,2026-09-07T11:18:00+00:00,2026-09-07T16:17:00+00:00
SHP-2181,SELLER-424,WH-020,CAR-077,Chennai,Hyderabad,IN_TRANSIT,3,0,1,0,STALE,2026-09-06T02:20:00+00:00,2026-09-06T08:54:00+00:00
SHP-2182,SELLER-028,WH-048,CAR-060,Mumbai,Pune,PICKED_UP,2,0,0,0,STALE,2026-09-07T08:37:00+00:00,2026-09-07T09:54:00+00:00
SHP-2183,SELLER-333,WH-023,CAR-093,Kolkata,Chennai,OUT_FOR_DELIVERY,4,0,0,0,STALE,2026-09-04T00:54:00+00:00,2026-09-04T09:12:00+00:00
SHP-2184,SELLER-498,WH-038,CAR-022,Delhi,Mumbai,OUT_FOR_DELIVERY,4,1,0,0,STALE,2026-09-01T08:32:00+00:00,2026-09-01T15:36:00+00:00
SHP-2185,SELLER-152,WH-026,CAR-014,Ahmedabad,Kolkata,OUT_FOR_DELIVERY,4,0,0,0,STALE,2026-09-07T02:45:00+00:00,2026-09-07T09:25:00+00:00
SHP-2186,SELLER-132,WH-018,CAR-020,Pune,Delhi,OUT_FOR_DELIVERY,4,0,0,0,STALE,2026-09-04T10:05:00+00:00,2026-09-04T15:40:00+00:00
SHP-2187,SELLER-399,WH-001,CAR-030,Chennai,Delhi,PICKED_UP,2,0,0,0,STALE,2026-09-01T12:50:00+00:00,2026-09-01T14:35:00+00:00
SHP-2188,SELLER-069,WH-020,CAR-049,Pune,Surat,IN_TRANSIT,3,0,0,0,STALE,2026-09-06T11:51:00+00:00,2026-09-06T15:32:00+00:00
SHP-2189,SELLER-227,WH-040,CAR-077,Jaipur,Delhi,PICKED_UP,2,0,0,0,STALE,2026-09-07T12:38:00+00:00,2026-09-07T14:20:00+00:00
SHP-2190,SELLER-054,WH-044,CAR-025,Bengaluru,Delhi,IN_TRANSIT,3,0,0,0,STALE,2026-09-04T06:45:00+00:00,2026-09-04T12:03:00+00:00
SHP-2191,SELLER-064,WH-011,CAR-060,Kolkata,Mumbai,DELIVERED,5,0,0,0,STALE,2026-09-06T09:36:00+00:00,2026-09-06T17:09:00+00:00
SHP-2192,SELLER-108,WH-025,CAR-018,Kolkata,Mumbai,DELIVERED,5,0,0,0,STALE,2026-09-02T18:16:00+00:00,2026-09-02T23:05:00+00:00
SHP-2193,SELLER-251,WH-007,CAR-032,Pune,Chennai,CREATED,1,0,0,0,STALE,2026-09-01T09:01:00+00:00,2026-09-01T09:01:00+00:00
SHP-2194,SELLER-447,WH-009,CAR-023,Mumbai,Kolkata,PICKED_UP,2,0,0,0,STALE,2026-09-05T19:44:00+00:00,2026-09-05T21:16:00+00:00
SHP-2195,SELLER-136,WH-043,CAR-018,Kolkata,Ahmedabad,CREATED,1,0,0,0,STALE,2026-09-05T15:46:00+00:00,2026-09-05T15:46:00+00:00
SHP-2196,SELLER-494,WH-044,CAR-041,Surat,Hyderabad,PICKED_UP,2,0,0,0,STALE,2026-09-02T14:41:00+00:00,2026-09-02T15:32:00+00:00
SHP-2197,SELLER-108,WH-029,CAR-098,Kolkata,Surat,DELIVERED,5,0,0,0,STALE,2026-09-05T13:37:00+00:00,2026-09-05T21:04:00+00:00
SHP-2198,SELLER-069,WH-013,CAR-045,Jaipur,Kolkata,IN_TRANSIT,3,0,0,0,STALE,2026-09-04T22:58:00+00:00,2026-09-05T03:32:00+00:00
SHP-2199,SELLER-173,WH-002,CAR-064,Kolkata,Bengaluru,DELIVERED,5,0,0,0,STALE,2026-09-06T18:50:00+00:00,2026-09-07T03:35:00+00:00
SHP-2200,SELLER-361,WH-045,CAR-061,Ahmedabad,Jaipur,IN_TRANSIT,3,0,0,0,STALE,2026-09-04T05:53:00+00:00,2026-09-04T12:23:00+00:00
SHP-2201,SELLER-025,WH-028,CAR-002,Pune,Surat,DELIVERED,5,0,0,0,STALE,2026-09-02T13:03:00+00:00,2026-09-02T23:31:00+00:00
SHP-2202,SELLER-335,WH-025,CAR-003,Surat,Mumbai,CREATED,1,0,0,0,STALE,2026-09-01T06:02:00+00:00,2026-09-01T06:02:00+00:00
SHP-2203,SELLER-013,WH-030,CAR-021,Kolkata,Hyderabad,DELIVERED,5,0,0,1,STALE,2026-09-05T00:43:00+00:00,2026-09-05T09:26:00+00:00
SHP-2204,SELLER-343,WH-007,CAR-091,Ahmedabad,Hyderabad,PICKED_UP,2,0,0,0,STALE,2026-09-05T11:39:00+00:00,2026-09-05T13:04:00+00:00
SHP-2205,SELLER-384,WH-044,CAR-089,Surat,Hyderabad,PICKED_UP,2,0,0,0,STALE,2026-09-07T19:09:00+00:00,2026-09-07T21:54:00+00:00
SHP-2206,SELLER-294,WH-023,CAR-020,Chennai,Ahmedabad,CREATED,1,0,0,0,STALE,2026-09-06T16:21:00+00:00,2026-09-06T16:21:00+00:00
SHP-2207,SELLER-467,WH-017,CAR-073,Pune,Hyderabad,PICKED_UP,2,0,0,0,STALE,2026-09-04T11:38:00+00:00,2026-09-04T13:38:00+00:00
SHP-2208,SELLER-260,WH-008,CAR-023,Ahmedabad,Chennai,OUT_FOR_DELIVERY,4,0,0,0,STALE,2026-09-06T14:37:00+00:00,2026-09-06T21:30:00+00:00
SHP-2209,SELLER-442,WH-043,CAR-017,Ahmedabad,Pune,CREATED,1,0,0,0,STALE,2026-09-05T15:35:00+00:00,2026-09-05T15:35:00+00:00
SHP-2210,SELLER-364,WH-002,CAR-099,Hyderabad,Bengaluru,PICKED_UP,2,0,0,0,STALE,2026-09-05T10:20:00+00:00,2026-09-05T12:23:00+00:00
SHP-2211,SELLER-259,WH-006,CAR-016,Bengaluru,Pune,CREATED,1,0,0,0,STALE,2026-09-02T13:05:00+00:00,2026-09-02T13:05:00+00:00
SHP-2212,SELLER-273,WH-046,CAR-078,Delhi,Bengaluru,IN_TRANSIT,3,0,0,0,STALE,2026-09-04T07:43:00+00:00,2026-09-04T12:52:00+00:00
SHP-2213,SELLER-407,WH-018,CAR-024,Chennai,Hyderabad,PICKED_UP,2,0,0,0,STALE,2026-09-04T00:21:00+00:00,2026-09-04T01:49:00+00:00
SHP-2214,SELLER-404,WH-009,CAR-092,Ahmedabad,Surat,DELIVERED,5,0,1,0,FRESH,2026-09-07T22:00:00+00:00,2026-09-08T05:48:00+00:00
SHP-2215,SELLER-458,WH-041,CAR-081,Hyderabad,Surat,IN_TRANSIT,3,0,0,0,STALE,2026-09-07T11:26:00+00:00,2026-09-07T17:25:00+00:00
SHP-2216,SELLER-014,WH-023,CAR-024,Bengaluru,Surat,IN_TRANSIT,3,0,0,0,STALE,2026-09-03T05:07:00+00:00,2026-09-03T12:04:00+00:00
SHP-2217,SELLER-431,WH-015,CAR-060,Ahmedabad,Chennai,CREATED,1,0,0,0,STALE,2026-09-02T11:32:00+00:00,2026-09-02T11:32:00+00:00
SHP-2218,SELLER-244,WH-013,CAR-036,Mumbai,Kolkata,IN_TRANSIT,3,0,0,0,STALE,2026-09-01T14:06:00+00:00,2026-09-01T17:45:00+00:00
SHP-2219,SELLER-367,WH-002,CAR-001,Surat,Bengaluru,IN_TRANSIT,3,0,0,0,STALE,2026-09-02T23:11:00+00:00,2026-09-03T04:06:00+00:00
SHP-2220,SELLER-500,WH-018,CAR-045,Delhi,Hyderabad,IN_TRANSIT,3,0,0,0,STALE,2026-09-04T16:17:00+00:00,2026-09-04T22:19:00+00:00
SHP-2221,SELLER-059,WH-030,CAR-047,Ahmedabad,Bengaluru,PICKED_UP,2,0,0,0,STALE,2026-09-03T05:41:00+00:00,2026-09-03T08:32:00+00:00
SHP-2222,SELLER-002,WH-039,CAR-037,Mumbai,Jaipur,PICKED_UP,2,0,0,0,STALE,2026-09-02T22:13:00+00:00,2026-09-02T23:14:00+00:00
SHP-2223,SELLER-263,WH-041,CAR-070,Pune,Jaipur,IN_TRANSIT,3,0,0,0,STALE,2026-09-06T20:48:00+00:00,2026-09-06T23:43:00+00:00
SHP-2224,SELLER-050,WH-020,CAR-043,Bengaluru,Kolkata,IN_TRANSIT,3,0,0,0,STALE,2026-09-05T23:31:00+00:00,2026-09-06T03:09:00+00:00
SHP-2225,SELLER-490,WH-022,CAR-014,Jaipur,Mumbai,PICKED_UP,2,0,0,0,STALE,2026-09-02T12:40:00+00:00,2026-09-02T14:28:00+00:00
SHP-2226,SELLER-139,WH-049,CAR-085,Kolkata,Bengaluru,OUT_FOR_DELIVERY,4,0,0,0,STALE,2026-09-03T22:47:00+00:00,2026-09-04T05:59:00+00:00
SHP-2227,SELLER-218,WH-046,CAR-097,Pune,Jaipur,PICKED_UP,2,0,0,0,STALE,2026-09-01T09:09:00+00:00,2026-09-01T12:01:00+00:00
SHP-2228,SELLER-215,WH-037,CAR-066,Kolkata,Surat,PICKED_UP,2,0,0,0,STALE,2026-09-04T01:55:00+00:00,2026-09-04T02:44:00+00:00
SHP-2229,SELLER-416,WH-028,CAR-059,Delhi,Ahmedabad,PICKED_UP,2,0,0,0,STALE,2026-09-02T01:01:00+00:00,2026-09-02T03:25:00+00:00
SHP-2230,SELLER-313,WH-021,CAR-028,Ahmedabad,Jaipur,CREATED,1,0,0,0,STALE,2026-09-02T19:43:00+00:00,2026-09-02T19:43:00+00:00
SHP-2231,SELLER-295,WH-014,CAR-015,Pune,Hyderabad,IN_TRANSIT,3,0,0,0,STALE,2026-09-07T19:11:00+00:00,2026-09-08T01:02:00+00:00
SHP-2232,SELLER-002,WH-019,CAR-006,Ahmedabad,Chennai,IN_TRANSIT,3,0,0,0,STALE,2026-09-01T18:38:00+00:00,2026-09-02T01:43:00+00:00
SHP-2233,SELLER-427,WH-050,CAR-100,Chennai,Delhi,IN_TRANSIT,3,0,0,0,STALE,2026-09-03T08:53:00+00:00,2026-09-03T14:04:00+00:00
SHP-2234,SELLER-003,WH-002,CAR-071,Kolkata,Jaipur,OUT_FOR_DELIVERY,4,0,0,0,STALE,2026-09-07T13:18:00+00:00,2026-09-07T19:51:00+00:00
SHP-2235,SELLER-438,WH-001,CAR-043,Ahmedabad,Surat,PICKED_UP,2,0,0,1,STALE,2026-09-07T21:24:00+00:00,2026-09-07T22:46:00+00:00
SHP-2236,SELLER-467,WH-016,CAR-082,Pune,Kolkata,OUT_FOR_DELIVERY,4,0,0,0,STALE,2026-09-02T10:08:00+00:00,2026-09-02T18:47:00+00:00
SHP-2237,SELLER-013,WH-032,CAR-035,Pune,Mumbai,DELIVERED,5,0,0,1,STALE,2026-09-03T17:25:00+00:00,2026-09-04T01:11:00+00:00
SHP-2238,SELLER-043,WH-043,CAR-094,Pune,Chennai,IN_TRANSIT,3,0,0,0,STALE,2026-09-06T05:10:00+00:00,2026-09-06T11:37:00+00:00
SHP-2239,SELLER-131,WH-024,CAR-065,Pune,Ahmedabad,CREATED,1,0,0,0,STALE,2026-09-02T16:45:00+00:00,2026-09-02T16:45:00+00:00
SHP-2240,SELLER-390,WH-035,CAR-093,Ahmedabad,Hyderabad,CREATED,1,0,0,0,STALE,2026-09-02T22:30:00+00:00,2026-09-02T22:30:00+00:00
SHP-2241,SELLER-260,WH-024,CAR-030,Mumbai,Kolkata,CREATED,1,0,0,0,STALE,2026-09-07T21:01:00+00:00,2026-09-07T21:01:00+00:00
SHP-2242,SELLER-257,WH-031,CAR-023,Pune,Chennai,OUT_FOR_DELIVERY,4,0,0,0,STALE,2026-09-07T12:10:00+00:00,2026-09-07T20:36:00+00:00
SHP-2243,SELLER-289,WH-002,CAR-002,Ahmedabad,Mumbai,PICKED_UP,2,0,0,0,STALE,2026-09-02T13:51:00+00:00,2026-09-02T15:35:00+00:00
SHP-2244,SELLER-180,WH-027,CAR-059,Ahmedabad,Mumbai,IN_TRANSIT,3,1,0,0,STALE,2026-09-04T00:36:00+00:00,2026-09-04T06:45:00+00:00
SHP-2245,SELLER-119,WH-037,CAR-011,Mumbai,Ahmedabad,OUT_FOR_DELIVERY,4,0,0,0,STALE,2026-09-04T12:40:00+00:00,2026-09-04T22:42:00+00:00
SHP-2246,SELLER-441,WH-017,CAR-062,Pune,Bengaluru,IN_TRANSIT,3,0,0,0,STALE,2026-09-02T10:19:00+00:00,2026-09-02T15:08:00+00:00
SHP-2247,SELLER-451,WH-021,CAR-024,Mumbai,Jaipur,IN_TRANSIT,3,0,0,0,STALE,2026-09-04T06:30:00+00:00,2026-09-04T14:33:00+00:00
SHP-2248,SELLER-154,WH-048,CAR-036,Delhi,Chennai,CREATED,1,0,0,0,STALE,2026-09-01T21:01:00+00:00,2026-09-01T21:01:00+00:00
SHP-2249,SELLER-186,WH-045,CAR-006,Pune,Delhi,IN_TRANSIT,3,0,0,0,STALE,2026-09-07T02:25:00+00:00,2026-09-07T05:11:00+00:00
SHP-2250,SELLER-072,WH-020,CAR-054,Pune,Chennai,IN_TRANSIT,3,0,0,0,STALE,2026-09-03T19:06:00+00:00,2026-09-03T22:35:00+00:00
SHP-2251,SELLER-011,WH-006,CAR-014,Mumbai,Surat,PICKED_UP,2,0,0,0,STALE,2026-09-01T05:51:00+00:00,2026-09-01T07:51:00+00:00
SHP-2252,SELLER-256,WH-021,CAR-048,Delhi,Kolkata,IN_TRANSIT,3,0,0,0,STALE,2026-09-07T11:30:00+00:00,2026-09-07T17:20:00+00:00
SHP-2253,SELLER-489,WH-034,CAR-028,Kolkata,Mumbai,DELIVERED,5,0,0,0,STALE,2026-09-07T12:09:00+00:00,2026-09-07T21:05:00+00:00
SHP-2254,SELLER-414,WH-035,CAR-092,Surat,Kolkata,OUT_FOR_DELIVERY,4,0,0,0,STALE,2026-09-07T02:41:00+00:00,2026-09-07T11:35:00+00:00
SHP-2255,SELLER-421,WH-048,CAR-056,Delhi,Kolkata,DELIVERED,5,0,0,0,FRESH,2026-09-07T20:35:00+00:00,2026-09-08T08:46:00+00:00
SHP-2256,SELLER-098,WH-028,CAR-062,Surat,Bengaluru,CREATED,1,0,0,0,STALE,2026-09-01T01:04:00+00:00,2026-09-01T01:04:00+00:00
SHP-2257,SELLER-336,WH-032,CAR-010,Surat,Bengaluru,OUT_FOR_DELIVERY,4,0,0,0,STALE,2026-09-04T13:25:00+00:00,2026-09-04T19:28:00+00:00
SHP-2258,SELLER-141,WH-023,CAR-094,Pune,Delhi,DELIVERED,5,0,0,0,STALE,2026-09-04T01:54:00+00:00,2026-09-04T12:57:00+00:00
SHP-2259,SELLER-148,WH-013,CAR-094,Delhi,Ahmedabad,CREATED,1,0,0,0,STALE,2026-09-03T17:41:00+00:00,2026-09-03T17:41:00+00:00
SHP-2260,SELLER-047,WH-018,CAR-002,Chennai,Bengaluru,IN_TRANSIT,3,0,0,0,STALE,2026-09-04T13:42:00+00:00,2026-09-04T18:47:00+00:00
SHP-2261,SELLER-271,WH-020,CAR-025,Kolkata,Bengaluru,IN_TRANSIT,3,0,0,0,STALE,2026-09-05T04:46:00+00:00,2026-09-05T12:09:00+00:00
SHP-2262,SELLER-013,WH-009,CAR-034,Hyderabad,Bengaluru,PICKED_UP,2,0,0,0,STALE,2026-09-03T07:13:00+00:00,2026-09-03T07:49:00+00:00
SHP-2263,SELLER-343,WH-036,CAR-023,Chennai,Pune,OUT_FOR_DELIVERY,4,0,0,0,STALE,2026-09-03T17:57:00+00:00,2026-09-04T01:49:00+00:00
SHP-2264,SELLER-228,WH-023,CAR-061,Chennai,Pune,PICKED_UP,2,0,0,0,STALE,2026-09-07T08:12:00+00:00,2026-09-07T09:55:00+00:00
SHP-2265,SELLER-209,WH-028,CAR-014,Kolkata,Chennai,IN_TRANSIT,3,0,0,0,STALE,2026-09-07T13:35:00+00:00,2026-09-07T16:48:00+00:00
SHP-2266,SELLER-051,WH-014,CAR-033,Chennai,Hyderabad,IN_TRANSIT,3,0,0,0,STALE,2026-09-05T23:14:00+00:00,2026-09-06T05:33:00+00:00
SHP-2267,SELLER-416,WH-029,CAR-061,Chennai,Hyderabad,OUT_FOR_DELIVERY,4,0,0,0,STALE,2026-09-07T10:16:00+00:00,2026-09-07T19:02:00+00:00
SHP-2268,SELLER-125,WH-037,CAR-090,Kolkata,Pune,IN_TRANSIT,3,0,0,0,STALE,2026-09-01T23:54:00+00:00,2026-09-02T03:45:00+00:00
SHP-2269,SELLER-362,WH-026,CAR-084,Kolkata,Mumbai,CREATED,1,0,0,0,STALE,2026-09-04T03:23:00+00:00,2026-09-04T03:23:00+00:00
SHP-2270,SELLER-098,WH-026,CAR-033,Chennai,Ahmedabad,PICKED_UP,2,0,0,0,STALE,2026-09-03T20:32:00+00:00,2026-09-03T21:43:00+00:00
SHP-2271,SELLER-302,WH-006,CAR-033,Delhi,Chennai,OUT_FOR_DELIVERY,4,0,0,0,STALE,2026-09-01T02:02:00+00:00,2026-09-01T12:56:00+00:00
SHP-2272,SELLER-260,WH-029,CAR-070,Kolkata,Jaipur,CREATED,1,0,0,0,STALE,2026-09-07T20:16:00+00:00,2026-09-07T20:16:00+00:00
SHP-2273,SELLER-097,WH-035,CAR-097,Kolkata,Chennai,CREATED,1,0,0,0,STALE,2026-09-01T11:54:00+00:00,2026-09-01T11:54:00+00:00
SHP-2274,SELLER-023,WH-004,CAR-086,Pune,Chennai,IN_TRANSIT,3,0,0,0,STALE,2026-09-02T14:22:00+00:00,2026-09-02T21:51:00+00:00
SHP-2275,SELLER-283,WH-027,CAR-016,Ahmedabad,Delhi,IN_TRANSIT,3,0,0,0,STALE,2026-09-04T12:23:00+00:00,2026-09-04T15:50:00+00:00
SHP-2276,SELLER-420,WH-025,CAR-046,Pune,Surat,PICKED_UP,2,0,0,0,STALE,2026-09-01T17:45:00+00:00,2026-09-01T19:30:00+00:00
SHP-2277,SELLER-239,WH-021,CAR-064,Chennai,Pune,DELIVERED,5,0,0,0,STALE,2026-09-01T18:33:00+00:00,2026-09-02T05:34:00+00:00
SHP-2278,SELLER-405,WH-027,CAR-002,Bengaluru,Hyderabad,OUT_FOR_DELIVERY,4,0,0,0,STALE,2026-09-06T02:15:00+00:00,2026-09-06T12:12:00+00:00
SHP-2279,SELLER-498,WH-009,CAR-042,Mumbai,Kolkata,PICKED_UP,2,0,0,0,STALE,2026-09-06T11:03:00+00:00,2026-09-06T13:07:00+00:00
SHP-2280,SELLER-118,WH-032,CAR-051,Pune,Bengaluru,PICKED_UP,2,0,0,0,STALE,2026-09-04T05:45:00+00:00,2026-09-04T08:04:00+00:00
SHP-2281,SELLER-242,WH-003,CAR-070,Mumbai,Hyderabad,OUT_FOR_DELIVERY,4,0,0,0,STALE,2026-09-02T18:23:00+00:00,2026-09-03T05:12:00+00:00
SHP-2282,SELLER-079,WH-011,CAR-078,Kolkata,Bengaluru,CREATED,1,0,0,0,STALE,2026-09-04T11:27:00+00:00,2026-09-04T11:27:00+00:00
SHP-2283,SELLER-202,WH-009,CAR-072,Hyderabad,Bengaluru,IN_TRANSIT,3,0,0,0,STALE,2026-09-05T22:06:00+00:00,2026-09-06T02:48:00+00:00
SHP-2284,SELLER-352,WH-040,CAR-004,Bengaluru,Jaipur,IN_TRANSIT,3,0,0,0,STALE,2026-09-04T12:50:00+00:00,2026-09-04T20:49:00+00:00
SHP-2285,SELLER-420,WH-001,CAR-088,Surat,Hyderabad,PICKED_UP,2,0,0,0,STALE,2026-09-05T15:32:00+00:00,2026-09-05T16:42:00+00:00
SHP-2286,SELLER-009,WH-034,CAR-042,Kolkata,Delhi,PICKED_UP,2,0,0,0,STALE,2026-09-05T20:38:00+00:00,2026-09-05T23:34:00+00:00
SHP-2287,SELLER-385,WH-010,CAR-027,Delhi,Pune,IN_TRANSIT,3,0,0,0,STALE,2026-09-02T19:22:00+00:00,2026-09-03T01:25:00+00:00
SHP-2288,SELLER-243,WH-004,CAR-094,Hyderabad,Jaipur,PICKED_UP,2,0,0,0,STALE,2026-09-03T17:47:00+00:00,2026-09-03T19:21:00+00:00
SHP-2289,SELLER-024,WH-023,CAR-013,Hyderabad,Ahmedabad,CREATED,1,0,0,0,STALE,2026-09-01T13:09:00+00:00,2026-09-01T13:09:00+00:00
SHP-2290,SELLER-446,WH-033,CAR-051,Delhi,Surat,DELIVERED,5,0,0,0,STALE,2026-09-05T09:26:00+00:00,2026-09-05T20:37:00+00:00
SHP-2291,SELLER-319,WH-046,CAR-042,Pune,Mumbai,PICKED_UP,2,0,0,0,STALE,2026-09-04T09:50:00+00:00,2026-09-04T10:32:00+00:00
SHP-2292,SELLER-121,WH-007,CAR-070,Chennai,Surat,CREATED,1,0,0,0,STALE,2026-09-05T11:52:00+00:00,2026-09-05T11:52:00+00:00
SHP-2293,SELLER-380,WH-013,CAR-035,Ahmedabad,Pune,IN_TRANSIT,3,0,0,0,STALE,2026-09-02T12:55:00+00:00,2026-09-02T21:13:00+00:00
SHP-2294,SELLER-449,WH-011,CAR-021,Bengaluru,Delhi,IN_TRANSIT,3,0,0,0,STALE,2026-09-02T02:09:00+00:00,2026-09-02T10:08:00+00:00
SHP-2295,SELLER-038,WH-013,CAR-032,Pune,Chennai,OUT_FOR_DELIVERY,4,0,0,0,STALE,2026-09-04T07:29:00+00:00,2026-09-04T16:14:00+00:00
SHP-2296,SELLER-018,WH-008,CAR-024,Surat,Kolkata,IN_TRANSIT,3,0,0,0,STALE,2026-09-03T18:52:00+00:00,2026-09-03T22:25:00+00:00
SHP-2297,SELLER-336,WH-038,CAR-082,Mumbai,Jaipur,IN_TRANSIT,3,0,0,0,STALE,2026-09-04T21:35:00+00:00,2026-09-05T02:00:00+00:00
SHP-2298,SELLER-247,WH-008,CAR-048,Mumbai,Pune,PICKED_UP,2,0,0,0,STALE,2026-09-06T14:34:00+00:00,2026-09-06T16:55:00+00:00
SHP-2299,SELLER-030,WH-046,CAR-089,Jaipur,Ahmedabad,CREATED,1,0,0,0,STALE,2026-09-06T11:47:00+00:00,2026-09-06T11:47:00+00:00
SHP-2300,SELLER-273,WH-012,CAR-005,Hyderabad,Bengaluru,CREATED,1,0,0,0,STALE,2026-09-03T16:49:00+00:00,2026-09-03T16:49:00+00:00
SHP-2301,SELLER-005,WH-035,CAR-094,Chennai,Kolkata,IN_TRANSIT,3,0,0,0,STALE,2026-09-07T11:04:00+00:00,2026-09-07T13:25:00+00:00
SHP-2302,SELLER-446,WH-046,CAR-028,Delhi,Kolkata,OUT_FOR_DELIVERY,4,0,0,0,STALE,2026-09-07T05:11:00+00:00,2026-09-07T14:53:00+00:00
SHP-2303,SELLER-046,WH-015,CAR-015,Mumbai,Ahmedabad,IN_TRANSIT,3,0,0,0,STALE,2026-09-04T22:34:00+00:00,2026-09-05T04:03:00+00:00
SHP-2304,SELLER-388,WH-006,CAR-052,Ahmedabad,Surat,CREATED,1,0,0,0,STALE,2026-09-05T22:14:00+00:00,2026-09-05T22:14:00+00:00
SHP-2305,SELLER-407,WH-048,CAR-069,Pune,Delhi,DELIVERED,5,0,0,0,STALE,2026-09-01T01:55:00+00:00,2026-09-01T08:26:00+00:00
SHP-2306,SELLER-294,WH-020,CAR-011,Ahmedabad,Kolkata,PICKED_UP,2,0,0,0,STALE,2026-09-01T06:19:00+00:00,2026-09-01T06:52:00+00:00
SHP-2307,SELLER-144,WH-050,CAR-010,Bengaluru,Pune,CREATED,1,0,0,0,STALE,2026-09-04T16:01:00+00:00,2026-09-04T16:01:00+00:00
SHP-2308,SELLER-002,WH-034,CAR-034,Jaipur,Kolkata,PICKED_UP,2,0,0,0,STALE,2026-09-04T07:31:00+00:00,2026-09-04T10:06:00+00:00
SHP-2309,SELLER-129,WH-028,CAR-058,Surat,Ahmedabad,CREATED,1,0,0,0,STALE,2026-09-01T01:53:00+00:00,2026-09-01T01:53:00+00:00
SHP-2310,SELLER-336,WH-047,CAR-030,Bengaluru,Jaipur,IN_TRANSIT,3,0,0,0,STALE,2026-09-04T08:18:00+00:00,2026-09-04T11:17:00+00:00
SHP-2311,SELLER-227,WH-011,CAR-059,Surat,Ahmedabad,PICKED_UP,2,0,0,0,STALE,2026-09-02T13:33:00+00:00,2026-09-02T14:50:00+00:00
SHP-2312,SELLER-465,WH-016,CAR-017,Bengaluru,Pune,CREATED,1,0,0,0,STALE,2026-09-02T19:02:00+00:00,2026-09-02T19:02:00+00:00
SHP-2313,SELLER-424,WH-013,CAR-033,Bengaluru,Ahmedabad,DELIVERED,5,0,0,0,STALE,2026-09-05T08:40:00+00:00,2026-09-05T14:38:00+00:00
SHP-2314,SELLER-327,WH-046,CAR-035,Ahmedabad,Mumbai,OUT_FOR_DELIVERY,4,0,0,0,STALE,2026-09-06T05:51:00+00:00,2026-09-06T15:40:00+00:00
SHP-2315,SELLER-458,WH-017,CAR-008,Ahmedabad,Bengaluru,PICKED_UP,2,0,0,0,STALE,2026-09-04T09:18:00+00:00,2026-09-04T10:08:00+00:00
SHP-2316,SELLER-296,WH-004,CAR-016,Mumbai,Kolkata,DELIVERED,5,0,0,0,STALE,2026-09-04T19:33:00+00:00,2026-09-05T03:33:00+00:00
SHP-2317,SELLER-248,WH-003,CAR-073,Delhi,Mumbai,IN_TRANSIT,3,0,0,0,STALE,2026-09-04T11:40:00+00:00,2026-09-04T13:49:00+00:00
SHP-2318,SELLER-285,WH-001,CAR-033,Kolkata,Chennai,PICKED_UP,2,0,0,0,STALE,2026-09-06T17:50:00+00:00,2026-09-06T20:12:00+00:00
SHP-2319,SELLER-374,WH-010,CAR-008,Surat,Kolkata,IN_TRANSIT,3,0,0,0,STALE,2026-09-03T01:51:00+00:00,2026-09-03T07:33:00+00:00
SHP-2320,SELLER-235,WH-011,CAR-080,Surat,Chennai,PICKED_UP,2,0,0,0,STALE,2026-09-04T20:41:00+00:00,2026-09-04T21:15:00+00:00
SHP-2321,SELLER-418,WH-040,CAR-032,Surat,Jaipur,IN_TRANSIT,3,0,0,0,STALE,2026-09-05T19:41:00+00:00,2026-09-06T01:42:00+00:00
SHP-2322,SELLER-286,WH-015,CAR-041,Pune,Kolkata,CREATED,1,0,0,0,STALE,2026-09-03T17:28:00+00:00,2026-09-03T17:28:00+00:00
SHP-2323,SELLER-040,WH-036,CAR-094,Jaipur,Pune,OUT_FOR_DELIVERY,4,0,0,0,STALE,2026-09-05T14:39:00+00:00,2026-09-05T22:29:00+00:00
SHP-2324,SELLER-437,WH-007,CAR-053,Pune,Chennai,PICKED_UP,2,0,0,0,STALE,2026-09-01T16:08:00+00:00,2026-09-01T17:45:00+00:00
SHP-2325,SELLER-354,WH-013,CAR-033,Kolkata,Delhi,DELIVERED,5,0,0,0,STALE,2026-09-05T17:29:00+00:00,2026-09-06T00:16:00+00:00
SHP-2326,SELLER-186,WH-046,CAR-016,Hyderabad,Chennai,PICKED_UP,2,0,0,0,STALE,2026-09-04T07:19:00+00:00,2026-09-04T08:10:00+00:00
SHP-2327,SELLER-295,WH-017,CAR-038,Surat,Kolkata,IN_TRANSIT,3,0,0,0,STALE,2026-09-04T06:52:00+00:00,2026-09-04T11:15:00+00:00
SHP-2328,SELLER-461,WH-024,CAR-010,Delhi,Mumbai,CREATED,1,0,0,0,STALE,2026-09-05T15:22:00+00:00,2026-09-05T15:22:00+00:00
SHP-2329,SELLER-386,WH-032,CAR-083,Surat,Delhi,DELIVERED,5,0,0,0,STALE,2026-09-05T09:47:00+00:00,2026-09-05T17:31:00+00:00
SHP-2330,SELLER-271,WH-032,CAR-048,Surat,Mumbai,IN_TRANSIT,3,0,0,0,STALE,2026-09-01T00:34:00+00:00,2026-09-01T04:40:00+00:00
SHP-2331,SELLER-246,WH-037,CAR-023,Chennai,Bengaluru,PICKED_UP,2,0,0,0,STALE,2026-09-06T07:07:00+00:00,2026-09-06T08:20:00+00:00
SHP-2332,SELLER-014,WH-047,CAR-065,Mumbai,Chennai,PICKED_UP,2,0,0,0,STALE,2026-09-04T09:52:00+00:00,2026-09-04T12:24:00+00:00
SHP-2333,SELLER-482,WH-011,CAR-040,Chennai,Bengaluru,CANCELLED,2,0,0,1,STALE,2026-09-01T19:23:00+00:00,2026-09-01T21:39:00+00:00
SHP-2334,SELLER-200,WH-008,CAR-093,Bengaluru,Ahmedabad,DELIVERED,5,0,0,0,STALE,2026-09-07T18:27:00+00:00,2026-09-08T02:50:00+00:00
SHP-2335,SELLER-218,WH-005,CAR-099,Hyderabad,Jaipur,CREATED,1,0,0,0,STALE,2026-09-07T14:44:00+00:00,2026-09-07T14:44:00+00:00
SHP-2336,SELLER-053,WH-007,CAR-022,Kolkata,Bengaluru,CREATED,1,0,0,0,STALE,2026-09-03T04:09:00+00:00,2026-09-03T04:09:00+00:00
SHP-2337,SELLER-213,WH-003,CAR-001,Hyderabad,Bengaluru,PICKED_UP,2,0,0,0,STALE,2026-09-06T11:14:00+00:00,2026-09-06T14:06:00+00:00
SHP-2338,SELLER-493,WH-033,CAR-030,Delhi,Mumbai,DELIVERED,5,0,0,0,STALE,2026-09-01T16:24:00+00:00,2026-09-02T04:20:00+00:00
SHP-2339,SELLER-310,WH-041,CAR-097,Ahmedabad,Surat,DELIVERED,5,0,0,0,STALE,2026-09-02T20:45:00+00:00,2026-09-03T05:54:00+00:00
SHP-2340,SELLER-127,WH-046,CAR-069,Pune,Mumbai,OUT_FOR_DELIVERY,4,0,0,0,STALE,2026-09-05T00:39:00+00:00,2026-09-05T10:00:00+00:00
SHP-2341,SELLER-459,WH-049,CAR-063,Surat,Jaipur,PICKED_UP,2,0,0,0,STALE,2026-09-03T14:42:00+00:00,2026-09-03T16:39:00+00:00
SHP-2342,SELLER-421,WH-039,CAR-083,Jaipur,Chennai,IN_TRANSIT,3,0,0,0,STALE,2026-09-05T22:39:00+00:00,2026-09-06T07:09:00+00:00
SHP-2343,SELLER-345,WH-035,CAR-014,Kolkata,Bengaluru,OUT_FOR_DELIVERY,4,0,0,0,STALE,2026-09-03T14:46:00+00:00,2026-09-03T20:04:00+00:00
SHP-2344,SELLER-324,WH-025,CAR-055,Bengaluru,Ahmedabad,PICKED_UP,2,0,0,1,STALE,2026-09-04T11:54:00+00:00,2026-09-04T14:04:00+00:00
SHP-2345,SELLER-409,WH-011,CAR-012,Bengaluru,Delhi,IN_TRANSIT,3,0,0,0,STALE,2026-09-02T11:22:00+00:00,2026-09-02T16:00:00+00:00
SHP-2346,SELLER-402,WH-009,CAR-036,Kolkata,Hyderabad,CREATED,1,0,0,0,STALE,2026-09-04T23:18:00+00:00,2026-09-04T23:18:00+00:00
SHP-2347,SELLER-325,WH-015,CAR-042,Pune,Kolkata,PICKED_UP,2,0,0,0,STALE,2026-09-02T19:00:00+00:00,2026-09-02T20:32:00+00:00
SHP-2348,SELLER-303,WH-022,CAR-005,Ahmedabad,Pune,DELIVERED,5,0,0,0,STALE,2026-09-05T02:59:00+00:00,2026-09-05T14:50:00+00:00
SHP-2349,SELLER-425,WH-019,CAR-054,Ahmedabad,Bengaluru,CREATED,1,0,0,0,STALE,2026-09-06T14:17:00+00:00,2026-09-06T14:17:00+00:00
SHP-2350,SELLER-396,WH-011,CAR-021,Ahmedabad,Delhi,IN_TRANSIT,3,0,0,0,STALE,2026-09-07T09:37:00+00:00,2026-09-07T16:44:00+00:00
SHP-2351,SELLER-289,WH-040,CAR-007,Delhi,Bengaluru,DELIVERED,5,0,0,1,STALE,2026-09-06T21:10:00+00:00,2026-09-07T03:18:00+00:00
SHP-2352,SELLER-379,WH-021,CAR-061,Kolkata,Chennai,DELIVERED,5,0,0,0,STALE,2026-09-07T04:22:00+00:00,2026-09-07T14:21:00+00:00
SHP-2353,SELLER-067,WH-047,CAR-056,Delhi,Bengaluru,PICKED_UP,2,0,0,1,STALE,2026-09-06T19:34:00+00:00,2026-09-06T20:40:00+00:00
SHP-2354,SELLER-454,WH-027,CAR-010,Mumbai,Surat,IN_TRANSIT,3,0,0,0,STALE,2026-09-06T23:31:00+00:00,2026-09-07T04:47:00+00:00
SHP-2355,SELLER-022,WH-019,CAR-014,Surat,Mumbai,IN_TRANSIT,3,0,0,0,STALE,2026-09-05T09:01:00+00:00,2026-09-05T13:31:00+00:00
SHP-2356,SELLER-150,WH-019,CAR-012,Jaipur,Hyderabad,PICKED_UP,2,0,0,0,STALE,2026-09-05T21:23:00+00:00,2026-09-05T22:39:00+00:00
SHP-2357,SELLER-045,WH-015,CAR-061,Jaipur,Surat,CREATED,1,0,0,0,STALE,2026-09-02T19:14:00+00:00,2026-09-02T19:14:00+00:00
SHP-2358,SELLER-017,WH-038,CAR-031,Pune,Jaipur,OUT_FOR_DELIVERY,4,0,0,0,STALE,2026-09-05T16:49:00+00:00,2026-09-06T01:40:00+00:00
SHP-2359,SELLER-317,WH-004,CAR-027,Hyderabad,Surat,CREATED,1,0,0,0,STALE,2026-09-04T18:20:00+00:00,2026-09-04T18:20:00+00:00
SHP-2360,SELLER-104,WH-023,CAR-099,Mumbai,Delhi,DELIVERED,5,0,0,0,STALE,2026-09-02T14:09:00+00:00,2026-09-02T19:21:00+00:00
SHP-2361,SELLER-335,WH-006,CAR-027,Kolkata,Mumbai,PICKED_UP,2,1,0,0,STALE,2026-09-06T22:00:00+00:00,2026-09-06T23:56:00+00:00
SHP-2362,SELLER-193,WH-017,CAR-003,Pune,Delhi,DELIVERED,5,0,0,0,STALE,2026-09-05T19:23:00+00:00,2026-09-06T03:09:00+00:00
SHP-2363,SELLER-492,WH-019,CAR-072,Chennai,Kolkata,OUT_FOR_DELIVERY,4,0,0,0,STALE,2026-09-06T03:44:00+00:00,2026-09-06T12:36:00+00:00
SHP-2364,SELLER-342,WH-003,CAR-021,Chennai,Pune,IN_TRANSIT,3,0,0,0,STALE,2026-09-03T08:19:00+00:00,2026-09-03T16:21:00+00:00
SHP-2365,SELLER-287,WH-039,CAR-011,Surat,Hyderabad,DELIVERED,5,0,0,0,STALE,2026-09-05T01:49:00+00:00,2026-09-05T13:50:00+00:00
SHP-2366,SELLER-393,WH-021,CAR-019,Chennai,Bengaluru,CREATED,1,0,0,0,STALE,2026-09-01T19:48:00+00:00,2026-09-01T19:48:00+00:00
SHP-2367,SELLER-087,WH-020,CAR-020,Jaipur,Pune,IN_TRANSIT,3,0,0,0,STALE,2026-09-05T03:47:00+00:00,2026-09-05T10:22:00+00:00
SHP-2368,SELLER-392,WH-003,CAR-016,Hyderabad,Ahmedabad,IN_TRANSIT,3,0,0,0,STALE,2026-09-01T11:52:00+00:00,2026-09-01T17:15:00+00:00
SHP-2369,SELLER-358,WH-002,CAR-008,Hyderabad,Mumbai,IN_TRANSIT,3,0,0,0,STALE,2026-09-01T08:51:00+00:00,2026-09-01T13:29:00+00:00
SHP-2370,SELLER-340,WH-020,CAR-002,Ahmedabad,Delhi,DELIVERED,5,0,0,0,STALE,2026-09-01T23:58:00+00:00,2026-09-02T11:19:00+00:00
SHP-2371,SELLER-387,WH-026,CAR-063,Jaipur,Kolkata,DELIVERED,5,0,0,0,STALE,2026-09-05T00:57:00+00:00,2026-09-05T07:31:00+00:00
SHP-2372,SELLER-042,WH-027,CAR-054,Jaipur,Hyderabad,CANCELLED,2,0,0,0,STALE,2026-09-07T10:27:00+00:00,2026-09-07T12:44:00+00:00
SHP-2373,SELLER-328,WH-001,CAR-044,Surat,Kolkata,PICKED_UP,2,0,0,0,STALE,2026-09-05T16:51:00+00:00,2026-09-05T17:39:00+00:00
SHP-2374,SELLER-097,WH-012,CAR-017,Hyderabad,Pune,DELIVERED,5,0,0,0,STALE,2026-09-06T19:28:00+00:00,2026-09-07T04:06:00+00:00
SHP-2375,SELLER-297,WH-032,CAR-071,Hyderabad,Surat,IN_TRANSIT,3,0,0,0,STALE,2026-09-06T18:34:00+00:00,2026-09-06T23:42:00+00:00
SHP-2376,SELLER-322,WH-004,CAR-034,Chennai,Ahmedabad,IN_TRANSIT,3,0,0,0,STALE,2026-09-03T02:01:00+00:00,2026-09-03T06:07:00+00:00
SHP-2377,SELLER-069,WH-031,CAR-037,Pune,Bengaluru,CREATED,1,0,0,0,STALE,2026-09-05T10:37:00+00:00,2026-09-05T10:37:00+00:00
SHP-2378,SELLER-499,WH-007,CAR-097,Surat,Mumbai,IN_TRANSIT,3,1,0,0,STALE,2026-09-06T17:11:00+00:00,2026-09-07T00:11:00+00:00
SHP-2379,SELLER-199,WH-001,CAR-054,Delhi,Chennai,PICKED_UP,2,0,0,0,STALE,2026-09-05T16:50:00+00:00,2026-09-05T18:49:00+00:00
SHP-2380,SELLER-252,WH-030,CAR-048,Pune,Hyderabad,PICKED_UP,2,0,0,0,STALE,2026-09-07T22:01:00+00:00,2026-09-07T23:50:00+00:00
SHP-2381,SELLER-005,WH-046,CAR-005,Chennai,Delhi,IN_TRANSIT,3,0,0,0,STALE,2026-09-01T05:02:00+00:00,2026-09-01T09:39:00+00:00
SHP-2382,SELLER-167,WH-009,CAR-088,Chennai,Pune,DELIVERED,5,1,0,0,STALE,2026-09-01T22:04:00+00:00,2026-09-02T08:34:00+00:00
SHP-2383,SELLER-495,WH-009,CAR-085,Mumbai,Surat,PICKED_UP,2,0,0,0,STALE,2026-09-01T17:29:00+00:00,2026-09-01T18:23:00+00:00
SHP-2384,SELLER-239,WH-032,CAR-078,Bengaluru,Hyderabad,IN_TRANSIT,3,0,0,0,STALE,2026-09-05T19:45:00+00:00,2026-09-06T01:30:00+00:00
SHP-2385,SELLER-333,WH-016,CAR-021,Pune,Kolkata,IN_TRANSIT,3,0,0,0,STALE,2026-09-04T04:25:00+00:00,2026-09-04T07:25:00+00:00
SHP-2386,SELLER-252,WH-024,CAR-028,Kolkata,Chennai,OUT_FOR_DELIVERY,4,0,0,0,STALE,2026-09-02T05:23:00+00:00,2026-09-02T12:46:00+00:00
SHP-2387,SELLER-417,WH-047,CAR-032,Bengaluru,Pune,IN_TRANSIT,3,0,0,0,STALE,2026-09-06T04:11:00+00:00,2026-09-06T09:19:00+00:00
SHP-2388,SELLER-438,WH-040,CAR-038,Jaipur,Mumbai,IN_TRANSIT,3,0,0,0,STALE,2026-09-02T19:41:00+00:00,2026-09-02T23:57:00+00:00
SHP-2389,SELLER-240,WH-029,CAR-064,Pune,Hyderabad,IN_TRANSIT,3,0,0,0,STALE,2026-09-03T19:11:00+00:00,2026-09-03T23:59:00+00:00
SHP-2390,SELLER-086,WH-009,CAR-091,Pune,Mumbai,DELIVERED,5,0,0,0,STALE,2026-09-04T17:30:00+00:00,2026-09-05T07:25:00+00:00
SHP-2391,SELLER-380,WH-021,CAR-059,Ahmedabad,Pune,DELIVERED,5,0,0,0,STALE,2026-09-01T20:58:00+00:00,2026-09-02T05:56:00+00:00
SHP-2392,SELLER-382,WH-029,CAR-066,Chennai,Delhi,DELIVERED,5,0,0,0,STALE,2026-09-07T10:05:00+00:00,2026-09-07T16:28:00+00:00
SHP-2393,SELLER-397,WH-021,CAR-086,Chennai,Ahmedabad,CREATED,1,0,0,0,STALE,2026-09-07T01:00:00+00:00,2026-09-07T01:00:00+00:00
SHP-2394,SELLER-274,WH-003,CAR-057,Delhi,Bengaluru,OUT_FOR_DELIVERY,4,0,0,0,STALE,2026-09-01T07:56:00+00:00,2026-09-01T14:21:00+00:00
SHP-2395,SELLER-113,WH-029,CAR-021,Bengaluru,Hyderabad,IN_TRANSIT,3,0,0,0,STALE,2026-09-03T13:02:00+00:00,2026-09-03T19:43:00+00:00
SHP-2396,SELLER-297,WH-041,CAR-090,Bengaluru,Pune,IN_TRANSIT,3,0,0,0,STALE,2026-09-04T17:00:00+00:00,2026-09-04T23:53:00+00:00
SHP-2397,SELLER-201,WH-029,CAR-026,Surat,Chennai,CREATED,1,0,0,0,STALE,2026-09-03T20:36:00+00:00,2026-09-03T20:36:00+00:00
SHP-2398,SELLER-003,WH-038,CAR-096,Kolkata,Hyderabad,CANCELLED,2,0,0,0,STALE,2026-09-07T06:07:00+00:00,2026-09-07T08:43:00+00:00
SHP-2399,SELLER-387,WH-023,CAR-067,Jaipur,Pune,IN_TRANSIT,3,0,0,0,STALE,2026-09-01T15:52:00+00:00,2026-09-01T20:16:00+00:00
SHP-2400,SELLER-140,WH-032,CAR-100,Jaipur,Bengaluru,OUT_FOR_DELIVERY,4,0,0,0,STALE,2026-09-07T09:53:00+00:00,2026-09-07T19:40:00+00:00
SHP-2401,SELLER-376,WH-001,CAR-006,Bengaluru,Delhi,DELIVERED,5,0,0,0,STALE,2026-09-01T15:10:00+00:00,2026-09-02T02:28:00+00:00
SHP-2402,SELLER-119,WH-037,CAR-082,Bengaluru,Surat,IN_TRANSIT,3,0,0,0,STALE,2026-09-02T04:34:00+00:00,2026-09-02T07:05:00+00:00
SHP-2403,SELLER-103,WH-001,CAR-045,Hyderabad,Delhi,DELIVERED,5,0,0,0,STALE,2026-09-07T03:52:00+00:00,2026-09-07T14:58:00+00:00
SHP-2404,SELLER-151,WH-011,CAR-085,Surat,Hyderabad,CREATED,1,0,0,0,STALE,2026-09-03T01:32:00+00:00,2026-09-03T01:32:00+00:00
SHP-2405,SELLER-290,WH-029,CAR-080,Surat,Bengaluru,OUT_FOR_DELIVERY,4,0,0,0,STALE,2026-09-03T14:19:00+00:00,2026-09-04T00:32:00+00:00
SHP-2406,SELLER-431,WH-047,CAR-068,Surat,Kolkata,DELIVERED,5,0,0,1,STALE,2026-09-01T19:23:00+00:00,2026-09-02T06:14:00+00:00
SHP-2407,SELLER-011,WH-034,CAR-013,Jaipur,Chennai,IN_TRANSIT,3,0,0,0,STALE,2026-09-02T19:59:00+00:00,2026-09-02T22:25:00+00:00
SHP-2408,SELLER-125,WH-033,CAR-022,Bengaluru,Jaipur,CREATED,1,0,0,0,STALE,2026-09-04T12:21:00+00:00,2026-09-04T12:21:00+00:00
SHP-2409,SELLER-041,WH-036,CAR-042,Mumbai,Hyderabad,PICKED_UP,2,0,0,0,STALE,2026-09-02T04:47:00+00:00,2026-09-02T07:17:00+00:00
SHP-2410,SELLER-230,WH-026,CAR-058,Ahmedabad,Mumbai,IN_TRANSIT,3,0,0,0,STALE,2026-09-07T08:33:00+00:00,2026-09-07T11:56:00+00:00
SHP-2411,SELLER-225,WH-018,CAR-005,Kolkata,Surat,IN_TRANSIT,3,0,0,0,STALE,2026-09-03T02:42:00+00:00,2026-09-03T08:46:00+00:00
SHP-2412,SELLER-330,WH-011,CAR-035,Surat,Ahmedabad,OUT_FOR_DELIVERY,4,0,0,0,STALE,2026-09-02T23:46:00+00:00,2026-09-03T09:07:00+00:00
SHP-2413,SELLER-187,WH-007,CAR-089,Hyderabad,Pune,PICKED_UP,2,0,0,0,STALE,2026-09-05T01:19:00+00:00,2026-09-05T03:19:00+00:00
SHP-2414,SELLER-416,WH-034,CAR-069,Delhi,Pune,CREATED,1,0,0,0,STALE,2026-09-05T18:29:00+00:00,2026-09-05T18:29:00+00:00
SHP-2415,SELLER-294,WH-004,CAR-091,Mumbai,Surat,IN_TRANSIT,3,0,0,0,STALE,2026-09-02T04:27:00+00:00,2026-09-02T08:23:00+00:00
SHP-2416,SELLER-236,WH-028,CAR-037,Pune,Jaipur,CANCELLED,2,1,0,0,STALE,2026-09-05T04:33:00+00:00,2026-09-05T06:48:00+00:00
SHP-2417,SELLER-312,WH-035,CAR-026,Jaipur,Chennai,CANCELLED,2,0,0,0,STALE,2026-09-07T15:10:00+00:00,2026-09-07T16:46:00+00:00
SHP-2418,SELLER-249,WH-021,CAR-066,Pune,Bengaluru,PICKED_UP,2,0,0,0,STALE,2026-09-04T09:42:00+00:00,2026-09-04T11:48:00+00:00
SHP-2419,SELLER-277,WH-037,CAR-020,Chennai,Kolkata,IN_TRANSIT,3,0,0,0,STALE,2026-09-05T02:11:00+00:00,2026-09-05T07:34:00+00:00
SHP-2420,SELLER-481,WH-041,CAR-018,Pune,Chennai,IN_TRANSIT,3,0,0,0,STALE,2026-09-01T02:03:00+00:00,2026-09-01T05:29:00+00:00
SHP-2421,SELLER-341,WH-034,CAR-096,Pune,Delhi,OUT_FOR_DELIVERY,4,0,0,0,STALE,2026-09-06T19:36:00+00:00,2026-09-07T05:01:00+00:00
SHP-2422,SELLER-334,WH-018,CAR-061,Jaipur,Ahmedabad,OUT_FOR_DELIVERY,4,0,0,0,STALE,2026-09-03T02:37:00+00:00,2026-09-03T09:03:00+00:00
SHP-2423,SELLER-115,WH-009,CAR-066,Bengaluru,Ahmedabad,PICKED_UP,2,0,0,0,STALE,2026-09-03T17:42:00+00:00,2026-09-03T19:16:00+00:00
SHP-2424,SELLER-175,WH-024,CAR-036,Mumbai,Surat,IN_TRANSIT,3,0,0,0,STALE,2026-09-04T14:54:00+00:00,2026-09-04T18:40:00+00:00
SHP-2425,SELLER-116,WH-002,CAR-026,Delhi,Surat,PICKED_UP,2,1,0,0,STALE,2026-09-06T09:39:00+00:00,2026-09-06T11:32:00+00:00
SHP-2426,SELLER-229,WH-038,CAR-097,Jaipur,Pune,IN_TRANSIT,3,0,0,0,STALE,2026-09-02T03:22:00+00:00,2026-09-02T08:39:00+00:00
SHP-2427,SELLER-214,WH-012,CAR-070,Pune,Surat,PICKED_UP,2,0,0,0,STALE,2026-09-04T07:46:00+00:00,2026-09-04T09:32:00+00:00
SHP-2428,SELLER-422,WH-035,CAR-023,Chennai,Bengaluru,IN_TRANSIT,3,0,0,0,STALE,2026-09-05T02:42:00+00:00,2026-09-05T08:32:00+00:00
SHP-2429,SELLER-341,WH-014,CAR-051,Chennai,Mumbai,IN_TRANSIT,3,0,0,0,STALE,2026-09-03T18:39:00+00:00,2026-09-04T01:51:00+00:00
SHP-2430,SELLER-121,WH-014,CAR-090,Pune,Hyderabad,IN_TRANSIT,3,0,0,0,STALE,2026-09-06T20:47:00+00:00,2026-09-07T02:26:00+00:00
SHP-2431,SELLER-349,WH-003,CAR-030,Mumbai,Bengaluru,OUT_FOR_DELIVERY,4,0,0,0,STALE,2026-09-02T02:44:00+00:00,2026-09-02T09:33:00+00:00
SHP-2432,SELLER-149,WH-049,CAR-001,Jaipur,Kolkata,IN_TRANSIT,3,0,0,0,STALE,2026-09-05T07:19:00+00:00,2026-09-05T10:23:00+00:00
SHP-2433,SELLER-219,WH-006,CAR-005,Pune,Ahmedabad,OUT_FOR_DELIVERY,4,0,0,0,STALE,2026-09-01T16:25:00+00:00,2026-09-01T22:52:00+00:00
SHP-2434,SELLER-425,WH-041,CAR-080,Mumbai,Ahmedabad,DELIVERED,5,0,0,0,STALE,2026-09-02T12:37:00+00:00,2026-09-02T22:58:00+00:00
SHP-2435,SELLER-179,WH-004,CAR-023,Hyderabad,Delhi,DELIVERED,5,0,0,0,STALE,2026-09-06T23:18:00+00:00,2026-09-07T06:47:00+00:00
SHP-2436,SELLER-316,WH-034,CAR-048,Bengaluru,Chennai,PICKED_UP,2,0,0,0,STALE,2026-09-01T06:58:00+00:00,2026-09-01T07:35:00+00:00
SHP-2437,SELLER-277,WH-022,CAR-030,Chennai,Hyderabad,OUT_FOR_DELIVERY,4,0,0,0,STALE,2026-09-06T16:25:00+00:00,2026-09-06T22:54:00+00:00
SHP-2438,SELLER-386,WH-049,CAR-075,Delhi,Chennai,CREATED,1,0,0,0,STALE,2026-09-03T01:07:00+00:00,2026-09-03T01:07:00+00:00
SHP-2439,SELLER-491,WH-043,CAR-071,Mumbai,Pune,OUT_FOR_DELIVERY,4,0,1,0,STALE,2026-09-03T01:25:00+00:00,2026-09-03T10:30:00+00:00
SHP-2440,SELLER-221,WH-011,CAR-043,Bengaluru,Pune,OUT_FOR_DELIVERY,4,0,0,0,STALE,2026-09-06T10:18:00+00:00,2026-09-06T18:49:00+00:00
SHP-2441,SELLER-024,WH-048,CAR-097,Delhi,Jaipur,PICKED_UP,2,0,0,0,STALE,2026-09-05T12:31:00+00:00,2026-09-05T14:02:00+00:00
SHP-2442,SELLER-389,WH-044,CAR-030,Ahmedabad,Pune,IN_TRANSIT,3,0,0,0,STALE,2026-09-03T09:28:00+00:00,2026-09-03T16:29:00+00:00
SHP-2443,SELLER-014,WH-034,CAR-053,Hyderabad,Mumbai,PICKED_UP,2,0,0,0,STALE,2026-09-05T16:21:00+00:00,2026-09-05T17:23:00+00:00
SHP-2444,SELLER-011,WH-022,CAR-008,Hyderabad,Surat,DELIVERED,5,0,0,1,STALE,2026-09-02T04:53:00+00:00,2026-09-02T12:47:00+00:00
SHP-2445,SELLER-132,WH-031,CAR-074,Chennai,Mumbai,OUT_FOR_DELIVERY,4,1,0,0,STALE,2026-09-06T08:47:00+00:00,2026-09-06T17:56:00+00:00
SHP-2446,SELLER-142,WH-034,CAR-051,Kolkata,Jaipur,OUT_FOR_DELIVERY,4,0,0,0,STALE,2026-09-06T10:45:00+00:00,2026-09-06T18:26:00+00:00
SHP-2447,SELLER-135,WH-007,CAR-019,Bengaluru,Surat,CREATED,1,0,0,0,STALE,2026-09-01T00:25:00+00:00,2026-09-01T00:25:00+00:00
SHP-2448,SELLER-224,WH-034,CAR-077,Chennai,Surat,IN_TRANSIT,3,0,0,0,STALE,2026-09-05T01:05:00+00:00,2026-09-05T07:27:00+00:00
SHP-2449,SELLER-187,WH-008,CAR-052,Bengaluru,Chennai,IN_TRANSIT,3,0,0,0,STALE,2026-09-04T17:43:00+00:00,2026-09-04T23:33:00+00:00
SHP-2450,SELLER-380,WH-007,CAR-055,Chennai,Ahmedabad,IN_TRANSIT,3,0,0,0,STALE,2026-09-01T18:58:00+00:00,2026-09-01T23:55:00+00:00
SHP-2451,SELLER-454,WH-018,CAR-021,Surat,Jaipur,PICKED_UP,2,0,0,0,STALE,2026-09-03T12:07:00+00:00,2026-09-03T13:30:00+00:00
SHP-2452,SELLER-188,WH-009,CAR-095,Pune,Bengaluru,IN_TRANSIT,3,0,0,0,STALE,2026-09-07T02:43:00+00:00,2026-09-07T07:02:00+00:00
SHP-2453,SELLER-131,WH-040,CAR-078,Ahmedabad,Hyderabad,IN_TRANSIT,3,0,0,0,STALE,2026-09-04T17:51:00+00:00,2026-09-05T01:23:00+00:00
SHP-2454,SELLER-488,WH-040,CAR-006,Surat,Pune,IN_TRANSIT,3,0,0,0,STALE,2026-09-01T18:31:00+00:00,2026-09-02T00:12:00+00:00
SHP-2455,SELLER-120,WH-040,CAR-050,Mumbai,Bengaluru,OUT_FOR_DELIVERY,4,0,0,0,STALE,2026-09-03T20:29:00+00:00,2026-09-04T05:28:00+00:00
SHP-2456,SELLER-362,WH-044,CAR-064,Kolkata,Ahmedabad,IN_TRANSIT,3,0,0,0,STALE,2026-09-04T03:53:00+00:00,2026-09-04T09:48:00+00:00
SHP-2457,SELLER-411,WH-005,CAR-087,Pune,Mumbai,IN_TRANSIT,3,0,0,0,STALE,2026-09-06T18:15:00+00:00,2026-09-06T21:31:00+00:00
SHP-2458,SELLER-170,WH-029,CAR-072,Pune,Jaipur,DELIVERED,5,0,0,0,STALE,2026-09-02T06:08:00+00:00,2026-09-02T14:42:00+00:00
SHP-2459,SELLER-320,WH-042,CAR-069,Jaipur,Kolkata,DELIVERED,5,0,0,0,STALE,2026-09-02T20:56:00+00:00,2026-09-03T09:49:00+00:00
SHP-2460,SELLER-449,WH-024,CAR-025,Ahmedabad,Chennai,CREATED,1,0,0,0,STALE,2026-09-04T03:56:00+00:00,2026-09-04T03:56:00+00:00
SHP-2461,SELLER-234,WH-027,CAR-027,Mumbai,Surat,PICKED_UP,2,0,0,1,STALE,2026-09-07T10:24:00+00:00,2026-09-07T13:00:00+00:00
SHP-2462,SELLER-319,WH-017,CAR-033,Jaipur,Mumbai,PICKED_UP,2,0,0,0,STALE,2026-09-04T11:24:00+00:00,2026-09-04T11:55:00+00:00
SHP-2463,SELLER-228,WH-024,CAR-053,Bengaluru,Chennai,PICKED_UP,2,0,0,0,STALE,2026-09-02T09:35:00+00:00,2026-09-02T11:53:00+00:00
SHP-2464,SELLER-311,WH-032,CAR-021,Surat,Pune,IN_TRANSIT,3,0,0,0,STALE,2026-09-02T20:03:00+00:00,2026-09-03T02:32:00+00:00
SHP-2465,SELLER-381,WH-018,CAR-034,Surat,Ahmedabad,IN_TRANSIT,3,0,0,0,STALE,2026-09-07T19:37:00+00:00,2026-09-08T02:47:00+00:00
SHP-2466,SELLER-422,WH-021,CAR-036,Ahmedabad,Kolkata,IN_TRANSIT,3,0,0,0,STALE,2026-09-06T06:00:00+00:00,2026-09-06T11:17:00+00:00
SHP-2467,SELLER-074,WH-023,CAR-083,Surat,Bengaluru,OUT_FOR_DELIVERY,4,0,0,0,STALE,2026-09-06T15:19:00+00:00,2026-09-06T22:12:00+00:00
SHP-2468,SELLER-032,WH-011,CAR-045,Pune,Bengaluru,CREATED,1,0,0,0,STALE,2026-09-02T09:01:00+00:00,2026-09-02T09:01:00+00:00
SHP-2469,SELLER-461,WH-007,CAR-053,Pune,Jaipur,IN_TRANSIT,3,0,0,0,STALE,2026-09-02T16:19:00+00:00,2026-09-02T21:48:00+00:00
SHP-2470,SELLER-380,WH-021,CAR-002,Pune,Hyderabad,PICKED_UP,2,0,0,0,STALE,2026-09-06T05:12:00+00:00,2026-09-06T08:07:00+00:00
SHP-2471,SELLER-108,WH-033,CAR-071,Mumbai,Jaipur,DELIVERED,5,0,0,0,STALE,2026-09-05T15:11:00+00:00,2026-09-06T01:35:00+00:00
SHP-2472,SELLER-295,WH-005,CAR-041,Jaipur,Hyderabad,CANCELLED,2,0,0,0,STALE,2026-09-04T02:28:00+00:00,2026-09-04T03:30:00+00:00
SHP-2473,SELLER-414,WH-030,CAR-066,Delhi,Bengaluru,OUT_FOR_DELIVERY,4,0,0,0,STALE,2026-09-05T23:00:00+00:00,2026-09-06T04:50:00+00:00
SHP-2474,SELLER-016,WH-045,CAR-080,Ahmedabad,Chennai,CREATED,1,0,0,0,STALE,2026-09-02T12:52:00+00:00,2026-09-02T12:52:00+00:00
SHP-2475,SELLER-406,WH-050,CAR-087,Bengaluru,Ahmedabad,IN_TRANSIT,3,0,0,0,STALE,2026-09-05T22:54:00+00:00,2026-09-06T03:17:00+00:00
SHP-2476,SELLER-334,WH-008,CAR-089,Pune,Hyderabad,PICKED_UP,2,0,0,0,STALE,2026-09-03T13:04:00+00:00,2026-09-03T15:42:00+00:00
SHP-2477,SELLER-341,WH-001,CAR-047,Jaipur,Mumbai,PICKED_UP,2,0,0,0,STALE,2026-09-06T21:48:00+00:00,2026-09-06T23:43:00+00:00
SHP-2478,SELLER-398,WH-029,CAR-072,Jaipur,Pune,PICKED_UP,2,0,0,0,STALE,2026-09-04T18:43:00+00:00,2026-09-04T19:47:00+00:00
SHP-2479,SELLER-006,WH-048,CAR-045,Kolkata,Jaipur,CREATED,1,0,0,0,STALE,2026-09-02T18:43:00+00:00,2026-09-02T18:43:00+00:00
SHP-2480,SELLER-485,WH-024,CAR-005,Jaipur,Pune,IN_TRANSIT,3,0,0,0,STALE,2026-09-04T00:53:00+00:00,2026-09-04T07:46:00+00:00
SHP-2481,SELLER-336,WH-012,CAR-041,Jaipur,Pune,IN_TRANSIT,3,0,0,0,STALE,2026-09-05T12:59:00+00:00,2026-09-05T18:40:00+00:00
SHP-2482,SELLER-248,WH-049,CAR-076,Ahmedabad,Kolkata,CREATED,1,0,0,0,STALE,2026-09-07T15:45:00+00:00,2026-09-07T15:45:00+00:00
SHP-2483,SELLER-244,WH-034,CAR-033,Surat,Kolkata,PICKED_UP,2,0,0,0,STALE,2026-09-02T23:08:00+00:00,2026-09-03T00:28:00+00:00
SHP-2484,SELLER-172,WH-034,CAR-083,Bengaluru,Delhi,IN_TRANSIT,3,0,0,0,STALE,2026-09-06T14:29:00+00:00,2026-09-06T20:02:00+00:00
SHP-2485,SELLER-077,WH-045,CAR-056,Kolkata,Chennai,PICKED_UP,2,0,0,0,STALE,2026-09-02T14:32:00+00:00,2026-09-02T16:08:00+00:00
SHP-2486,SELLER-347,WH-033,CAR-013,Bengaluru,Delhi,PICKED_UP,2,0,0,0,STALE,2026-09-02T05:31:00+00:00,2026-09-02T08:30:00+00:00
SHP-2487,SELLER-140,WH-003,CAR-100,Jaipur,Hyderabad,PICKED_UP,2,0,0,0,STALE,2026-09-04T10:28:00+00:00,2026-09-04T11:28:00+00:00
SHP-2488,SELLER-250,WH-049,CAR-077,Chennai,Bengaluru,OUT_FOR_DELIVERY,4,0,0,0,STALE,2026-09-06T22:19:00+00:00,2026-09-07T02:47:00+00:00
SHP-2489,SELLER-099,WH-014,CAR-037,Bengaluru,Pune,CANCELLED,2,0,0,0,STALE,2026-09-07T06:58:00+00:00,2026-09-07T07:40:00+00:00
SHP-2490,SELLER-329,WH-034,CAR-093,Pune,Bengaluru,IN_TRANSIT,3,0,0,0,STALE,2026-09-02T04:51:00+00:00,2026-09-02T10:12:00+00:00
SHP-2491,SELLER-039,WH-011,CAR-038,Pune,Jaipur,DELIVERED,5,0,0,0,STALE,2026-09-03T22:31:00+00:00,2026-09-04T09:06:00+00:00
SHP-2492,SELLER-319,WH-033,CAR-072,Hyderabad,Pune,IN_TRANSIT,3,0,0,0,STALE,2026-09-02T23:00:00+00:00,2026-09-03T01:11:00+00:00
SHP-2493,SELLER-496,WH-044,CAR-046,Ahmedabad,Mumbai,OUT_FOR_DELIVERY,4,0,0,0,STALE,2026-09-05T10:41:00+00:00,2026-09-05T19:43:00+00:00
SHP-2494,SELLER-156,WH-016,CAR-065,Surat,Pune,PICKED_UP,2,0,0,0,STALE,2026-09-02T03:25:00+00:00,2026-09-02T05:04:00+00:00
SHP-2495,SELLER-371,WH-046,CAR-073,Kolkata,Chennai,OUT_FOR_DELIVERY,4,0,0,1,STALE,2026-09-02T11:32:00+00:00,2026-09-02T20:28:00+00:00
SHP-2496,SELLER-458,WH-014,CAR-086,Surat,Kolkata,DELIVERED,5,0,0,0,STALE,2026-09-05T03:08:00+00:00,2026-09-05T09:16:00+00:00
SHP-2497,SELLER-189,WH-018,CAR-082,Hyderabad,Delhi,OUT_FOR_DELIVERY,4,0,0,0,STALE,2026-09-06T09:23:00+00:00,2026-09-06T17:11:00+00:00
SHP-2498,SELLER-101,WH-012,CAR-048,Surat,Pune,DELIVERED,5,0,0,0,STALE,2026-09-06T05:11:00+00:00,2026-09-06T11:42:00+00:00
SHP-2499,SELLER-379,WH-039,CAR-091,Kolkata,Pune,IN_TRANSIT,3,0,0,0,STALE,2026-09-06T08:25:00+00:00,2026-09-06T11:11:00+00:00
SHP-2500,SELLER-233,WH-032,CAR-011,Bengaluru,Ahmedabad,CREATED,1,0,0,0,STALE,2026-09-04T08:52:00+00:00,2026-09-04T08:52:00+00:00
SHP-2501,SELLER-445,WH-002,CAR-018,Pune,Hyderabad,PICKED_UP,2,0,0,0,STALE,2026-09-03T12:57:00+00:00,2026-09-03T14:21:00+00:00
SHP-2502,SELLER-357,WH-016,CAR-080,Mumbai,Bengaluru,OUT_FOR_DELIVERY,4,0,0,0,STALE,2026-09-03T02:51:00+00:00,2026-09-03T11:18:00+00:00
SHP-2503,SELLER-250,WH-048,CAR-033,Ahmedabad,Jaipur,IN_TRANSIT,3,0,0,0,STALE,2026-09-02T13:04:00+00:00,2026-09-02T19:40:00+00:00
SHP-2504,SELLER-380,WH-030,CAR-072,Delhi,Ahmedabad,CREATED,1,0,0,0,STALE,2026-09-01T23:11:00+00:00,2026-09-01T23:11:00+00:00
SHP-2505,SELLER-229,WH-031,CAR-092,Ahmedabad,Kolkata,IN_TRANSIT,3,0,0,0,STALE,2026-09-03T03:26:00+00:00,2026-09-03T06:38:00+00:00
SHP-2506,SELLER-454,WH-049,CAR-064,Ahmedabad,Jaipur,OUT_FOR_DELIVERY,4,0,0,0,STALE,2026-09-06T04:30:00+00:00,2026-09-06T09:45:00+00:00
SHP-2507,SELLER-480,WH-019,CAR-068,Hyderabad,Ahmedabad,CANCELLED,2,0,0,0,STALE,2026-09-03T14:03:00+00:00,2026-09-03T15:21:00+00:00
SHP-2508,SELLER-393,WH-035,CAR-063,Jaipur,Surat,DELIVERED,5,0,0,0,STALE,2026-09-03T00:09:00+00:00,2026-09-03T12:56:00+00:00
SHP-2509,SELLER-029,WH-025,CAR-074,Chennai,Delhi,IN_TRANSIT,3,0,0,0,STALE,2026-09-03T17:54:00+00:00,2026-09-03T20:18:00+00:00
SHP-2510,SELLER-149,WH-027,CAR-096,Ahmedabad,Jaipur,IN_TRANSIT,3,0,0,0,STALE,2026-09-01T18:38:00+00:00,2026-09-01T23:13:00+00:00
SHP-2511,SELLER-368,WH-019,CAR-100,Kolkata,Delhi,OUT_FOR_DELIVERY,4,0,0,0,STALE,2026-09-01T17:39:00+00:00,2026-09-02T03:19:00+00:00
SHP-2512,SELLER-250,WH-037,CAR-055,Delhi,Ahmedabad,OUT_FOR_DELIVERY,4,0,0,0,STALE,2026-09-06T17:56:00+00:00,2026-09-07T04:53:00+00:00
SHP-2513,SELLER-324,WH-010,CAR-018,Bengaluru,Mumbai,IN_TRANSIT,3,0,0,0,STALE,2026-09-02T09:40:00+00:00,2026-09-02T14:45:00+00:00
SHP-2514,SELLER-094,WH-021,CAR-011,Kolkata,Jaipur,PICKED_UP,2,0,0,0,STALE,2026-09-04T20:53:00+00:00,2026-09-04T22:27:00+00:00
SHP-2515,SELLER-290,WH-045,CAR-051,Ahmedabad,Mumbai,IN_TRANSIT,3,0,0,1,STALE,2026-09-01T03:49:00+00:00,2026-09-01T09:44:00+00:00
SHP-2516,SELLER-338,WH-012,CAR-062,Hyderabad,Ahmedabad,IN_TRANSIT,3,0,0,0,STALE,2026-09-02T11:05:00+00:00,2026-09-02T16:47:00+00:00
SHP-2517,SELLER-238,WH-010,CAR-096,Kolkata,Mumbai,PICKED_UP,2,0,0,0,STALE,2026-09-03T11:17:00+00:00,2026-09-03T12:39:00+00:00
SHP-2518,SELLER-222,WH-030,CAR-048,Ahmedabad,Jaipur,IN_TRANSIT,3,0,0,0,STALE,2026-09-03T10:04:00+00:00,2026-09-03T16:13:00+00:00
SHP-2519,SELLER-036,WH-001,CAR-039,Surat,Ahmedabad,IN_TRANSIT,3,0,0,0,STALE,2026-09-03T22:06:00+00:00,2026-09-04T03:09:00+00:00
SHP-2520,SELLER-212,WH-006,CAR-085,Surat,Bengaluru,IN_TRANSIT,3,0,0,0,STALE,2026-09-04T00:08:00+00:00,2026-09-04T05:37:00+00:00
SHP-2521,SELLER-460,WH-048,CAR-012,Ahmedabad,Mumbai,OUT_FOR_DELIVERY,4,0,0,0,STALE,2026-09-02T22:29:00+00:00,2026-09-03T04:52:00+00:00
SHP-2522,SELLER-191,WH-046,CAR-019,Kolkata,Pune,IN_TRANSIT,3,0,0,0,STALE,2026-09-05T07:41:00+00:00,2026-09-05T10:50:00+00:00
SHP-2523,SELLER-353,WH-015,CAR-084,Surat,Hyderabad,DELIVERED,5,0,0,0,STALE,2026-09-05T09:24:00+00:00,2026-09-05T18:11:00+00:00
SHP-2524,SELLER-055,WH-050,CAR-074,Pune,Delhi,DELIVERED,5,0,0,0,STALE,2026-09-06T00:31:00+00:00,2026-09-06T08:45:00+00:00
SHP-2525,SELLER-009,WH-004,CAR-084,Pune,Chennai,IN_TRANSIT,3,0,0,0,STALE,2026-09-02T08:15:00+00:00,2026-09-02T15:37:00+00:00
SHP-2526,SELLER-430,WH-033,CAR-014,Mumbai,Hyderabad,OUT_FOR_DELIVERY,4,0,0,0,STALE,2026-09-05T03:22:00+00:00,2026-09-05T14:05:00+00:00
SHP-2527,SELLER-411,WH-039,CAR-041,Surat,Jaipur,IN_TRANSIT,3,0,0,0,STALE,2026-09-06T05:49:00+00:00,2026-09-06T07:52:00+00:00
SHP-2528,SELLER-356,WH-038,CAR-078,Pune,Mumbai,PICKED_UP,2,0,0,1,STALE,2026-09-07T05:56:00+00:00,2026-09-07T08:28:00+00:00
SHP-2529,SELLER-112,WH-050,CAR-090,Mumbai,Hyderabad,CANCELLED,2,0,0,0,STALE,2026-09-05T10:47:00+00:00,2026-09-05T13:43:00+00:00
SHP-2530,SELLER-081,WH-005,CAR-032,Pune,Surat,DELIVERED,5,0,0,0,STALE,2026-09-04T06:24:00+00:00,2026-09-04T15:32:00+00:00
SHP-2531,SELLER-181,WH-027,CAR-097,Mumbai,Jaipur,IN_TRANSIT,3,0,0,0,STALE,2026-09-05T03:33:00+00:00,2026-09-05T10:30:00+00:00
SHP-2532,SELLER-252,WH-043,CAR-004,Pune,Chennai,CREATED,1,0,0,0,STALE,2026-09-02T17:19:00+00:00,2026-09-02T17:19:00+00:00
SHP-2533,SELLER-281,WH-050,CAR-092,Delhi,Hyderabad,OUT_FOR_DELIVERY,4,0,0,0,STALE,2026-09-05T01:26:00+00:00,2026-09-05T11:59:00+00:00
SHP-2534,SELLER-249,WH-011,CAR-053,Jaipur,Hyderabad,DELIVERED,5,0,0,0,STALE,2026-09-06T16:12:00+00:00,2026-09-06T22:51:00+00:00
SHP-2535,SELLER-270,WH-035,CAR-007,Jaipur,Ahmedabad,PICKED_UP,2,0,0,0,STALE,2026-09-04T12:47:00+00:00,2026-09-04T13:23:00+00:00
SHP-2536,SELLER-007,WH-021,CAR-068,Bengaluru,Delhi,CREATED,1,0,0,0,STALE,2026-09-07T07:50:00+00:00,2026-09-07T07:50:00+00:00
SHP-2537,SELLER-250,WH-039,CAR-063,Hyderabad,Kolkata,IN_TRANSIT,3,0,0,0,STALE,2026-09-01T21:40:00+00:00,2026-09-02T03:42:00+00:00
SHP-2538,SELLER-403,WH-041,CAR-038,Pune,Kolkata,PICKED_UP,2,0,0,0,STALE,2026-09-03T11:52:00+00:00,2026-09-03T13:38:00+00:00
SHP-2539,SELLER-210,WH-015,CAR-026,Ahmedabad,Delhi,PICKED_UP,2,0,0,0,STALE,2026-09-05T21:31:00+00:00,2026-09-06T00:09:00+00:00
SHP-2540,SELLER-093,WH-014,CAR-063,Hyderabad,Chennai,IN_TRANSIT,3,0,0,0,STALE,2026-09-06T16:11:00+00:00,2026-09-06T19:53:00+00:00
SHP-2541,SELLER-325,WH-001,CAR-033,Ahmedabad,Delhi,OUT_FOR_DELIVERY,4,0,0,0,STALE,2026-09-01T07:12:00+00:00,2026-09-01T14:26:00+00:00
SHP-2542,SELLER-500,WH-027,CAR-049,Bengaluru,Surat,OUT_FOR_DELIVERY,4,0,0,0,STALE,2026-09-04T14:35:00+00:00,2026-09-04T22:34:00+00:00
SHP-2543,SELLER-271,WH-034,CAR-045,Jaipur,Ahmedabad,DELIVERED,5,0,0,0,STALE,2026-09-06T18:09:00+00:00,2026-09-07T02:55:00+00:00
SHP-2544,SELLER-034,WH-028,CAR-032,Surat,Kolkata,PICKED_UP,2,0,0,0,STALE,2026-09-06T10:46:00+00:00,2026-09-06T13:18:00+00:00
SHP-2545,SELLER-081,WH-006,CAR-019,Chennai,Surat,PICKED_UP,2,0,0,0,STALE,2026-09-06T04:16:00+00:00,2026-09-06T06:20:00+00:00
SHP-2546,SELLER-470,WH-040,CAR-011,Jaipur,Surat,IN_TRANSIT,3,0,0,0,STALE,2026-09-05T05:56:00+00:00,2026-09-05T10:03:00+00:00
SHP-2547,SELLER-007,WH-021,CAR-037,Kolkata,Mumbai,IN_TRANSIT,3,0,0,0,STALE,2026-09-05T07:42:00+00:00,2026-09-05T12:06:00+00:00
SHP-2548,SELLER-474,WH-012,CAR-038,Pune,Delhi,DELIVERED,5,0,0,0,STALE,2026-09-06T08:09:00+00:00,2026-09-06T14:23:00+00:00
SHP-2549,SELLER-484,WH-031,CAR-041,Surat,Jaipur,CREATED,1,0,0,0,STALE,2026-09-05T12:07:00+00:00,2026-09-05T12:07:00+00:00
SHP-2550,SELLER-258,WH-012,CAR-094,Mumbai,Ahmedabad,DELIVERED,5,0,0,0,STALE,2026-09-06T23:27:00+00:00,2026-09-07T11:53:00+00:00
SHP-2551,SELLER-025,WH-038,CAR-061,Ahmedabad,Chennai,IN_TRANSIT,3,0,0,0,STALE,2026-09-06T20:45:00+00:00,2026-09-07T04:57:00+00:00
SHP-2552,SELLER-477,WH-022,CAR-002,Bengaluru,Kolkata,PICKED_UP,2,0,0,0,STALE,2026-09-05T03:20:00+00:00,2026-09-05T05:43:00+00:00
SHP-2553,SELLER-313,WH-047,CAR-099,Bengaluru,Delhi,CREATED,1,0,0,0,STALE,2026-09-06T00:32:00+00:00,2026-09-06T00:32:00+00:00
SHP-2554,SELLER-119,WH-046,CAR-024,Delhi,Ahmedabad,IN_TRANSIT,3,1,0,0,STALE,2026-09-06T02:30:00+00:00,2026-09-06T07:15:00+00:00
SHP-2555,SELLER-062,WH-005,CAR-059,Ahmedabad,Kolkata,PICKED_UP,2,0,0,0,STALE,2026-09-07T06:29:00+00:00,2026-09-07T07:41:00+00:00
SHP-2556,SELLER-367,WH-038,CAR-071,Ahmedabad,Bengaluru,CANCELLED,2,0,0,0,STALE,2026-09-06T16:45:00+00:00,2026-09-06T17:16:00+00:00
SHP-2557,SELLER-354,WH-036,CAR-001,Kolkata,Chennai,OUT_FOR_DELIVERY,4,0,0,0,STALE,2026-09-04T20:29:00+00:00,2026-09-05T04:16:00+00:00
SHP-2558,SELLER-409,WH-013,CAR-006,Pune,Ahmedabad,IN_TRANSIT,3,0,0,0,STALE,2026-09-01T17:42:00+00:00,2026-09-02T01:18:00+00:00
SHP-2559,SELLER-484,WH-034,CAR-043,Chennai,Jaipur,IN_TRANSIT,3,0,0,0,STALE,2026-09-07T08:01:00+00:00,2026-09-07T10:42:00+00:00
SHP-2560,SELLER-124,WH-001,CAR-055,Chennai,Bengaluru,DELIVERED,5,0,0,0,STALE,2026-09-07T00:30:00+00:00,2026-09-07T12:59:00+00:00
SHP-2561,SELLER-102,WH-035,CAR-051,Pune,Kolkata,OUT_FOR_DELIVERY,4,0,0,0,STALE,2026-09-01T12:32:00+00:00,2026-09-01T20:52:00+00:00
SHP-2562,SELLER-388,WH-041,CAR-086,Ahmedabad,Jaipur,DELIVERED,5,0,0,0,STALE,2026-09-02T11:43:00+00:00,2026-09-02T22:29:00+00:00
SHP-2563,SELLER-230,WH-010,CAR-028,Kolkata,Jaipur,IN_TRANSIT,3,0,0,1,STALE,2026-09-05T02:14:00+00:00,2026-09-05T05:20:00+00:00
SHP-2564,SELLER-031,WH-030,CAR-095,Hyderabad,Chennai,CREATED,1,0,0,0,STALE,2026-09-05T07:29:00+00:00,2026-09-05T07:29:00+00:00
SHP-2565,SELLER-268,WH-043,CAR-016,Pune,Mumbai,CREATED,1,0,0,0,STALE,2026-09-05T04:08:00+00:00,2026-09-05T04:08:00+00:00
SHP-2566,SELLER-497,WH-028,CAR-012,Chennai,Kolkata,CREATED,1,0,0,0,STALE,2026-09-04T03:13:00+00:00,2026-09-04T03:13:00+00:00
SHP-2567,SELLER-340,WH-042,CAR-046,Bengaluru,Mumbai,CREATED,1,0,0,0,STALE,2026-09-04T13:09:00+00:00,2026-09-04T13:09:00+00:00
SHP-2568,SELLER-283,WH-020,CAR-005,Jaipur,Delhi,CREATED,1,0,0,0,STALE,2026-09-06T10:24:00+00:00,2026-09-06T10:24:00+00:00
SHP-2569,SELLER-208,WH-037,CAR-080,Bengaluru,Ahmedabad,PICKED_UP,2,0,0,0,STALE,2026-09-04T12:02:00+00:00,2026-09-04T13:33:00+00:00
SHP-2570,SELLER-437,WH-042,CAR-065,Bengaluru,Hyderabad,OUT_FOR_DELIVERY,4,0,0,0,STALE,2026-09-05T11:31:00+00:00,2026-09-05T19:58:00+00:00
SHP-2571,SELLER-020,WH-034,CAR-094,Chennai,Hyderabad,PICKED_UP,2,0,0,0,STALE,2026-09-04T09:02:00+00:00,2026-09-04T10:38:00+00:00
SHP-2572,SELLER-323,WH-046,CAR-053,Pune,Chennai,OUT_FOR_DELIVERY,4,0,0,0,STALE,2026-09-01T09:37:00+00:00,2026-09-01T19:15:00+00:00
SHP-2573,SELLER-214,WH-032,CAR-081,Delhi,Pune,CREATED,1,0,0,0,STALE,2026-09-01T02:47:00+00:00,2026-09-01T02:47:00+00:00
SHP-2574,SELLER-193,WH-008,CAR-095,Ahmedabad,Bengaluru,IN_TRANSIT,3,0,0,0,STALE,2026-09-06T17:04:00+00:00,2026-09-06T23:43:00+00:00
SHP-2575,SELLER-492,WH-035,CAR-072,Mumbai,Hyderabad,DELIVERED,5,0,0,0,STALE,2026-09-03T14:45:00+00:00,2026-09-03T21:35:00+00:00
SHP-2576,SELLER-079,WH-024,CAR-057,Chennai,Mumbai,PICKED_UP,2,0,0,0,STALE,2026-09-04T23:20:00+00:00,2026-09-05T01:37:00+00:00
SHP-2577,SELLER-232,WH-026,CAR-023,Delhi,Pune,DELIVERED,5,0,0,0,STALE,2026-09-07T15:34:00+00:00,2026-09-08T03:10:00+00:00
SHP-2578,SELLER-046,WH-049,CAR-044,Ahmedabad,Mumbai,DELIVERED,5,0,0,0,STALE,2026-09-01T10:03:00+00:00,2026-09-01T17:44:00+00:00
SHP-2579,SELLER-190,WH-012,CAR-056,Hyderabad,Kolkata,DELIVERED,5,0,0,0,STALE,2026-09-06T16:35:00+00:00,2026-09-07T00:50:00+00:00
SHP-2580,SELLER-023,WH-017,CAR-077,Jaipur,Ahmedabad,DELIVERED,5,0,0,0,STALE,2026-09-02T12:52:00+00:00,2026-09-02T21:27:00+00:00
SHP-2581,SELLER-361,WH-032,CAR-037,Mumbai,Kolkata,IN_TRANSIT,3,0,0,0,STALE,2026-09-04T01:47:00+00:00,2026-09-04T06:24:00+00:00
SHP-2582,SELLER-198,WH-006,CAR-072,Chennai,Delhi,DELIVERED,5,0,0,0,STALE,2026-09-05T21:29:00+00:00,2026-09-06T06:28:00+00:00
SHP-2583,SELLER-396,WH-010,CAR-062,Kolkata,Bengaluru,IN_TRANSIT,3,0,0,0,STALE,2026-09-07T03:46:00+00:00,2026-09-07T06:59:00+00:00
SHP-2584,SELLER-037,WH-010,CAR-051,Chennai,Hyderabad,PICKED_UP,2,0,0,0,STALE,2026-09-03T02:20:00+00:00,2026-09-03T03:44:00+00:00
SHP-2585,SELLER-128,WH-010,CAR-053,Ahmedabad,Delhi,IN_TRANSIT,3,0,0,0,STALE,2026-09-03T18:35:00+00:00,2026-09-04T00:18:00+00:00
SHP-2586,SELLER-260,WH-033,CAR-016,Surat,Hyderabad,OUT_FOR_DELIVERY,4,0,0,0,STALE,2026-09-07T02:45:00+00:00,2026-09-07T12:55:00+00:00
SHP-2587,SELLER-214,WH-032,CAR-045,Ahmedabad,Delhi,CANCELLED,2,0,0,0,STALE,2026-09-05T14:07:00+00:00,2026-09-05T16:46:00+00:00
SHP-2588,SELLER-003,WH-044,CAR-043,Chennai,Ahmedabad,IN_TRANSIT,3,0,0,0,STALE,2026-09-05T23:54:00+00:00,2026-09-06T03:20:00+00:00
SHP-2589,SELLER-306,WH-001,CAR-044,Chennai,Kolkata,CREATED,1,0,0,0,STALE,2026-09-03T08:37:00+00:00,2026-09-03T08:37:00+00:00
SHP-2590,SELLER-349,WH-035,CAR-029,Chennai,Hyderabad,CREATED,1,0,0,0,STALE,2026-09-04T15:04:00+00:00,2026-09-04T15:04:00+00:00
SHP-2591,SELLER-263,WH-002,CAR-014,Pune,Ahmedabad,PICKED_UP,2,0,0,0,STALE,2026-09-01T03:05:00+00:00,2026-09-01T04:38:00+00:00
SHP-2592,SELLER-447,WH-039,CAR-029,Jaipur,Surat,DELIVERED,5,0,0,0,STALE,2026-09-05T03:46:00+00:00,2026-09-05T09:52:00+00:00
SHP-2593,SELLER-415,WH-006,CAR-041,Surat,Mumbai,CREATED,1,0,0,0,STALE,2026-09-05T07:06:00+00:00,2026-09-05T07:06:00+00:00
SHP-2594,SELLER-007,WH-033,CAR-054,Delhi,Hyderabad,OUT_FOR_DELIVERY,4,0,0,0,STALE,2026-09-05T00:27:00+00:00,2026-09-05T07:46:00+00:00
SHP-2595,SELLER-310,WH-009,CAR-019,Kolkata,Mumbai,IN_TRANSIT,3,0,0,0,STALE,2026-09-07T06:15:00+00:00,2026-09-07T12:26:00+00:00
SHP-2596,SELLER-031,WH-034,CAR-038,Bengaluru,Delhi,PICKED_UP,2,0,0,0,STALE,2026-09-06T11:05:00+00:00,2026-09-06T14:03:00+00:00
SHP-2597,SELLER-364,WH-040,CAR-068,Mumbai,Bengaluru,IN_TRANSIT,3,0,0,0,STALE,2026-09-06T10:25:00+00:00,2026-09-06T15:53:00+00:00
SHP-2598,SELLER-283,WH-006,CAR-098,Pune,Surat,DELIVERED,5,0,0,1,STALE,2026-09-02T20:46:00+00:00,2026-09-03T02:30:00+00:00
SHP-2599,SELLER-317,WH-001,CAR-078,Delhi,Bengaluru,DELIVERED,5,1,0,0,STALE,2026-09-04T21:11:00+00:00,2026-09-05T04:45:00+00:00
SHP-2600,SELLER-432,WH-034,CAR-079,Delhi,Mumbai,PICKED_UP,2,0,0,0,STALE,2026-09-06T06:06:00+00:00,2026-09-06T08:52:00+00:00
SHP-2601,SELLER-402,WH-014,CAR-023,Delhi,Jaipur,OUT_FOR_DELIVERY,4,0,0,1,STALE,2026-09-02T23:41:00+00:00,2026-09-03T06:57:00+00:00
SHP-2602,SELLER-329,WH-006,CAR-065,Jaipur,Pune,OUT_FOR_DELIVERY,4,0,0,0,STALE,2026-09-05T02:34:00+00:00,2026-09-05T12:00:00+00:00
SHP-2603,SELLER-307,WH-034,CAR-031,Ahmedabad,Kolkata,IN_TRANSIT,3,0,1,0,STALE,2026-09-05T03:48:00+00:00,2026-09-05T10:41:00+00:00
SHP-2604,SELLER-380,WH-032,CAR-096,Ahmedabad,Bengaluru,IN_TRANSIT,3,0,0,0,STALE,2026-09-01T14:48:00+00:00,2026-09-01T17:26:00+00:00
SHP-2605,SELLER-362,WH-033,CAR-001,Hyderabad,Chennai,PICKED_UP,2,0,0,0,STALE,2026-09-02T06:02:00+00:00,2026-09-02T08:19:00+00:00
SHP-2606,SELLER-043,WH-020,CAR-052,Bengaluru,Delhi,DELIVERED,5,0,0,0,STALE,2026-09-03T06:35:00+00:00,2026-09-03T14:45:00+00:00
SHP-2607,SELLER-067,WH-049,CAR-050,Pune,Chennai,PICKED_UP,2,0,0,0,STALE,2026-09-05T07:31:00+00:00,2026-09-05T09:15:00+00:00
SHP-2608,SELLER-004,WH-005,CAR-061,Mumbai,Jaipur,CREATED,1,0,0,0,STALE,2026-09-07T14:56:00+00:00,2026-09-07T14:56:00+00:00
SHP-2609,SELLER-163,WH-030,CAR-095,Hyderabad,Bengaluru,PICKED_UP,2,0,0,0,STALE,2026-09-02T06:04:00+00:00,2026-09-02T09:00:00+00:00
SHP-2610,SELLER-364,WH-001,CAR-001,Kolkata,Ahmedabad,OUT_FOR_DELIVERY,4,0,0,0,STALE,2026-09-03T15:33:00+00:00,2026-09-03T20:13:00+00:00
SHP-2611,SELLER-123,WH-042,CAR-004,Delhi,Chennai,DELIVERED,5,0,0,0,STALE,2026-09-06T23:58:00+00:00,2026-09-07T10:05:00+00:00
SHP-2612,SELLER-228,WH-019,CAR-011,Hyderabad,Bengaluru,IN_TRANSIT,3,0,0,0,STALE,2026-09-01T23:20:00+00:00,2026-09-02T06:28:00+00:00
SHP-2613,SELLER-063,WH-021,CAR-068,Ahmedabad,Surat,IN_TRANSIT,3,0,0,0,STALE,2026-09-06T23:06:00+00:00,2026-09-07T01:55:00+00:00
SHP-2614,SELLER-491,WH-008,CAR-012,Mumbai,Kolkata,PICKED_UP,2,0,0,0,STALE,2026-09-03T23:50:00+00:00,2026-09-04T01:00:00+00:00
SHP-2615,SELLER-187,WH-020,CAR-054,Ahmedabad,Chennai,CREATED,1,0,0,0,STALE,2026-09-03T07:40:00+00:00,2026-09-03T07:40:00+00:00
SHP-2616,SELLER-039,WH-048,CAR-061,Hyderabad,Mumbai,IN_TRANSIT,3,0,0,0,STALE,2026-09-01T00:08:00+00:00,2026-09-01T07:57:00+00:00
SHP-2617,SELLER-003,WH-013,CAR-033,Bengaluru,Delhi,IN_TRANSIT,3,1,0,0,STALE,2026-09-02T00:47:00+00:00,2026-09-02T04:53:00+00:00
SHP-2618,SELLER-345,WH-009,CAR-058,Chennai,Surat,PICKED_UP,2,0,0,0,STALE,2026-09-02T00:42:00+00:00,2026-09-02T01:34:00+00:00
SHP-2619,SELLER-241,WH-038,CAR-049,Kolkata,Ahmedabad,PICKED_UP,2,0,0,0,STALE,2026-09-01T08:22:00+00:00,2026-09-01T11:17:00+00:00
SHP-2620,SELLER-377,WH-021,CAR-038,Delhi,Ahmedabad,OUT_FOR_DELIVERY,4,0,0,0,STALE,2026-09-05T23:31:00+00:00,2026-09-06T05:46:00+00:00
SHP-2621,SELLER-363,WH-005,CAR-016,Hyderabad,Jaipur,PICKED_UP,2,0,0,0,STALE,2026-09-04T07:38:00+00:00,2026-09-04T09:59:00+00:00
SHP-2622,SELLER-065,WH-015,CAR-008,Pune,Hyderabad,CREATED,1,0,0,0,STALE,2026-09-01T20:00:00+00:00,2026-09-01T20:00:00+00:00
SHP-2623,SELLER-217,WH-033,CAR-034,Pune,Bengaluru,PICKED_UP,2,0,0,0,STALE,2026-09-07T19:11:00+00:00,2026-09-07T20:06:00+00:00
SHP-2624,SELLER-143,WH-045,CAR-055,Pune,Kolkata,CREATED,1,0,0,0,STALE,2026-09-06T15:14:00+00:00,2026-09-06T15:14:00+00:00
SHP-2625,SELLER-218,WH-017,CAR-042,Chennai,Hyderabad,CREATED,1,0,0,0,STALE,2026-09-05T22:16:00+00:00,2026-09-05T22:16:00+00:00
SHP-2626,SELLER-298,WH-021,CAR-002,Pune,Bengaluru,OUT_FOR_DELIVERY,4,0,0,0,STALE,2026-09-04T06:38:00+00:00,2026-09-04T11:26:00+00:00
SHP-2627,SELLER-351,WH-001,CAR-064,Jaipur,Bengaluru,IN_TRANSIT,3,0,0,0,STALE,2026-09-07T02:14:00+00:00,2026-09-07T09:23:00+00:00
SHP-2628,SELLER-393,WH-034,CAR-030,Bengaluru,Kolkata,CREATED,1,0,0,0,STALE,2026-09-04T16:07:00+00:00,2026-09-04T16:07:00+00:00
SHP-2629,SELLER-328,WH-019,CAR-063,Hyderabad,Jaipur,PICKED_UP,2,0,0,0,STALE,2026-09-04T01:02:00+00:00,2026-09-04T03:07:00+00:00
SHP-2630,SELLER-241,WH-016,CAR-056,Surat,Ahmedabad,CREATED,1,0,0,0,STALE,2026-09-05T20:28:00+00:00,2026-09-05T20:28:00+00:00
SHP-2631,SELLER-396,WH-024,CAR-020,Kolkata,Chennai,CREATED,1,0,0,0,STALE,2026-09-06T12:04:00+00:00,2026-09-06T12:04:00+00:00
SHP-2632,SELLER-025,WH-017,CAR-001,Surat,Chennai,IN_TRANSIT,3,0,0,0,STALE,2026-09-01T22:33:00+00:00,2026-09-02T06:04:00+00:00
SHP-2633,SELLER-184,WH-011,CAR-073,Bengaluru,Pune,OUT_FOR_DELIVERY,4,0,0,0,STALE,2026-09-05T00:44:00+00:00,2026-09-05T10:53:00+00:00
SHP-2634,SELLER-026,WH-026,CAR-027,Surat,Delhi,PICKED_UP,2,0,0,0,STALE,2026-09-05T20:19:00+00:00,2026-09-05T21:12:00+00:00
SHP-2635,SELLER-354,WH-047,CAR-093,Pune,Delhi,OUT_FOR_DELIVERY,4,0,0,0,STALE,2026-09-06T20:01:00+00:00,2026-09-06T23:26:00+00:00
SHP-2636,SELLER-492,WH-043,CAR-016,Ahmedabad,Kolkata,IN_TRANSIT,3,0,0,0,STALE,2026-09-07T07:23:00+00:00,2026-09-07T13:42:00+00:00
SHP-2637,SELLER-423,WH-045,CAR-091,Chennai,Surat,DELIVERED,5,0,0,0,STALE,2026-09-05T21:07:00+00:00,2026-09-06T06:12:00+00:00
SHP-2638,SELLER-097,WH-010,CAR-026,Kolkata,Jaipur,PICKED_UP,2,0,0,0,STALE,2026-09-06T13:49:00+00:00,2026-09-06T15:05:00+00:00
SHP-2639,SELLER-370,WH-010,CAR-002,Surat,Hyderabad,PICKED_UP,2,0,0,0,STALE,2026-09-05T23:57:00+00:00,2026-09-06T01:28:00+00:00
SHP-2640,SELLER-261,WH-030,CAR-009,Surat,Hyderabad,CREATED,1,0,0,0,STALE,2026-09-01T13:45:00+00:00,2026-09-01T13:45:00+00:00
SHP-2641,SELLER-291,WH-009,CAR-085,Kolkata,Chennai,DELIVERED,5,0,0,0,STALE,2026-09-01T00:35:00+00:00,2026-09-01T12:46:00+00:00
SHP-2642,SELLER-251,WH-014,CAR-059,Surat,Kolkata,IN_TRANSIT,3,0,0,0,STALE,2026-09-03T12:45:00+00:00,2026-09-03T15:45:00+00:00
SHP-2643,SELLER-165,WH-007,CAR-014,Mumbai,Hyderabad,OUT_FOR_DELIVERY,4,0,0,0,STALE,2026-09-01T13:51:00+00:00,2026-09-01T19:17:00+00:00
SHP-2644,SELLER-427,WH-050,CAR-037,Mumbai,Chennai,PICKED_UP,2,0,0,0,STALE,2026-09-02T10:26:00+00:00,2026-09-02T11:54:00+00:00
SHP-2645,SELLER-403,WH-016,CAR-068,Kolkata,Jaipur,CREATED,1,0,0,0,STALE,2026-09-07T13:09:00+00:00,2026-09-07T13:09:00+00:00
SHP-2646,SELLER-107,WH-038,CAR-014,Chennai,Jaipur,CREATED,1,0,0,0,STALE,2026-09-06T23:50:00+00:00,2026-09-06T23:50:00+00:00
SHP-2647,SELLER-288,WH-029,CAR-067,Chennai,Jaipur,IN_TRANSIT,3,0,1,0,STALE,2026-09-02T09:49:00+00:00,2026-09-02T14:59:00+00:00
SHP-2648,SELLER-415,WH-039,CAR-027,Ahmedabad,Mumbai,IN_TRANSIT,3,0,0,0,STALE,2026-09-03T15:19:00+00:00,2026-09-03T23:21:00+00:00
SHP-2649,SELLER-102,WH-029,CAR-082,Hyderabad,Jaipur,DELIVERED,5,0,0,0,STALE,2026-09-03T15:09:00+00:00,2026-09-03T22:35:00+00:00
SHP-2650,SELLER-226,WH-032,CAR-002,Bengaluru,Pune,DELIVERED,5,0,0,0,STALE,2026-09-05T01:13:00+00:00,2026-09-05T12:13:00+00:00
SHP-2651,SELLER-265,WH-021,CAR-008,Delhi,Surat,PICKED_UP,2,0,0,0,STALE,2026-09-06T11:24:00+00:00,2026-09-06T14:15:00+00:00
SHP-2652,SELLER-182,WH-015,CAR-060,Mumbai,Pune,IN_TRANSIT,3,0,0,0,STALE,2026-09-04T08:29:00+00:00,2026-09-04T11:38:00+00:00
SHP-2653,SELLER-214,WH-044,CAR-064,Bengaluru,Ahmedabad,PICKED_UP,2,0,0,0,STALE,2026-09-03T15:36:00+00:00,2026-09-03T16:31:00+00:00
SHP-2654,SELLER-048,WH-007,CAR-076,Kolkata,Pune,OUT_FOR_DELIVERY,4,0,0,0,STALE,2026-09-01T06:58:00+00:00,2026-09-01T15:19:00+00:00
SHP-2655,SELLER-005,WH-050,CAR-028,Ahmedabad,Chennai,CREATED,1,0,0,0,STALE,2026-09-02T02:37:00+00:00,2026-09-02T02:37:00+00:00
SHP-2656,SELLER-298,WH-009,CAR-007,Bengaluru,Kolkata,CANCELLED,2,0,0,1,STALE,2026-09-05T05:19:00+00:00,2026-09-05T06:22:00+00:00
SHP-2657,SELLER-094,WH-018,CAR-058,Hyderabad,Delhi,PICKED_UP,2,0,0,0,STALE,2026-09-07T08:36:00+00:00,2026-09-07T11:08:00+00:00
SHP-2658,SELLER-032,WH-050,CAR-055,Kolkata,Delhi,IN_TRANSIT,3,0,0,0,FRESH,2026-09-07T21:27:00+00:00,2026-09-08T04:07:00+00:00
SHP-2659,SELLER-231,WH-011,CAR-096,Bengaluru,Pune,IN_TRANSIT,3,1,0,0,FRESH,2026-09-07T21:17:00+00:00,2026-09-08T04:21:00+00:00
SHP-2660,SELLER-411,WH-027,CAR-070,Hyderabad,Kolkata,PICKED_UP,2,0,0,0,STALE,2026-09-04T17:11:00+00:00,2026-09-04T19:58:00+00:00
SHP-2661,SELLER-151,WH-012,CAR-005,Kolkata,Hyderabad,CREATED,1,0,0,0,STALE,2026-09-05T02:43:00+00:00,2026-09-05T02:43:00+00:00
SHP-2662,SELLER-499,WH-024,CAR-089,Kolkata,Ahmedabad,IN_TRANSIT,3,0,0,0,STALE,2026-09-04T04:37:00+00:00,2026-09-04T12:46:00+00:00
SHP-2663,SELLER-348,WH-016,CAR-005,Bengaluru,Delhi,PICKED_UP,2,0,0,0,STALE,2026-09-03T22:18:00+00:00,2026-09-04T00:05:00+00:00
SHP-2664,SELLER-027,WH-025,CAR-081,Ahmedabad,Bengaluru,IN_TRANSIT,3,1,0,0,STALE,2026-09-03T21:35:00+00:00,2026-09-04T01:20:00+00:00
SHP-2665,SELLER-020,WH-002,CAR-038,Pune,Hyderabad,DELIVERED,5,0,0,0,STALE,2026-09-03T20:47:00+00:00,2026-09-04T09:03:00+00:00
SHP-2666,SELLER-310,WH-010,CAR-037,Pune,Ahmedabad,CREATED,1,0,0,0,STALE,2026-09-06T01:06:00+00:00,2026-09-06T01:06:00+00:00
SHP-2667,SELLER-031,WH-006,CAR-025,Jaipur,Bengaluru,OUT_FOR_DELIVERY,4,0,0,0,STALE,2026-09-07T20:30:00+00:00,2026-09-08T03:02:00+00:00
SHP-2668,SELLER-286,WH-044,CAR-016,Kolkata,Pune,IN_TRANSIT,3,0,0,0,STALE,2026-09-04T12:10:00+00:00,2026-09-04T14:43:00+00:00
SHP-2669,SELLER-222,WH-044,CAR-036,Ahmedabad,Jaipur,DELIVERED,5,0,0,0,STALE,2026-09-05T09:45:00+00:00,2026-09-05T16:22:00+00:00
SHP-2670,SELLER-158,WH-025,CAR-013,Pune,Surat,PICKED_UP,2,0,0,0,STALE,2026-09-04T07:52:00+00:00,2026-09-04T09:59:00+00:00
SHP-2671,SELLER-330,WH-033,CAR-078,Delhi,Kolkata,OUT_FOR_DELIVERY,4,0,0,0,STALE,2026-09-01T22:56:00+00:00,2026-09-02T04:18:00+00:00
SHP-2672,SELLER-253,WH-046,CAR-077,Delhi,Jaipur,OUT_FOR_DELIVERY,4,0,0,0,STALE,2026-09-04T16:38:00+00:00,2026-09-05T00:03:00+00:00
SHP-2673,SELLER-174,WH-049,CAR-070,Hyderabad,Ahmedabad,PICKED_UP,2,0,0,0,STALE,2026-09-07T14:23:00+00:00,2026-09-07T16:07:00+00:00
SHP-2674,SELLER-287,WH-002,CAR-083,Ahmedabad,Chennai,IN_TRANSIT,3,0,0,0,STALE,2026-09-06T10:20:00+00:00,2026-09-06T13:18:00+00:00
SHP-2675,SELLER-076,WH-023,CAR-015,Surat,Mumbai,DELIVERED,5,0,0,0,STALE,2026-09-06T04:07:00+00:00,2026-09-06T15:35:00+00:00
SHP-2676,SELLER-042,WH-038,CAR-016,Surat,Chennai,DELIVERED,5,0,0,0,STALE,2026-09-02T20:41:00+00:00,2026-09-03T05:57:00+00:00
SHP-2677,SELLER-216,WH-049,CAR-058,Kolkata,Mumbai,CREATED,1,0,0,0,STALE,2026-09-05T06:20:00+00:00,2026-09-05T06:20:00+00:00
SHP-2678,SELLER-376,WH-014,CAR-094,Surat,Pune,IN_TRANSIT,3,0,0,0,STALE,2026-09-04T10:44:00+00:00,2026-09-04T16:27:00+00:00
SHP-2679,SELLER-434,WH-030,CAR-008,Delhi,Pune,CANCELLED,2,0,0,0,STALE,2026-09-01T04:59:00+00:00,2026-09-01T07:01:00+00:00
SHP-2680,SELLER-019,WH-041,CAR-080,Surat,Jaipur,PICKED_UP,2,0,0,0,STALE,2026-09-04T16:24:00+00:00,2026-09-04T18:28:00+00:00
SHP-2681,SELLER-487,WH-018,CAR-096,Jaipur,Hyderabad,IN_TRANSIT,3,0,0,0,STALE,2026-09-04T19:58:00+00:00,2026-09-05T01:10:00+00:00
SHP-2682,SELLER-002,WH-046,CAR-043,Bengaluru,Pune,DELIVERED,5,0,0,0,STALE,2026-09-01T02:41:00+00:00,2026-09-01T11:20:00+00:00
SHP-2683,SELLER-485,WH-046,CAR-072,Surat,Hyderabad,DELIVERED,5,0,0,1,STALE,2026-09-02T19:01:00+00:00,2026-09-03T07:10:00+00:00
SHP-2684,SELLER-329,WH-050,CAR-077,Hyderabad,Chennai,OUT_FOR_DELIVERY,4,0,0,0,STALE,2026-09-01T12:36:00+00:00,2026-09-01T22:09:00+00:00
SHP-2685,SELLER-072,WH-018,CAR-063,Mumbai,Ahmedabad,CANCELLED,2,0,0,0,STALE,2026-09-07T10:04:00+00:00,2026-09-07T13:04:00+00:00
SHP-2686,SELLER-171,WH-002,CAR-088,Ahmedabad,Delhi,PICKED_UP,2,0,0,0,STALE,2026-09-03T00:02:00+00:00,2026-09-03T00:41:00+00:00
SHP-2687,SELLER-314,WH-031,CAR-068,Bengaluru,Jaipur,IN_TRANSIT,3,0,0,0,STALE,2026-09-02T14:45:00+00:00,2026-09-02T18:08:00+00:00
SHP-2688,SELLER-297,WH-002,CAR-019,Chennai,Jaipur,PICKED_UP,2,0,0,0,STALE,2026-09-03T00:33:00+00:00,2026-09-03T03:29:00+00:00
SHP-2689,SELLER-320,WH-019,CAR-013,Jaipur,Bengaluru,CREATED,1,0,0,0,STALE,2026-09-05T07:35:00+00:00,2026-09-05T07:35:00+00:00
SHP-2690,SELLER-328,WH-023,CAR-079,Surat,Mumbai,CREATED,1,0,0,0,STALE,2026-09-02T23:39:00+00:00,2026-09-02T23:39:00+00:00
SHP-2691,SELLER-434,WH-020,CAR-054,Hyderabad,Bengaluru,PICKED_UP,2,0,0,0,STALE,2026-09-02T05:12:00+00:00,2026-09-02T06:21:00+00:00
SHP-2692,SELLER-469,WH-023,CAR-076,Kolkata,Mumbai,DELIVERED,5,0,0,0,STALE,2026-09-02T15:37:00+00:00,2026-09-02T22:49:00+00:00
SHP-2693,SELLER-079,WH-014,CAR-074,Hyderabad,Chennai,IN_TRANSIT,3,0,0,0,STALE,2026-09-03T08:44:00+00:00,2026-09-03T14:11:00+00:00
SHP-2694,SELLER-198,WH-016,CAR-061,Ahmedabad,Chennai,PICKED_UP,2,0,0,0,STALE,2026-09-07T06:09:00+00:00,2026-09-07T06:52:00+00:00
SHP-2695,SELLER-092,WH-029,CAR-061,Delhi,Mumbai,CANCELLED,2,0,0,0,STALE,2026-09-07T13:08:00+00:00,2026-09-07T13:57:00+00:00
SHP-2696,SELLER-169,WH-023,CAR-026,Delhi,Ahmedabad,IN_TRANSIT,3,0,0,0,FRESH,2026-09-07T21:34:00+00:00,2026-09-08T04:36:00+00:00
SHP-2697,SELLER-489,WH-036,CAR-092,Ahmedabad,Jaipur,IN_TRANSIT,3,0,0,0,STALE,2026-09-03T17:41:00+00:00,2026-09-03T22:52:00+00:00
SHP-2698,SELLER-260,WH-032,CAR-062,Hyderabad,Jaipur,OUT_FOR_DELIVERY,4,0,0,0,STALE,2026-09-05T08:44:00+00:00,2026-09-05T14:36:00+00:00
SHP-2699,SELLER-428,WH-048,CAR-037,Mumbai,Pune,IN_TRANSIT,3,0,0,0,STALE,2026-09-01T20:17:00+00:00,2026-09-01T22:03:00+00:00
SHP-2700,SELLER-069,WH-039,CAR-100,Hyderabad,Chennai,OUT_FOR_DELIVERY,4,0,0,0,STALE,2026-09-03T19:51:00+00:00,2026-09-04T04:01:00+00:00
SHP-2701,SELLER-016,WH-006,CAR-075,Chennai,Pune,PICKED_UP,2,0,0,0,STALE,2026-09-01T17:13:00+00:00,2026-09-01T17:50:00+00:00
SHP-2702,SELLER-190,WH-026,CAR-057,Chennai,Mumbai,DELIVERED,5,0,0,0,STALE,2026-09-06T10:17:00+00:00,2026-09-06T19:12:00+00:00
SHP-2703,SELLER-120,WH-001,CAR-024,Mumbai,Jaipur,PICKED_UP,2,0,0,0,STALE,2026-09-03T10:11:00+00:00,2026-09-03T12:44:00+00:00
SHP-2704,SELLER-454,WH-001,CAR-013,Hyderabad,Delhi,IN_TRANSIT,3,0,0,0,STALE,2026-09-01T20:57:00+00:00,2026-09-02T01:20:00+00:00
SHP-2705,SELLER-107,WH-034,CAR-049,Kolkata,Hyderabad,DELIVERED,5,0,0,0,STALE,2026-09-07T18:04:00+00:00,2026-09-07T23:40:00+00:00
SHP-2706,SELLER-425,WH-036,CAR-092,Bengaluru,Mumbai,DELIVERED,5,0,0,0,STALE,2026-09-04T20:33:00+00:00,2026-09-05T03:40:00+00:00
SHP-2707,SELLER-208,WH-039,CAR-100,Chennai,Kolkata,OUT_FOR_DELIVERY,4,0,0,0,STALE,2026-09-06T15:00:00+00:00,2026-09-07T01:38:00+00:00
SHP-2708,SELLER-429,WH-018,CAR-022,Delhi,Kolkata,IN_TRANSIT,3,0,0,0,STALE,2026-09-03T23:15:00+00:00,2026-09-04T06:40:00+00:00
SHP-2709,SELLER-390,WH-032,CAR-044,Hyderabad,Mumbai,OUT_FOR_DELIVERY,4,0,0,0,STALE,2026-09-02T19:30:00+00:00,2026-09-03T03:18:00+00:00
SHP-2710,SELLER-291,WH-032,CAR-086,Kolkata,Pune,DELIVERED,5,0,0,0,STALE,2026-09-01T11:28:00+00:00,2026-09-01T19:36:00+00:00
SHP-2711,SELLER-320,WH-017,CAR-099,Delhi,Ahmedabad,IN_TRANSIT,3,0,0,0,STALE,2026-09-01T05:07:00+00:00,2026-09-01T11:42:00+00:00
SHP-2712,SELLER-263,WH-043,CAR-054,Delhi,Ahmedabad,IN_TRANSIT,3,0,0,0,STALE,2026-09-06T01:18:00+00:00,2026-09-06T08:21:00+00:00
SHP-2713,SELLER-465,WH-001,CAR-057,Pune,Surat,CREATED,1,0,0,0,STALE,2026-09-01T02:53:00+00:00,2026-09-01T02:53:00+00:00
SHP-2714,SELLER-220,WH-035,CAR-010,Hyderabad,Chennai,IN_TRANSIT,3,0,0,0,STALE,2026-09-07T13:29:00+00:00,2026-09-07T19:37:00+00:00
SHP-2715,SELLER-350,WH-004,CAR-041,Hyderabad,Mumbai,DELIVERED,5,1,0,1,STALE,2026-09-01T22:48:00+00:00,2026-09-02T08:55:00+00:00
SHP-2716,SELLER-284,WH-017,CAR-023,Jaipur,Hyderabad,DELIVERED,5,0,0,0,STALE,2026-09-05T03:00:00+00:00,2026-09-05T13:52:00+00:00
SHP-2717,SELLER-409,WH-012,CAR-071,Chennai,Kolkata,IN_TRANSIT,3,0,0,1,STALE,2026-09-02T08:02:00+00:00,2026-09-02T11:20:00+00:00
SHP-2718,SELLER-091,WH-048,CAR-047,Surat,Ahmedabad,IN_TRANSIT,3,0,0,0,STALE,2026-09-03T05:35:00+00:00,2026-09-03T13:31:00+00:00
SHP-2719,SELLER-395,WH-003,CAR-045,Surat,Hyderabad,DELIVERED,5,0,0,0,STALE,2026-09-06T07:03:00+00:00,2026-09-06T14:41:00+00:00
SHP-2720,SELLER-381,WH-001,CAR-072,Jaipur,Bengaluru,CREATED,1,0,0,0,STALE,2026-09-06T14:02:00+00:00,2026-09-06T14:02:00+00:00
SHP-2721,SELLER-406,WH-005,CAR-052,Delhi,Bengaluru,OUT_FOR_DELIVERY,4,0,0,0,STALE,2026-09-05T12:44:00+00:00,2026-09-05T22:03:00+00:00
SHP-2722,SELLER-040,WH-028,CAR-091,Pune,Delhi,CANCELLED,2,0,0,0,STALE,2026-09-05T14:49:00+00:00,2026-09-05T17:37:00+00:00
SHP-2723,SELLER-198,WH-004,CAR-017,Kolkata,Chennai,CANCELLED,2,0,0,0,STALE,2026-09-05T06:35:00+00:00,2026-09-05T09:09:00+00:00
SHP-2724,SELLER-076,WH-012,CAR-042,Hyderabad,Pune,CREATED,1,0,0,0,STALE,2026-09-07T06:04:00+00:00,2026-09-07T06:04:00+00:00
SHP-2725,SELLER-199,WH-040,CAR-035,Bengaluru,Jaipur,IN_TRANSIT,3,0,0,0,STALE,2026-09-06T06:27:00+00:00,2026-09-06T12:02:00+00:00
SHP-2726,SELLER-027,WH-041,CAR-001,Pune,Ahmedabad,PICKED_UP,2,0,0,0,STALE,2026-09-04T07:58:00+00:00,2026-09-04T09:41:00+00:00
SHP-2727,SELLER-415,WH-037,CAR-030,Bengaluru,Mumbai,PICKED_UP,2,1,0,0,STALE,2026-09-01T16:55:00+00:00,2026-09-01T18:45:00+00:00
SHP-2728,SELLER-274,WH-039,CAR-090,Ahmedabad,Bengaluru,IN_TRANSIT,3,0,0,0,STALE,2026-09-07T10:20:00+00:00,2026-09-07T17:49:00+00:00
SHP-2729,SELLER-421,WH-016,CAR-008,Hyderabad,Jaipur,CREATED,1,0,0,0,STALE,2026-09-06T13:24:00+00:00,2026-09-06T13:24:00+00:00
SHP-2730,SELLER-296,WH-002,CAR-021,Ahmedabad,Pune,PICKED_UP,2,0,0,0,STALE,2026-09-02T07:00:00+00:00,2026-09-02T07:31:00+00:00
SHP-2731,SELLER-323,WH-004,CAR-016,Surat,Jaipur,DELIVERED,5,0,0,0,STALE,2026-09-04T17:30:00+00:00,2026-09-04T23:22:00+00:00
SHP-2732,SELLER-085,WH-033,CAR-042,Bengaluru,Jaipur,PICKED_UP,2,0,0,1,STALE,2026-09-04T13:56:00+00:00,2026-09-04T15:13:00+00:00
SHP-2733,SELLER-185,WH-005,CAR-041,Kolkata,Bengaluru,CREATED,1,0,0,0,STALE,2026-09-04T17:58:00+00:00,2026-09-04T17:58:00+00:00
SHP-2734,SELLER-130,WH-030,CAR-011,Mumbai,Jaipur,IN_TRANSIT,3,0,0,0,STALE,2026-09-06T09:25:00+00:00,2026-09-06T11:59:00+00:00
SHP-2735,SELLER-013,WH-023,CAR-096,Mumbai,Kolkata,CREATED,1,0,0,0,STALE,2026-09-01T06:01:00+00:00,2026-09-01T06:01:00+00:00
SHP-2736,SELLER-253,WH-017,CAR-081,Bengaluru,Kolkata,OUT_FOR_DELIVERY,4,0,0,0,STALE,2026-09-05T06:02:00+00:00,2026-09-05T11:51:00+00:00
SHP-2737,SELLER-293,WH-038,CAR-034,Ahmedabad,Chennai,IN_TRANSIT,3,0,0,0,STALE,2026-09-03T07:27:00+00:00,2026-09-03T13:06:00+00:00
SHP-2738,SELLER-188,WH-027,CAR-026,Pune,Bengaluru,IN_TRANSIT,3,0,0,0,STALE,2026-09-02T16:36:00+00:00,2026-09-02T19:21:00+00:00
SHP-2739,SELLER-417,WH-005,CAR-073,Chennai,Ahmedabad,IN_TRANSIT,3,0,0,0,STALE,2026-09-04T06:24:00+00:00,2026-09-04T11:23:00+00:00
SHP-2740,SELLER-496,WH-021,CAR-089,Surat,Hyderabad,IN_TRANSIT,3,0,0,0,STALE,2026-09-05T18:52:00+00:00,2026-09-05T21:47:00+00:00
SHP-2741,SELLER-405,WH-042,CAR-014,Jaipur,Ahmedabad,IN_TRANSIT,3,0,0,0,STALE,2026-09-07T14:05:00+00:00,2026-09-07T18:25:00+00:00
SHP-2742,SELLER-415,WH-014,CAR-031,Chennai,Surat,IN_TRANSIT,3,0,0,0,STALE,2026-09-03T17:20:00+00:00,2026-09-03T22:33:00+00:00
SHP-2743,SELLER-013,WH-050,CAR-040,Chennai,Surat,DELIVERED,5,0,0,0,STALE,2026-09-05T07:38:00+00:00,2026-09-05T17:28:00+00:00
SHP-2744,SELLER-311,WH-027,CAR-055,Chennai,Ahmedabad,IN_TRANSIT,3,0,0,0,STALE,2026-09-05T01:27:00+00:00,2026-09-05T09:30:00+00:00
SHP-2745,SELLER-438,WH-003,CAR-073,Ahmedabad,Bengaluru,CREATED,1,0,0,0,STALE,2026-09-07T14:35:00+00:00,2026-09-07T14:35:00+00:00
SHP-2746,SELLER-087,WH-019,CAR-060,Ahmedabad,Bengaluru,IN_TRANSIT,3,0,0,0,STALE,2026-09-06T07:26:00+00:00,2026-09-06T09:22:00+00:00
SHP-2747,SELLER-449,WH-042,CAR-053,Chennai,Ahmedabad,IN_TRANSIT,3,0,0,0,STALE,2026-09-02T23:28:00+00:00,2026-09-03T01:22:00+00:00
SHP-2748,SELLER-259,WH-044,CAR-068,Mumbai,Chennai,IN_TRANSIT,3,0,0,0,STALE,2026-09-01T12:49:00+00:00,2026-09-01T17:45:00+00:00
SHP-2749,SELLER-398,WH-005,CAR-087,Ahmedabad,Delhi,PICKED_UP,2,0,0,0,STALE,2026-09-04T05:57:00+00:00,2026-09-04T08:23:00+00:00
SHP-2750,SELLER-022,WH-036,CAR-008,Jaipur,Chennai,PICKED_UP,2,0,0,0,STALE,2026-09-01T01:11:00+00:00,2026-09-01T04:00:00+00:00
SHP-2751,SELLER-466,WH-034,CAR-059,Jaipur,Bengaluru,DELIVERED,5,0,0,0,STALE,2026-09-04T02:11:00+00:00,2026-09-04T10:11:00+00:00
SHP-2752,SELLER-353,WH-002,CAR-055,Pune,Ahmedabad,PICKED_UP,2,0,0,0,STALE,2026-09-04T15:25:00+00:00,2026-09-04T18:22:00+00:00
SHP-2753,SELLER-013,WH-034,CAR-064,Jaipur,Bengaluru,DELIVERED,5,0,0,0,STALE,2026-09-03T09:47:00+00:00,2026-09-03T19:10:00+00:00
SHP-2754,SELLER-459,WH-006,CAR-043,Kolkata,Jaipur,IN_TRANSIT,3,0,0,0,STALE,2026-09-02T02:52:00+00:00,2026-09-02T07:15:00+00:00
SHP-2755,SELLER-071,WH-018,CAR-062,Surat,Hyderabad,DELIVERED,5,0,0,0,STALE,2026-09-03T20:49:00+00:00,2026-09-04T05:56:00+00:00
SHP-2756,SELLER-017,WH-034,CAR-040,Bengaluru,Jaipur,IN_TRANSIT,3,0,0,0,STALE,2026-09-05T13:29:00+00:00,2026-09-05T18:30:00+00:00
SHP-2757,SELLER-315,WH-045,CAR-063,Jaipur,Kolkata,DELIVERED,5,0,0,0,STALE,2026-09-04T21:38:00+00:00,2026-09-05T07:02:00+00:00
SHP-2758,SELLER-294,WH-039,CAR-008,Ahmedabad,Delhi,CREATED,1,0,0,0,STALE,2026-09-05T18:41:00+00:00,2026-09-05T18:41:00+00:00
SHP-2759,SELLER-316,WH-018,CAR-006,Pune,Bengaluru,CREATED,1,0,0,0,STALE,2026-09-03T22:56:00+00:00,2026-09-03T22:56:00+00:00
SHP-2760,SELLER-117,WH-034,CAR-021,Ahmedabad,Chennai,IN_TRANSIT,3,0,0,0,STALE,2026-09-07T02:47:00+00:00,2026-09-07T09:46:00+00:00
SHP-2761,SELLER-184,WH-042,CAR-033,Pune,Surat,OUT_FOR_DELIVERY,4,0,0,0,STALE,2026-09-03T02:59:00+00:00,2026-09-03T13:00:00+00:00
SHP-2762,SELLER-468,WH-020,CAR-026,Ahmedabad,Mumbai,OUT_FOR_DELIVERY,4,0,0,0,STALE,2026-09-07T14:16:00+00:00,2026-09-07T22:33:00+00:00
SHP-2763,SELLER-442,WH-019,CAR-050,Bengaluru,Ahmedabad,CREATED,1,0,0,0,STALE,2026-09-07T21:10:00+00:00,2026-09-07T21:10:00+00:00
SHP-2764,SELLER-291,WH-006,CAR-001,Bengaluru,Delhi,IN_TRANSIT,3,0,0,0,STALE,2026-09-05T01:06:00+00:00,2026-09-05T04:25:00+00:00
SHP-2765,SELLER-446,WH-018,CAR-052,Delhi,Jaipur,OUT_FOR_DELIVERY,4,0,0,0,STALE,2026-09-02T18:40:00+00:00,2026-09-03T05:08:00+00:00
SHP-2766,SELLER-256,WH-050,CAR-026,Delhi,Mumbai,IN_TRANSIT,3,0,0,0,STALE,2026-09-05T12:21:00+00:00,2026-09-05T16:03:00+00:00
SHP-2767,SELLER-034,WH-008,CAR-064,Mumbai,Hyderabad,OUT_FOR_DELIVERY,4,0,0,0,STALE,2026-09-03T21:02:00+00:00,2026-09-04T02:29:00+00:00
SHP-2768,SELLER-427,WH-037,CAR-083,Hyderabad,Ahmedabad,PICKED_UP,2,0,0,0,STALE,2026-09-05T21:42:00+00:00,2026-09-05T22:27:00+00:00
SHP-2769,SELLER-252,WH-044,CAR-034,Mumbai,Delhi,CANCELLED,2,0,0,0,STALE,2026-09-01T04:03:00+00:00,2026-09-01T06:43:00+00:00
SHP-2770,SELLER-368,WH-036,CAR-069,Ahmedabad,Kolkata,IN_TRANSIT,3,0,0,0,STALE,2026-09-07T09:10:00+00:00,2026-09-07T12:36:00+00:00
SHP-2771,SELLER-405,WH-034,CAR-095,Delhi,Hyderabad,CREATED,1,0,0,0,STALE,2026-09-02T03:01:00+00:00,2026-09-02T03:01:00+00:00
SHP-2772,SELLER-473,WH-018,CAR-094,Chennai,Bengaluru,DELIVERED,5,0,0,0,STALE,2026-09-03T19:12:00+00:00,2026-09-04T04:38:00+00:00
SHP-2773,SELLER-269,WH-028,CAR-064,Hyderabad,Bengaluru,PICKED_UP,2,0,0,0,STALE,2026-09-06T09:00:00+00:00,2026-09-06T10:03:00+00:00
SHP-2774,SELLER-141,WH-040,CAR-062,Delhi,Surat,PICKED_UP,2,0,0,0,STALE,2026-09-04T08:46:00+00:00,2026-09-04T11:40:00+00:00
SHP-2775,SELLER-406,WH-043,CAR-010,Bengaluru,Mumbai,IN_TRANSIT,3,0,0,0,STALE,2026-09-06T00:46:00+00:00,2026-09-06T08:26:00+00:00
SHP-2776,SELLER-326,WH-017,CAR-017,Mumbai,Chennai,IN_TRANSIT,3,0,0,0,STALE,2026-09-05T19:41:00+00:00,2026-09-05T23:45:00+00:00
SHP-2777,SELLER-037,WH-001,CAR-044,Kolkata,Jaipur,IN_TRANSIT,3,0,0,0,STALE,2026-09-07T11:04:00+00:00,2026-09-07T16:03:00+00:00
SHP-2778,SELLER-180,WH-008,CAR-084,Delhi,Hyderabad,PICKED_UP,2,1,0,0,STALE,2026-09-04T00:25:00+00:00,2026-09-04T01:09:00+00:00
SHP-2779,SELLER-396,WH-002,CAR-054,Chennai,Mumbai,DELIVERED,5,0,0,0,STALE,2026-09-03T17:21:00+00:00,2026-09-04T05:03:00+00:00
SHP-2780,SELLER-354,WH-047,CAR-016,Delhi,Surat,PICKED_UP,2,0,0,0,STALE,2026-09-02T03:30:00+00:00,2026-09-02T04:46:00+00:00
SHP-2781,SELLER-338,WH-033,CAR-011,Kolkata,Hyderabad,PICKED_UP,2,0,0,0,STALE,2026-09-06T15:22:00+00:00,2026-09-06T18:01:00+00:00
SHP-2782,SELLER-234,WH-004,CAR-063,Bengaluru,Pune,DELIVERED,5,0,0,0,STALE,2026-09-06T01:13:00+00:00,2026-09-06T09:57:00+00:00
SHP-2783,SELLER-067,WH-028,CAR-043,Ahmedabad,Delhi,CREATED,1,0,0,0,STALE,2026-09-06T15:26:00+00:00,2026-09-06T15:26:00+00:00
SHP-2784,SELLER-269,WH-004,CAR-033,Ahmedabad,Bengaluru,IN_TRANSIT,3,0,0,0,STALE,2026-09-03T17:58:00+00:00,2026-09-03T23:17:00+00:00
SHP-2785,SELLER-428,WH-013,CAR-050,Surat,Mumbai,DELIVERED,5,0,0,0,STALE,2026-09-04T10:04:00+00:00,2026-09-04T20:59:00+00:00
SHP-2786,SELLER-414,WH-010,CAR-096,Surat,Bengaluru,CREATED,1,0,0,0,STALE,2026-09-05T00:05:00+00:00,2026-09-05T00:05:00+00:00
SHP-2787,SELLER-162,WH-039,CAR-093,Surat,Kolkata,PICKED_UP,2,0,0,0,STALE,2026-09-04T05:34:00+00:00,2026-09-04T08:23:00+00:00
SHP-2788,SELLER-170,WH-048,CAR-029,Chennai,Hyderabad,CREATED,1,0,0,0,STALE,2026-09-06T01:46:00+00:00,2026-09-06T01:46:00+00:00
SHP-2789,SELLER-482,WH-050,CAR-030,Mumbai,Hyderabad,IN_TRANSIT,3,0,0,0,STALE,2026-09-06T15:11:00+00:00,2026-09-06T19:07:00+00:00
SHP-2790,SELLER-026,WH-010,CAR-015,Bengaluru,Mumbai,OUT_FOR_DELIVERY,4,0,0,0,STALE,2026-09-02T22:50:00+00:00,2026-09-03T06:38:00+00:00
SHP-2791,SELLER-326,WH-009,CAR-042,Chennai,Surat,DELIVERED,5,0,0,0,STALE,2026-09-01T14:35:00+00:00,2026-09-01T22:08:00+00:00
SHP-2792,SELLER-325,WH-037,CAR-088,Delhi,Jaipur,PICKED_UP,2,0,0,0,STALE,2026-09-05T09:04:00+00:00,2026-09-05T10:19:00+00:00
SHP-2793,SELLER-163,WH-013,CAR-012,Mumbai,Pune,PICKED_UP,2,1,0,0,STALE,2026-09-03T23:02:00+00:00,2026-09-04T01:49:00+00:00
SHP-2794,SELLER-167,WH-029,CAR-078,Chennai,Mumbai,PICKED_UP,2,0,0,0,STALE,2026-09-04T09:51:00+00:00,2026-09-04T11:29:00+00:00
SHP-2795,SELLER-290,WH-025,CAR-085,Hyderabad,Pune,DELIVERED,5,0,0,0,STALE,2026-09-07T12:55:00+00:00,2026-09-07T19:24:00+00:00
SHP-2796,SELLER-341,WH-041,CAR-053,Jaipur,Kolkata,CREATED,1,0,0,0,STALE,2026-09-06T01:25:00+00:00,2026-09-06T01:25:00+00:00
SHP-2797,SELLER-165,WH-044,CAR-015,Jaipur,Delhi,PICKED_UP,2,0,0,0,STALE,2026-09-02T08:22:00+00:00,2026-09-02T09:41:00+00:00
SHP-2798,SELLER-010,WH-031,CAR-046,Surat,Mumbai,PICKED_UP,2,0,0,0,STALE,2026-09-05T05:55:00+00:00,2026-09-05T08:14:00+00:00
SHP-2799,SELLER-207,WH-047,CAR-059,Pune,Bengaluru,DELIVERED,5,0,0,0,STALE,2026-09-04T18:54:00+00:00,2026-09-05T02:50:00+00:00
SHP-2800,SELLER-433,WH-042,CAR-099,Pune,Kolkata,OUT_FOR_DELIVERY,4,0,0,0,STALE,2026-09-03T04:35:00+00:00,2026-09-03T11:28:00+00:00
SHP-2801,SELLER-411,WH-047,CAR-020,Chennai,Hyderabad,CREATED,1,0,0,0,STALE,2026-09-04T09:05:00+00:00,2026-09-04T09:05:00+00:00
SHP-2802,SELLER-390,WH-045,CAR-024,Mumbai,Kolkata,OUT_FOR_DELIVERY,4,0,0,0,STALE,2026-09-01T06:23:00+00:00,2026-09-01T14:29:00+00:00
SHP-2803,SELLER-306,WH-001,CAR-063,Jaipur,Mumbai,IN_TRANSIT,3,0,0,0,STALE,2026-09-05T18:06:00+00:00,2026-09-06T01:17:00+00:00
SHP-2804,SELLER-246,WH-008,CAR-007,Pune,Ahmedabad,CREATED,1,0,0,0,STALE,2026-09-07T20:54:00+00:00,2026-09-07T20:54:00+00:00
SHP-2805,SELLER-113,WH-028,CAR-059,Bengaluru,Pune,IN_TRANSIT,3,0,0,0,STALE,2026-09-04T01:30:00+00:00,2026-09-04T07:30:00+00:00
SHP-2806,SELLER-104,WH-007,CAR-077,Surat,Hyderabad,IN_TRANSIT,3,0,0,0,STALE,2026-09-01T08:48:00+00:00,2026-09-01T15:32:00+00:00
SHP-2807,SELLER-442,WH-033,CAR-029,Bengaluru,Surat,OUT_FOR_DELIVERY,4,0,0,0,STALE,2026-09-06T13:49:00+00:00,2026-09-07T00:02:00+00:00
SHP-2808,SELLER-319,WH-026,CAR-068,Pune,Surat,OUT_FOR_DELIVERY,4,0,0,0,STALE,2026-09-03T00:19:00+00:00,2026-09-03T05:34:00+00:00
SHP-2809,SELLER-417,WH-022,CAR-076,Kolkata,Bengaluru,CREATED,1,0,0,0,STALE,2026-09-03T05:05:00+00:00,2026-09-03T05:05:00+00:00
SHP-2810,SELLER-197,WH-029,CAR-020,Mumbai,Delhi,DELIVERED,5,0,0,0,STALE,2026-09-05T08:16:00+00:00,2026-09-05T20:57:00+00:00
SHP-2811,SELLER-329,WH-016,CAR-058,Mumbai,Ahmedabad,OUT_FOR_DELIVERY,4,0,0,0,STALE,2026-09-01T15:16:00+00:00,2026-09-01T22:31:00+00:00
SHP-2812,SELLER-276,WH-006,CAR-029,Mumbai,Delhi,IN_TRANSIT,3,1,0,0,STALE,2026-09-06T19:59:00+00:00,2026-09-07T00:51:00+00:00
SHP-2813,SELLER-222,WH-047,CAR-040,Hyderabad,Kolkata,CREATED,1,0,0,0,STALE,2026-09-04T22:47:00+00:00,2026-09-04T22:47:00+00:00
SHP-2814,SELLER-034,WH-022,CAR-013,Surat,Chennai,IN_TRANSIT,3,0,0,0,STALE,2026-09-02T18:31:00+00:00,2026-09-02T23:01:00+00:00
SHP-2815,SELLER-274,WH-039,CAR-007,Bengaluru,Surat,DELIVERED,5,0,0,0,STALE,2026-09-05T20:18:00+00:00,2026-09-06T06:57:00+00:00
SHP-2816,SELLER-053,WH-031,CAR-098,Ahmedabad,Delhi,DELIVERED,5,0,0,0,STALE,2026-09-04T03:59:00+00:00,2026-09-04T09:07:00+00:00
SHP-2817,SELLER-131,WH-040,CAR-083,Ahmedabad,Jaipur,OUT_FOR_DELIVERY,4,0,0,0,STALE,2026-09-07T16:56:00+00:00,2026-09-08T01:23:00+00:00
SHP-2818,SELLER-230,WH-023,CAR-076,Jaipur,Pune,PICKED_UP,2,0,0,0,STALE,2026-09-02T17:35:00+00:00,2026-09-02T19:22:00+00:00
SHP-2819,SELLER-492,WH-007,CAR-079,Hyderabad,Pune,DELIVERED,5,0,0,0,STALE,2026-09-03T09:51:00+00:00,2026-09-03T18:57:00+00:00
SHP-2820,SELLER-358,WH-049,CAR-061,Bengaluru,Surat,PICKED_UP,2,0,0,0,STALE,2026-09-04T11:32:00+00:00,2026-09-04T13:50:00+00:00
SHP-2821,SELLER-185,WH-048,CAR-048,Hyderabad,Chennai,OUT_FOR_DELIVERY,4,1,0,0,STALE,2026-09-03T21:55:00+00:00,2026-09-04T04:46:00+00:00
SHP-2822,SELLER-052,WH-044,CAR-048,Mumbai,Hyderabad,IN_TRANSIT,3,0,0,0,STALE,2026-09-05T02:59:00+00:00,2026-09-05T05:39:00+00:00
SHP-2823,SELLER-125,WH-008,CAR-060,Kolkata,Delhi,DELIVERED,5,0,0,0,STALE,2026-09-02T16:51:00+00:00,2026-09-03T01:00:00+00:00
SHP-2824,SELLER-283,WH-001,CAR-063,Chennai,Hyderabad,IN_TRANSIT,3,0,0,0,STALE,2026-09-01T03:21:00+00:00,2026-09-01T10:24:00+00:00
SHP-2825,SELLER-088,WH-040,CAR-038,Bengaluru,Jaipur,DELIVERED,5,0,0,0,STALE,2026-09-07T03:44:00+00:00,2026-09-07T15:20:00+00:00
SHP-2826,SELLER-323,WH-041,CAR-047,Jaipur,Ahmedabad,OUT_FOR_DELIVERY,4,0,0,0,STALE,2026-09-05T07:54:00+00:00,2026-09-05T16:47:00+00:00
SHP-2827,SELLER-236,WH-024,CAR-003,Mumbai,Delhi,IN_TRANSIT,3,0,0,0,STALE,2026-09-02T13:02:00+00:00,2026-09-02T15:26:00+00:00
SHP-2828,SELLER-173,WH-049,CAR-049,Jaipur,Surat,OUT_FOR_DELIVERY,4,0,0,0,STALE,2026-09-05T19:04:00+00:00,2026-09-06T06:35:00+00:00
SHP-2829,SELLER-260,WH-012,CAR-070,Surat,Jaipur,OUT_FOR_DELIVERY,4,0,0,0,STALE,2026-09-01T20:32:00+00:00,2026-09-02T04:32:00+00:00
SHP-2830,SELLER-331,WH-032,CAR-098,Pune,Hyderabad,DELIVERED,5,0,0,0,STALE,2026-09-04T18:42:00+00:00,2026-09-05T04:04:00+00:00
SHP-2831,SELLER-426,WH-017,CAR-087,Hyderabad,Delhi,IN_TRANSIT,3,0,0,0,STALE,2026-09-05T09:34:00+00:00,2026-09-05T15:09:00+00:00
SHP-2832,SELLER-409,WH-042,CAR-026,Surat,Hyderabad,PICKED_UP,2,0,0,0,STALE,2026-09-01T10:05:00+00:00,2026-09-01T12:50:00+00:00
SHP-2833,SELLER-037,WH-025,CAR-019,Surat,Jaipur,CANCELLED,2,0,0,0,STALE,2026-09-05T07:08:00+00:00,2026-09-05T08:56:00+00:00
SHP-2834,SELLER-254,WH-007,CAR-097,Bengaluru,Hyderabad,IN_TRANSIT,3,0,0,0,STALE,2026-09-03T04:03:00+00:00,2026-09-03T10:37:00+00:00
SHP-2835,SELLER-352,WH-038,CAR-050,Surat,Hyderabad,CREATED,1,0,0,0,STALE,2026-09-03T10:30:00+00:00,2026-09-03T10:30:00+00:00
SHP-2836,SELLER-087,WH-036,CAR-068,Jaipur,Bengaluru,OUT_FOR_DELIVERY,4,0,0,0,STALE,2026-09-07T05:45:00+00:00,2026-09-07T13:45:00+00:00
SHP-2837,SELLER-361,WH-026,CAR-004,Chennai,Ahmedabad,IN_TRANSIT,3,0,0,0,STALE,2026-09-06T18:36:00+00:00,2026-09-07T00:47:00+00:00
SHP-2838,SELLER-058,WH-013,CAR-023,Pune,Jaipur,CANCELLED,2,0,0,0,STALE,2026-09-05T17:46:00+00:00,2026-09-05T20:39:00+00:00
SHP-2839,SELLER-367,WH-038,CAR-010,Jaipur,Bengaluru,DELIVERED,5,0,0,0,STALE,2026-09-03T15:36:00+00:00,2026-09-04T02:58:00+00:00
SHP-2840,SELLER-091,WH-008,CAR-072,Mumbai,Surat,OUT_FOR_DELIVERY,4,0,0,0,STALE,2026-09-01T08:59:00+00:00,2026-09-01T16:07:00+00:00
SHP-2841,SELLER-355,WH-029,CAR-040,Pune,Bengaluru,PICKED_UP,2,0,0,0,STALE,2026-09-02T11:48:00+00:00,2026-09-02T12:45:00+00:00
SHP-2842,SELLER-403,WH-049,CAR-003,Hyderabad,Delhi,OUT_FOR_DELIVERY,4,0,0,0,STALE,2026-09-02T14:22:00+00:00,2026-09-02T22:50:00+00:00
SHP-2843,SELLER-013,WH-017,CAR-015,Pune,Kolkata,CREATED,1,0,0,0,STALE,2026-09-06T03:50:00+00:00,2026-09-06T03:50:00+00:00
SHP-2844,SELLER-449,WH-026,CAR-012,Jaipur,Mumbai,CREATED,1,0,0,0,STALE,2026-09-04T21:58:00+00:00,2026-09-04T21:58:00+00:00
SHP-2845,SELLER-050,WH-003,CAR-003,Mumbai,Jaipur,IN_TRANSIT,3,0,0,0,STALE,2026-09-03T01:23:00+00:00,2026-09-03T04:48:00+00:00
SHP-2846,SELLER-340,WH-029,CAR-005,Delhi,Bengaluru,DELIVERED,5,0,0,1,STALE,2026-09-07T08:55:00+00:00,2026-09-07T16:49:00+00:00
SHP-2847,SELLER-081,WH-003,CAR-081,Hyderabad,Pune,CREATED,1,0,0,0,STALE,2026-09-07T12:01:00+00:00,2026-09-07T12:01:00+00:00
SHP-2848,SELLER-004,WH-028,CAR-095,Chennai,Pune,PICKED_UP,2,0,0,0,STALE,2026-09-03T08:28:00+00:00,2026-09-03T09:04:00+00:00
SHP-2849,SELLER-068,WH-021,CAR-009,Bengaluru,Kolkata,DELIVERED,5,0,0,0,STALE,2026-09-07T13:20:00+00:00,2026-09-07T23:02:00+00:00
SHP-2850,SELLER-227,WH-013,CAR-008,Surat,Delhi,PICKED_UP,2,0,0,0,STALE,2026-09-01T00:01:00+00:00,2026-09-01T01:50:00+00:00
SHP-2851,SELLER-324,WH-044,CAR-054,Pune,Kolkata,PICKED_UP,2,0,0,0,STALE,2026-09-07T09:51:00+00:00,2026-09-07T11:17:00+00:00
SHP-2852,SELLER-490,WH-024,CAR-062,Hyderabad,Chennai,PICKED_UP,2,1,0,0,STALE,2026-09-02T03:37:00+00:00,2026-09-02T05:28:00+00:00
SHP-2853,SELLER-408,WH-036,CAR-039,Mumbai,Ahmedabad,CREATED,1,0,0,0,STALE,2026-09-05T06:59:00+00:00,2026-09-05T06:59:00+00:00
SHP-2854,SELLER-185,WH-003,CAR-012,Hyderabad,Ahmedabad,IN_TRANSIT,3,1,0,0,STALE,2026-09-02T09:07:00+00:00,2026-09-02T17:12:00+00:00
SHP-2855,SELLER-185,WH-033,CAR-092,Hyderabad,Ahmedabad,DELIVERED,5,0,0,0,STALE,2026-09-04T06:31:00+00:00,2026-09-04T10:23:00+00:00
SHP-2856,SELLER-268,WH-036,CAR-078,Bengaluru,Ahmedabad,OUT_FOR_DELIVERY,4,0,0,0,STALE,2026-09-07T18:09:00+00:00,2026-09-08T01:42:00+00:00
SHP-2857,SELLER-182,WH-002,CAR-036,Pune,Mumbai,DELIVERED,5,0,0,0,STALE,2026-09-02T19:33:00+00:00,2026-09-03T08:17:00+00:00
SHP-2858,SELLER-402,WH-011,CAR-002,Delhi,Bengaluru,PICKED_UP,2,0,0,0,STALE,2026-09-07T07:44:00+00:00,2026-09-07T08:34:00+00:00
SHP-2859,SELLER-345,WH-022,CAR-030,Hyderabad,Jaipur,IN_TRANSIT,3,0,0,0,STALE,2026-09-04T08:39:00+00:00,2026-09-04T15:13:00+00:00
SHP-2860,SELLER-481,WH-019,CAR-044,Chennai,Mumbai,DELIVERED,5,0,0,0,STALE,2026-09-05T03:12:00+00:00,2026-09-05T10:39:00+00:00
SHP-2861,SELLER-070,WH-029,CAR-089,Delhi,Kolkata,PICKED_UP,2,0,0,0,STALE,2026-09-02T01:21:00+00:00,2026-09-02T01:57:00+00:00
SHP-2862,SELLER-331,WH-034,CAR-015,Hyderabad,Ahmedabad,OUT_FOR_DELIVERY,4,0,0,0,STALE,2026-09-06T00:40:00+00:00,2026-09-06T04:48:00+00:00
SHP-2863,SELLER-186,WH-011,CAR-043,Kolkata,Chennai,OUT_FOR_DELIVERY,4,0,0,0,STALE,2026-09-01T21:55:00+00:00,2026-09-02T04:33:00+00:00
SHP-2864,SELLER-252,WH-024,CAR-035,Bengaluru,Delhi,IN_TRANSIT,3,0,0,0,STALE,2026-09-06T02:38:00+00:00,2026-09-06T09:00:00+00:00
SHP-2865,SELLER-105,WH-014,CAR-097,Surat,Pune,IN_TRANSIT,3,0,0,0,STALE,2026-09-02T04:12:00+00:00,2026-09-02T11:02:00+00:00
SHP-2866,SELLER-032,WH-025,CAR-037,Pune,Hyderabad,OUT_FOR_DELIVERY,4,0,0,0,STALE,2026-09-06T10:56:00+00:00,2026-09-06T18:51:00+00:00
SHP-2867,SELLER-349,WH-005,CAR-084,Hyderabad,Chennai,OUT_FOR_DELIVERY,4,0,0,0,STALE,2026-09-07T12:37:00+00:00,2026-09-07T22:29:00+00:00
SHP-2868,SELLER-177,WH-041,CAR-043,Mumbai,Kolkata,PICKED_UP,2,0,0,0,STALE,2026-09-02T17:48:00+00:00,2026-09-02T19:43:00+00:00
SHP-2869,SELLER-345,WH-047,CAR-070,Pune,Kolkata,DELIVERED,5,0,0,0,STALE,2026-09-02T08:10:00+00:00,2026-09-02T13:05:00+00:00
SHP-2870,SELLER-498,WH-028,CAR-063,Chennai,Bengaluru,OUT_FOR_DELIVERY,4,0,0,0,STALE,2026-09-07T03:48:00+00:00,2026-09-07T09:06:00+00:00
SHP-2871,SELLER-353,WH-005,CAR-075,Mumbai,Bengaluru,PICKED_UP,2,0,0,0,STALE,2026-09-06T13:41:00+00:00,2026-09-06T16:39:00+00:00
SHP-2872,SELLER-151,WH-049,CAR-040,Kolkata,Hyderabad,CREATED,1,0,0,0,STALE,2026-09-05T23:11:00+00:00,2026-09-05T23:11:00+00:00
SHP-2873,SELLER-484,WH-008,CAR-040,Chennai,Surat,IN_TRANSIT,3,0,0,0,STALE,2026-09-05T22:30:00+00:00,2026-09-06T03:35:00+00:00
SHP-2874,SELLER-312,WH-021,CAR-077,Ahmedabad,Delhi,IN_TRANSIT,3,0,0,0,STALE,2026-09-03T01:10:00+00:00,2026-09-03T05:53:00+00:00
SHP-2875,SELLER-098,WH-044,CAR-082,Surat,Mumbai,IN_TRANSIT,3,0,0,0,STALE,2026-09-01T11:00:00+00:00,2026-09-01T15:09:00+00:00
SHP-2876,SELLER-158,WH-013,CAR-003,Ahmedabad,Pune,IN_TRANSIT,3,0,0,0,STALE,2026-09-03T14:59:00+00:00,2026-09-03T23:36:00+00:00
SHP-2877,SELLER-182,WH-047,CAR-081,Mumbai,Delhi,IN_TRANSIT,3,0,0,0,STALE,2026-09-01T02:01:00+00:00,2026-09-01T08:25:00+00:00
SHP-2878,SELLER-274,WH-003,CAR-009,Chennai,Mumbai,IN_TRANSIT,3,0,0,0,STALE,2026-09-03T23:45:00+00:00,2026-09-04T03:29:00+00:00
SHP-2879,SELLER-064,WH-005,CAR-014,Hyderabad,Jaipur,IN_TRANSIT,3,0,0,0,STALE,2026-09-02T22:34:00+00:00,2026-09-03T03:54:00+00:00
SHP-2880,SELLER-423,WH-021,CAR-045,Pune,Hyderabad,IN_TRANSIT,3,0,0,0,STALE,2026-09-03T04:58:00+00:00,2026-09-03T08:23:00+00:00
SHP-2881,SELLER-327,WH-047,CAR-003,Bengaluru,Surat,DELIVERED,5,0,0,0,STALE,2026-09-06T22:43:00+00:00,2026-09-07T08:42:00+00:00
SHP-2882,SELLER-266,WH-034,CAR-007,Hyderabad,Mumbai,IN_TRANSIT,3,0,0,0,STALE,2026-09-01T10:18:00+00:00,2026-09-01T17:44:00+00:00
SHP-2883,SELLER-240,WH-014,CAR-034,Pune,Bengaluru,DELIVERED,5,0,0,0,STALE,2026-09-07T04:51:00+00:00,2026-09-07T13:59:00+00:00
SHP-2884,SELLER-391,WH-010,CAR-076,Chennai,Surat,OUT_FOR_DELIVERY,4,0,0,1,STALE,2026-09-01T01:53:00+00:00,2026-09-01T13:04:00+00:00
SHP-2885,SELLER-147,WH-032,CAR-053,Hyderabad,Delhi,OUT_FOR_DELIVERY,4,0,0,0,STALE,2026-09-03T05:57:00+00:00,2026-09-03T17:12:00+00:00
SHP-2886,SELLER-286,WH-005,CAR-047,Kolkata,Chennai,OUT_FOR_DELIVERY,4,0,0,0,STALE,2026-09-03T02:37:00+00:00,2026-09-03T13:24:00+00:00
SHP-2887,SELLER-258,WH-020,CAR-010,Ahmedabad,Surat,IN_TRANSIT,3,0,0,0,STALE,2026-09-01T03:38:00+00:00,2026-09-01T10:49:00+00:00
SHP-2888,SELLER-002,WH-022,CAR-089,Bengaluru,Hyderabad,IN_TRANSIT,3,0,0,0,STALE,2026-09-05T17:59:00+00:00,2026-09-06T01:33:00+00:00
SHP-2889,SELLER-169,WH-041,CAR-073,Chennai,Bengaluru,OUT_FOR_DELIVERY,4,0,0,0,STALE,2026-09-02T18:23:00+00:00,2026-09-03T04:41:00+00:00
SHP-2890,SELLER-265,WH-047,CAR-020,Chennai,Delhi,CREATED,1,0,0,0,STALE,2026-09-02T21:42:00+00:00,2026-09-02T21:42:00+00:00
SHP-2891,SELLER-417,WH-033,CAR-054,Mumbai,Delhi,PICKED_UP,2,0,0,0,STALE,2026-09-02T19:29:00+00:00,2026-09-02T20:12:00+00:00
SHP-2892,SELLER-034,WH-044,CAR-074,Hyderabad,Ahmedabad,IN_TRANSIT,3,0,0,0,STALE,2026-09-01T23:06:00+00:00,2026-09-02T04:39:00+00:00
SHP-2893,SELLER-288,WH-013,CAR-097,Pune,Delhi,PICKED_UP,2,0,0,0,STALE,2026-09-06T01:54:00+00:00,2026-09-06T04:32:00+00:00
SHP-2894,SELLER-279,WH-042,CAR-072,Pune,Mumbai,IN_TRANSIT,3,0,0,0,STALE,2026-09-03T12:26:00+00:00,2026-09-03T17:27:00+00:00
SHP-2895,SELLER-209,WH-036,CAR-073,Surat,Bengaluru,IN_TRANSIT,3,0,0,0,STALE,2026-09-06T09:34:00+00:00,2026-09-06T13:15:00+00:00
SHP-2896,SELLER-125,WH-044,CAR-032,Ahmedabad,Kolkata,IN_TRANSIT,3,0,0,0,STALE,2026-09-01T23:22:00+00:00,2026-09-02T06:14:00+00:00
SHP-2897,SELLER-353,WH-040,CAR-036,Kolkata,Surat,PICKED_UP,2,0,0,0,STALE,2026-09-01T20:07:00+00:00,2026-09-01T22:48:00+00:00
SHP-2898,SELLER-278,WH-037,CAR-022,Chennai,Ahmedabad,CREATED,1,0,0,0,STALE,2026-09-02T11:38:00+00:00,2026-09-02T11:38:00+00:00
SHP-2899,SELLER-137,WH-021,CAR-001,Delhi,Pune,DELIVERED,5,0,0,0,STALE,2026-09-05T10:28:00+00:00,2026-09-05T16:54:00+00:00
SHP-2900,SELLER-493,WH-015,CAR-057,Pune,Chennai,OUT_FOR_DELIVERY,4,0,0,0,STALE,2026-09-07T16:51:00+00:00,2026-09-07T19:59:00+00:00
SHP-2901,SELLER-313,WH-036,CAR-002,Jaipur,Pune,PICKED_UP,2,0,0,0,STALE,2026-09-02T08:48:00+00:00,2026-09-02T11:32:00+00:00
SHP-2902,SELLER-304,WH-030,CAR-001,Ahmedabad,Surat,PICKED_UP,2,0,0,0,STALE,2026-09-03T08:25:00+00:00,2026-09-03T09:55:00+00:00
SHP-2903,SELLER-242,WH-024,CAR-076,Hyderabad,Delhi,IN_TRANSIT,3,0,0,0,STALE,2026-09-01T11:41:00+00:00,2026-09-01T17:28:00+00:00
SHP-2904,SELLER-077,WH-036,CAR-010,Bengaluru,Jaipur,OUT_FOR_DELIVERY,4,0,0,0,STALE,2026-09-01T00:52:00+00:00,2026-09-01T10:19:00+00:00
SHP-2905,SELLER-293,WH-026,CAR-001,Bengaluru,Ahmedabad,DELIVERED,5,0,0,0,STALE,2026-09-02T07:47:00+00:00,2026-09-02T18:34:00+00:00
SHP-2906,SELLER-360,WH-038,CAR-012,Jaipur,Mumbai,PICKED_UP,2,0,0,0,STALE,2026-09-03T14:50:00+00:00,2026-09-03T17:15:00+00:00
SHP-2907,SELLER-135,WH-026,CAR-003,Pune,Surat,PICKED_UP,2,0,0,0,STALE,2026-09-03T01:19:00+00:00,2026-09-03T01:54:00+00:00
SHP-2908,SELLER-081,WH-041,CAR-040,Surat,Pune,IN_TRANSIT,3,0,0,0,STALE,2026-09-05T06:59:00+00:00,2026-09-05T11:47:00+00:00
SHP-2909,SELLER-265,WH-036,CAR-005,Hyderabad,Mumbai,PICKED_UP,2,0,0,0,STALE,2026-09-01T05:21:00+00:00,2026-09-01T07:38:00+00:00
SHP-2910,SELLER-171,WH-007,CAR-018,Pune,Mumbai,DELIVERED,5,0,0,0,STALE,2026-09-03T17:50:00+00:00,2026-09-04T00:02:00+00:00
SHP-2911,SELLER-044,WH-013,CAR-036,Kolkata,Pune,DELIVERED,5,0,0,0,FRESH,2026-09-07T21:39:00+00:00,2026-09-08T06:19:00+00:00
SHP-2912,SELLER-482,WH-027,CAR-045,Ahmedabad,Surat,DELIVERED,5,0,0,0,STALE,2026-09-06T00:42:00+00:00,2026-09-06T09:29:00+00:00
SHP-2913,SELLER-337,WH-045,CAR-083,Chennai,Delhi,OUT_FOR_DELIVERY,4,0,0,0,STALE,2026-09-02T12:12:00+00:00,2026-09-02T22:50:00+00:00
SHP-2914,SELLER-016,WH-039,CAR-040,Kolkata,Hyderabad,OUT_FOR_DELIVERY,4,0,0,0,STALE,2026-09-02T20:34:00+00:00,2026-09-03T06:39:00+00:00
SHP-2915,SELLER-143,WH-008,CAR-031,Pune,Ahmedabad,IN_TRANSIT,3,0,0,0,STALE,2026-09-07T05:04:00+00:00,2026-09-07T08:27:00+00:00
SHP-2916,SELLER-119,WH-037,CAR-011,Hyderabad,Mumbai,IN_TRANSIT,3,0,0,1,STALE,2026-09-03T17:21:00+00:00,2026-09-03T21:47:00+00:00
SHP-2917,SELLER-143,WH-012,CAR-059,Bengaluru,Jaipur,CREATED,1,0,0,0,STALE,2026-09-04T09:57:00+00:00,2026-09-04T09:57:00+00:00
SHP-2918,SELLER-176,WH-047,CAR-020,Ahmedabad,Surat,IN_TRANSIT,3,0,0,0,STALE,2026-09-01T16:37:00+00:00,2026-09-01T23:35:00+00:00
SHP-2919,SELLER-047,WH-040,CAR-032,Surat,Mumbai,DELIVERED,5,0,0,0,STALE,2026-09-05T08:15:00+00:00,2026-09-05T14:56:00+00:00
SHP-2920,SELLER-334,WH-042,CAR-048,Jaipur,Ahmedabad,IN_TRANSIT,3,0,0,1,STALE,2026-09-01T00:06:00+00:00,2026-09-01T04:57:00+00:00
SHP-2921,SELLER-486,WH-029,CAR-079,Ahmedabad,Hyderabad,OUT_FOR_DELIVERY,4,0,0,0,STALE,2026-09-05T11:42:00+00:00,2026-09-05T20:52:00+00:00
SHP-2922,SELLER-036,WH-026,CAR-030,Chennai,Surat,IN_TRANSIT,3,0,0,1,STALE,2026-09-07T01:51:00+00:00,2026-09-07T07:51:00+00:00
SHP-2923,SELLER-315,WH-034,CAR-054,Hyderabad,Bengaluru,IN_TRANSIT,3,0,0,0,STALE,2026-09-05T13:52:00+00:00,2026-09-05T17:10:00+00:00
SHP-2924,SELLER-138,WH-016,CAR-033,Surat,Kolkata,PICKED_UP,2,0,0,0,STALE,2026-09-02T12:01:00+00:00,2026-09-02T14:30:00+00:00
SHP-2925,SELLER-435,WH-005,CAR-090,Delhi,Surat,IN_TRANSIT,3,0,0,0,STALE,2026-09-03T21:32:00+00:00,2026-09-04T01:06:00+00:00
SHP-2926,SELLER-198,WH-021,CAR-004,Hyderabad,Pune,IN_TRANSIT,3,0,0,0,STALE,2026-09-05T20:24:00+00:00,2026-09-06T01:32:00+00:00
SHP-2927,SELLER-162,WH-009,CAR-039,Bengaluru,Kolkata,DELIVERED,5,0,0,0,STALE,2026-09-02T09:32:00+00:00,2026-09-02T16:52:00+00:00
SHP-2928,SELLER-381,WH-013,CAR-031,Chennai,Hyderabad,DELIVERED,5,0,0,0,STALE,2026-09-05T23:01:00+00:00,2026-09-06T08:28:00+00:00
SHP-2929,SELLER-453,WH-037,CAR-092,Kolkata,Bengaluru,OUT_FOR_DELIVERY,4,0,0,0,STALE,2026-09-04T04:49:00+00:00,2026-09-04T13:05:00+00:00
SHP-2930,SELLER-131,WH-041,CAR-055,Kolkata,Pune,PICKED_UP,2,0,0,0,STALE,2026-09-01T17:21:00+00:00,2026-09-01T18:06:00+00:00
SHP-2931,SELLER-211,WH-030,CAR-087,Delhi,Ahmedabad,PICKED_UP,2,0,0,0,STALE,2026-09-01T14:08:00+00:00,2026-09-01T16:49:00+00:00
SHP-2932,SELLER-059,WH-020,CAR-087,Chennai,Pune,CANCELLED,2,0,0,0,STALE,2026-09-04T20:44:00+00:00,2026-09-04T22:00:00+00:00
SHP-2933,SELLER-425,WH-035,CAR-086,Pune,Bengaluru,IN_TRANSIT,3,0,0,0,STALE,2026-09-06T19:35:00+00:00,2026-09-07T02:00:00+00:00
SHP-2934,SELLER-392,WH-017,CAR-100,Bengaluru,Jaipur,OUT_FOR_DELIVERY,4,0,0,1,STALE,2026-09-02T00:05:00+00:00,2026-09-02T07:57:00+00:00
SHP-2935,SELLER-138,WH-027,CAR-092,Kolkata,Mumbai,CREATED,1,0,0,0,STALE,2026-09-05T13:38:00+00:00,2026-09-05T13:38:00+00:00
SHP-2936,SELLER-012,WH-043,CAR-081,Pune,Mumbai,CREATED,1,0,0,0,STALE,2026-09-04T23:14:00+00:00,2026-09-04T23:14:00+00:00
SHP-2937,SELLER-233,WH-014,CAR-082,Ahmedabad,Delhi,PICKED_UP,2,0,0,0,STALE,2026-09-01T00:17:00+00:00,2026-09-01T01:17:00+00:00
SHP-2938,SELLER-495,WH-049,CAR-077,Hyderabad,Kolkata,DELIVERED,5,1,0,0,STALE,2026-09-02T10:52:00+00:00,2026-09-02T21:26:00+00:00
SHP-2939,SELLER-125,WH-001,CAR-044,Chennai,Bengaluru,DELIVERED,5,0,0,0,STALE,2026-09-03T17:30:00+00:00,2026-09-04T04:55:00+00:00
SHP-2940,SELLER-362,WH-023,CAR-093,Pune,Delhi,DELIVERED,5,0,0,0,STALE,2026-09-04T10:20:00+00:00,2026-09-04T21:15:00+00:00
SHP-2941,SELLER-107,WH-005,CAR-004,Surat,Kolkata,CREATED,1,0,0,0,STALE,2026-09-07T03:19:00+00:00,2026-09-07T03:19:00+00:00
SHP-2942,SELLER-261,WH-023,CAR-098,Ahmedabad,Surat,IN_TRANSIT,3,0,0,0,STALE,2026-09-03T03:00:00+00:00,2026-09-03T08:53:00+00:00
SHP-2943,SELLER-102,WH-001,CAR-088,Mumbai,Surat,IN_TRANSIT,3,0,0,0,STALE,2026-09-05T22:00:00+00:00,2026-09-06T02:09:00+00:00
SHP-2944,SELLER-215,WH-011,CAR-086,Kolkata,Ahmedabad,IN_TRANSIT,3,0,0,0,STALE,2026-09-01T00:58:00+00:00,2026-09-01T06:56:00+00:00
SHP-2945,SELLER-169,WH-004,CAR-075,Jaipur,Bengaluru,OUT_FOR_DELIVERY,4,0,0,0,STALE,2026-09-01T09:26:00+00:00,2026-09-01T18:00:00+00:00
SHP-2946,SELLER-011,WH-041,CAR-052,Hyderabad,Surat,PICKED_UP,2,0,0,1,STALE,2026-09-06T15:08:00+00:00,2026-09-06T16:20:00+00:00
SHP-2947,SELLER-423,WH-050,CAR-035,Bengaluru,Jaipur,PICKED_UP,2,0,0,0,STALE,2026-09-02T03:38:00+00:00,2026-09-02T06:11:00+00:00
SHP-2948,SELLER-345,WH-001,CAR-016,Mumbai,Chennai,CREATED,1,0,0,0,STALE,2026-09-03T05:28:00+00:00,2026-09-03T05:28:00+00:00
SHP-2949,SELLER-251,WH-012,CAR-079,Mumbai,Ahmedabad,IN_TRANSIT,3,0,0,0,STALE,2026-09-03T20:59:00+00:00,2026-09-04T03:51:00+00:00
SHP-2950,SELLER-015,WH-032,CAR-089,Surat,Chennai,PICKED_UP,2,1,0,0,STALE,2026-09-06T00:57:00+00:00,2026-09-06T03:14:00+00:00
SHP-2951,SELLER-127,WH-007,CAR-088,Chennai,Bengaluru,OUT_FOR_DELIVERY,4,0,0,0,STALE,2026-09-01T20:32:00+00:00,2026-09-02T02:26:00+00:00
SHP-2952,SELLER-036,WH-048,CAR-050,Pune,Hyderabad,PICKED_UP,2,0,0,1,STALE,2026-09-01T10:17:00+00:00,2026-09-01T12:23:00+00:00
SHP-2953,SELLER-340,WH-016,CAR-013,Pune,Jaipur,CREATED,1,0,0,0,STALE,2026-09-02T11:41:00+00:00,2026-09-02T11:41:00+00:00
SHP-2954,SELLER-196,WH-048,CAR-033,Hyderabad,Jaipur,CREATED,1,0,0,0,STALE,2026-09-05T07:58:00+00:00,2026-09-05T07:58:00+00:00
SHP-2955,SELLER-405,WH-026,CAR-008,Pune,Jaipur,DELIVERED,5,0,0,0,STALE,2026-09-03T16:41:00+00:00,2026-09-04T01:09:00+00:00
SHP-2956,SELLER-258,WH-043,CAR-033,Ahmedabad,Surat,OUT_FOR_DELIVERY,4,0,0,0,STALE,2026-09-02T04:35:00+00:00,2026-09-02T14:33:00+00:00
SHP-2957,SELLER-187,WH-029,CAR-076,Bengaluru,Hyderabad,DELIVERED,5,0,0,0,STALE,2026-09-03T13:25:00+00:00,2026-09-03T21:42:00+00:00
SHP-2958,SELLER-145,WH-035,CAR-092,Pune,Kolkata,PICKED_UP,2,0,0,0,STALE,2026-09-01T11:44:00+00:00,2026-09-01T12:15:00+00:00
SHP-2959,SELLER-450,WH-014,CAR-004,Hyderabad,Surat,PICKED_UP,2,0,0,1,STALE,2026-09-06T06:25:00+00:00,2026-09-06T06:55:00+00:00
SHP-2960,SELLER-173,WH-017,CAR-058,Kolkata,Chennai,DELIVERED,5,0,0,0,STALE,2026-09-05T22:33:00+00:00,2026-09-06T03:26:00+00:00
SHP-2961,SELLER-260,WH-011,CAR-012,Ahmedabad,Delhi,CANCELLED,2,0,0,0,STALE,2026-09-03T13:28:00+00:00,2026-09-03T14:05:00+00:00
SHP-2962,SELLER-384,WH-017,CAR-071,Bengaluru,Surat,DELIVERED,5,0,0,0,STALE,2026-09-06T20:46:00+00:00,2026-09-07T04:07:00+00:00
SHP-2963,SELLER-052,WH-009,CAR-057,Mumbai,Ahmedabad,IN_TRANSIT,3,0,0,0,STALE,2026-09-01T00:12:00+00:00,2026-09-01T07:29:00+00:00
SHP-2964,SELLER-066,WH-006,CAR-043,Delhi,Ahmedabad,IN_TRANSIT,3,0,0,1,STALE,2026-09-06T03:19:00+00:00,2026-09-06T09:40:00+00:00
SHP-2965,SELLER-141,WH-027,CAR-095,Hyderabad,Mumbai,PICKED_UP,2,0,0,0,STALE,2026-09-03T16:13:00+00:00,2026-09-03T18:02:00+00:00
SHP-2966,SELLER-239,WH-019,CAR-024,Kolkata,Delhi,PICKED_UP,2,0,0,0,STALE,2026-09-06T01:18:00+00:00,2026-09-06T04:05:00+00:00
SHP-2967,SELLER-368,WH-031,CAR-097,Chennai,Pune,CREATED,1,0,0,0,STALE,2026-09-05T09:20:00+00:00,2026-09-05T09:20:00+00:00
SHP-2968,SELLER-115,WH-047,CAR-021,Chennai,Jaipur,OUT_FOR_DELIVERY,4,0,0,0,STALE,2026-09-01T08:13:00+00:00,2026-09-01T12:45:00+00:00
SHP-2969,SELLER-342,WH-041,CAR-095,Chennai,Delhi,PICKED_UP,2,0,0,0,STALE,2026-09-04T11:49:00+00:00,2026-09-04T14:24:00+00:00
SHP-2970,SELLER-360,WH-006,CAR-047,Surat,Kolkata,OUT_FOR_DELIVERY,4,0,0,0,STALE,2026-09-03T14:47:00+00:00,2026-09-04T02:32:00+00:00
SHP-2971,SELLER-369,WH-045,CAR-094,Pune,Ahmedabad,CREATED,1,0,0,0,STALE,2026-09-03T04:42:00+00:00,2026-09-03T04:42:00+00:00
SHP-2972,SELLER-497,WH-037,CAR-069,Bengaluru,Pune,DELIVERED,5,0,0,0,STALE,2026-09-06T22:32:00+00:00,2026-09-07T07:08:00+00:00
SHP-2973,SELLER-323,WH-049,CAR-032,Hyderabad,Jaipur,CREATED,1,0,0,0,STALE,2026-09-03T23:09:00+00:00,2026-09-03T23:09:00+00:00
SHP-2974,SELLER-361,WH-028,CAR-060,Pune,Delhi,CREATED,1,0,0,0,STALE,2026-09-07T02:34:00+00:00,2026-09-07T02:34:00+00:00
SHP-2975,SELLER-382,WH-019,CAR-031,Bengaluru,Ahmedabad,PICKED_UP,2,0,0,0,STALE,2026-09-04T10:18:00+00:00,2026-09-04T11:39:00+00:00
SHP-2976,SELLER-268,WH-031,CAR-004,Surat,Delhi,IN_TRANSIT,3,0,0,0,STALE,2026-09-04T19:38:00+00:00,2026-09-05T03:39:00+00:00
SHP-2977,SELLER-405,WH-010,CAR-049,Delhi,Jaipur,IN_TRANSIT,3,0,0,0,STALE,2026-09-03T08:10:00+00:00,2026-09-03T11:12:00+00:00
SHP-2978,SELLER-207,WH-015,CAR-035,Bengaluru,Kolkata,OUT_FOR_DELIVERY,4,0,0,0,STALE,2026-09-06T00:47:00+00:00,2026-09-06T08:32:00+00:00
SHP-2979,SELLER-409,WH-022,CAR-098,Mumbai,Ahmedabad,IN_TRANSIT,3,0,0,0,STALE,2026-09-01T18:10:00+00:00,2026-09-01T22:27:00+00:00
SHP-2980,SELLER-329,WH-030,CAR-004,Kolkata,Bengaluru,IN_TRANSIT,3,0,0,0,STALE,2026-09-05T00:47:00+00:00,2026-09-05T07:31:00+00:00
SHP-2981,SELLER-236,WH-034,CAR-039,Mumbai,Hyderabad,IN_TRANSIT,3,0,0,0,STALE,2026-09-03T20:11:00+00:00,2026-09-04T00:26:00+00:00
SHP-2982,SELLER-277,WH-012,CAR-082,Delhi,Kolkata,IN_TRANSIT,3,0,0,0,STALE,2026-09-04T06:21:00+00:00,2026-09-04T13:14:00+00:00
SHP-2983,SELLER-218,WH-045,CAR-046,Hyderabad,Ahmedabad,CREATED,1,0,0,0,STALE,2026-09-03T23:33:00+00:00,2026-09-03T23:33:00+00:00
SHP-2984,SELLER-053,WH-042,CAR-099,Surat,Mumbai,CREATED,1,0,0,0,STALE,2026-09-02T03:15:00+00:00,2026-09-02T03:15:00+00:00
SHP-2985,SELLER-345,WH-050,CAR-060,Chennai,Mumbai,IN_TRANSIT,3,0,0,0,STALE,2026-09-07T13:33:00+00:00,2026-09-07T20:49:00+00:00
SHP-2986,SELLER-244,WH-005,CAR-018,Ahmedabad,Jaipur,OUT_FOR_DELIVERY,4,0,0,0,STALE,2026-09-04T15:50:00+00:00,2026-09-04T21:42:00+00:00
SHP-2987,SELLER-292,WH-017,CAR-002,Jaipur,Bengaluru,OUT_FOR_DELIVERY,4,0,0,0,STALE,2026-09-01T07:51:00+00:00,2026-09-01T14:53:00+00:00
SHP-2988,SELLER-384,WH-019,CAR-005,Delhi,Hyderabad,IN_TRANSIT,3,0,0,0,STALE,2026-09-03T20:45:00+00:00,2026-09-03T23:53:00+00:00
SHP-2989,SELLER-122,WH-036,CAR-050,Kolkata,Ahmedabad,PICKED_UP,2,0,0,0,STALE,2026-09-05T17:03:00+00:00,2026-09-05T17:36:00+00:00
SHP-2990,SELLER-343,WH-008,CAR-068,Jaipur,Surat,CREATED,1,0,0,0,STALE,2026-09-03T19:33:00+00:00,2026-09-03T19:33:00+00:00
SHP-2991,SELLER-001,WH-022,CAR-025,Ahmedabad,Surat,PICKED_UP,2,0,0,0,STALE,2026-09-05T12:29:00+00:00,2026-09-05T15:01:00+00:00
SHP-2992,SELLER-322,WH-010,CAR-007,Chennai,Bengaluru,IN_TRANSIT,3,0,0,0,STALE,2026-09-01T16:46:00+00:00,2026-09-01T19:57:00+00:00
SHP-2993,SELLER-484,WH-042,CAR-051,Delhi,Mumbai,IN_TRANSIT,3,0,0,0,STALE,2026-09-01T18:52:00+00:00,2026-09-01T21:43:00+00:00
SHP-2994,SELLER-086,WH-045,CAR-077,Hyderabad,Delhi,OUT_FOR_DELIVERY,4,0,0,0,STALE,2026-09-05T15:39:00+00:00,2026-09-05T23:42:00+00:00
SHP-2995,SELLER-331,WH-042,CAR-035,Surat,Kolkata,IN_TRANSIT,3,0,0,0,STALE,2026-09-02T00:09:00+00:00,2026-09-02T05:19:00+00:00
SHP-2996,SELLER-234,WH-010,CAR-066,Chennai,Kolkata,IN_TRANSIT,3,0,0,0,STALE,2026-09-03T10:51:00+00:00,2026-09-03T15:44:00+00:00
SHP-2997,SELLER-107,WH-002,CAR-090,Delhi,Ahmedabad,CREATED,1,0,0,0,STALE,2026-09-07T15:47:00+00:00,2026-09-07T15:47:00+00:00
SHP-2998,SELLER-343,WH-049,CAR-008,Surat,Hyderabad,CREATED,1,0,0,0,STALE,2026-09-06T07:47:00+00:00,2026-09-06T07:47:00+00:00
SHP-2999,SELLER-168,WH-041,CAR-085,Delhi,Bengaluru,PICKED_UP,2,0,0,0,STALE,2026-09-07T18:41:00+00:00,2026-09-07T19:35:00+00:00
SHP-3000,SELLER-042,WH-005,CAR-072,Surat,Mumbai,IN_TRANSIT,3,0,0,0,STALE,2026-09-02T20:09:00+00:00,2026-09-03T02:57:00+00:00
SHP-3001,SELLER-431,WH-003,CAR-074,Delhi,Ahmedabad,PICKED_UP,2,0,0,0,STALE,2026-09-06T21:06:00+00:00,2026-09-06T23:04:00+00:00
SHP-3002,SELLER-253,WH-043,CAR-024,Bengaluru,Mumbai,IN_TRANSIT,3,0,0,0,STALE,2026-09-01T06:08:00+00:00,2026-09-01T12:00:00+00:00
SHP-3003,SELLER-352,WH-010,CAR-085,Surat,Delhi,PICKED_UP,2,0,0,1,STALE,2026-09-05T06:01:00+00:00,2026-09-05T08:39:00+00:00
SHP-3004,SELLER-419,WH-039,CAR-094,Bengaluru,Mumbai,CREATED,1,0,0,0,STALE,2026-09-07T09:29:00+00:00,2026-09-07T09:29:00+00:00
SHP-3005,SELLER-066,WH-050,CAR-028,Pune,Delhi,PICKED_UP,2,1,0,0,STALE,2026-09-03T03:07:00+00:00,2026-09-03T04:50:00+00:00
SHP-3006,SELLER-499,WH-023,CAR-015,Surat,Bengaluru,IN_TRANSIT,3,0,0,0,STALE,2026-09-06T02:27:00+00:00,2026-09-06T08:19:00+00:00
SHP-3007,SELLER-429,WH-019,CAR-069,Ahmedabad,Jaipur,PICKED_UP,2,0,0,0,STALE,2026-09-05T09:29:00+00:00,2026-09-05T10:12:00+00:00
SHP-3008,SELLER-068,WH-043,CAR-069,Surat,Bengaluru,DELIVERED,5,0,0,0,STALE,2026-09-02T01:48:00+00:00,2026-09-02T11:15:00+00:00
SHP-3009,SELLER-081,WH-013,CAR-002,Kolkata,Jaipur,DELIVERED,5,0,0,0,STALE,2026-09-06T04:42:00+00:00,2026-09-06T12:41:00+00:00
SHP-3010,SELLER-072,WH-022,CAR-066,Pune,Surat,PICKED_UP,2,0,0,1,STALE,2026-09-05T08:54:00+00:00,2026-09-05T10:56:00+00:00
SHP-3011,SELLER-496,WH-033,CAR-062,Jaipur,Delhi,OUT_FOR_DELIVERY,4,0,0,0,STALE,2026-09-04T12:37:00+00:00,2026-09-04T21:10:00+00:00
SHP-3012,SELLER-123,WH-019,CAR-057,Surat,Jaipur,PICKED_UP,2,0,0,0,STALE,2026-09-07T15:44:00+00:00,2026-09-07T18:24:00+00:00
SHP-3013,SELLER-061,WH-045,CAR-090,Hyderabad,Pune,CREATED,1,0,0,0,STALE,2026-09-05T09:18:00+00:00,2026-09-05T09:18:00+00:00
SHP-3014,SELLER-392,WH-013,CAR-062,Bengaluru,Ahmedabad,IN_TRANSIT,3,0,0,0,STALE,2026-09-04T19:26:00+00:00,2026-09-04T22:53:00+00:00
SHP-3015,SELLER-187,WH-042,CAR-079,Kolkata,Pune,IN_TRANSIT,3,0,0,0,STALE,2026-09-02T20:39:00+00:00,2026-09-03T01:53:00+00:00
SHP-3016,SELLER-315,WH-030,CAR-060,Mumbai,Delhi,IN_TRANSIT,3,0,0,0,STALE,2026-09-02T05:28:00+00:00,2026-09-02T10:30:00+00:00
SHP-3017,SELLER-280,WH-040,CAR-001,Surat,Jaipur,PICKED_UP,2,0,0,0,STALE,2026-09-02T18:23:00+00:00,2026-09-02T19:18:00+00:00
SHP-3018,SELLER-395,WH-018,CAR-061,Hyderabad,Chennai,DELIVERED,5,0,0,0,STALE,2026-09-04T11:29:00+00:00,2026-09-04T21:40:00+00:00
SHP-3019,SELLER-197,WH-020,CAR-094,Kolkata,Surat,OUT_FOR_DELIVERY,4,0,0,0,STALE,2026-09-07T03:21:00+00:00,2026-09-07T08:11:00+00:00
SHP-3020,SELLER-100,WH-043,CAR-009,Delhi,Ahmedabad,CREATED,1,0,0,0,STALE,2026-09-04T14:59:00+00:00,2026-09-04T14:59:00+00:00
SHP-3021,SELLER-154,WH-004,CAR-018,Jaipur,Hyderabad,DELIVERED,5,0,0,0,STALE,2026-09-05T04:18:00+00:00,2026-09-05T11:53:00+00:00
SHP-3022,SELLER-231,WH-014,CAR-014,Jaipur,Chennai,PICKED_UP,2,0,0,0,STALE,2026-09-04T11:50:00+00:00,2026-09-04T13:03:00+00:00
SHP-3023,SELLER-168,WH-038,CAR-092,Delhi,Hyderabad,PICKED_UP,2,0,0,0,STALE,2026-09-05T04:58:00+00:00,2026-09-05T05:42:00+00:00
SHP-3024,SELLER-429,WH-032,CAR-010,Mumbai,Ahmedabad,CANCELLED,2,0,0,0,STALE,2026-09-06T07:02:00+00:00,2026-09-06T08:25:00+00:00
SHP-3025,SELLER-065,WH-033,CAR-053,Chennai,Delhi,IN_TRANSIT,3,0,0,0,STALE,2026-09-01T14:56:00+00:00,2026-09-01T17:35:00+00:00
SHP-3026,SELLER-023,WH-025,CAR-001,Ahmedabad,Pune,PICKED_UP,2,1,0,0,STALE,2026-09-04T09:01:00+00:00,2026-09-04T10:24:00+00:00
SHP-3027,SELLER-333,WH-048,CAR-049,Chennai,Hyderabad,OUT_FOR_DELIVERY,4,0,0,0,STALE,2026-09-05T12:42:00+00:00,2026-09-05T21:34:00+00:00
SHP-3028,SELLER-185,WH-047,CAR-093,Mumbai,Kolkata,OUT_FOR_DELIVERY,4,0,0,0,STALE,2026-09-03T14:11:00+00:00,2026-09-04T00:12:00+00:00
SHP-3029,SELLER-187,WH-011,CAR-050,Bengaluru,Chennai,DELIVERED,5,0,0,0,STALE,2026-09-03T19:07:00+00:00,2026-09-04T01:19:00+00:00
SHP-3030,SELLER-493,WH-008,CAR-029,Surat,Bengaluru,CREATED,1,0,0,0,STALE,2026-09-05T03:49:00+00:00,2026-09-05T03:49:00+00:00
SHP-3031,SELLER-468,WH-039,CAR-018,Ahmedabad,Kolkata,DELIVERED,5,0,0,0,STALE,2026-09-02T21:05:00+00:00,2026-09-03T06:40:00+00:00
SHP-3032,SELLER-190,WH-038,CAR-072,Mumbai,Surat,OUT_FOR_DELIVERY,4,0,0,0,STALE,2026-09-07T07:58:00+00:00,2026-09-07T16:08:00+00:00
SHP-3033,SELLER-365,WH-014,CAR-026,Jaipur,Bengaluru,IN_TRANSIT,3,1,0,1,STALE,2026-09-02T10:20:00+00:00,2026-09-02T15:37:00+00:00
SHP-3034,SELLER-233,WH-021,CAR-002,Kolkata,Ahmedabad,OUT_FOR_DELIVERY,4,0,0,0,STALE,2026-09-05T10:57:00+00:00,2026-09-05T16:49:00+00:00
SHP-3035,SELLER-365,WH-046,CAR-018,Delhi,Hyderabad,PICKED_UP,2,0,0,0,STALE,2026-09-03T01:36:00+00:00,2026-09-03T03:10:00+00:00
SHP-3036,SELLER-033,WH-037,CAR-014,Bengaluru,Ahmedabad,DELIVERED,5,0,0,0,STALE,2026-09-06T08:09:00+00:00,2026-09-06T13:40:00+00:00
SHP-3037,SELLER-418,WH-010,CAR-028,Delhi,Surat,IN_TRANSIT,3,0,0,0,STALE,2026-09-02T08:56:00+00:00,2026-09-02T13:14:00+00:00
SHP-3038,SELLER-378,WH-039,CAR-020,Delhi,Kolkata,PICKED_UP,2,1,0,0,STALE,2026-09-02T16:35:00+00:00,2026-09-02T17:38:00+00:00
SHP-3039,SELLER-098,WH-009,CAR-058,Jaipur,Delhi,IN_TRANSIT,3,0,0,0,STALE,2026-09-02T19:59:00+00:00,2026-09-03T03:19:00+00:00
SHP-3040,SELLER-389,WH-011,CAR-078,Kolkata,Ahmedabad,CREATED,1,0,0,0,STALE,2026-09-06T12:21:00+00:00,2026-09-06T12:21:00+00:00
SHP-3041,SELLER-095,WH-038,CAR-036,Jaipur,Hyderabad,IN_TRANSIT,3,0,0,0,STALE,2026-09-06T13:18:00+00:00,2026-09-06T19:53:00+00:00
SHP-3042,SELLER-111,WH-025,CAR-009,Hyderabad,Bengaluru,IN_TRANSIT,3,0,0,0,STALE,2026-09-01T00:04:00+00:00,2026-09-01T03:45:00+00:00
SHP-3043,SELLER-486,WH-013,CAR-016,Kolkata,Ahmedabad,IN_TRANSIT,3,0,0,0,STALE,2026-09-02T20:44:00+00:00,2026-09-03T00:06:00+00:00
SHP-3044,SELLER-416,WH-039,CAR-086,Jaipur,Ahmedabad,OUT_FOR_DELIVERY,4,0,0,0,STALE,2026-09-06T04:12:00+00:00,2026-09-06T14:00:00+00:00
SHP-3045,SELLER-096,WH-011,CAR-068,Chennai,Hyderabad,IN_TRANSIT,3,0,0,0,STALE,2026-09-01T22:35:00+00:00,2026-09-02T04:04:00+00:00
SHP-3046,SELLER-198,WH-010,CAR-063,Bengaluru,Kolkata,DELIVERED,5,0,0,0,STALE,2026-09-01T11:34:00+00:00,2026-09-01T18:57:00+00:00
SHP-3047,SELLER-268,WH-043,CAR-083,Surat,Chennai,IN_TRANSIT,3,0,0,0,STALE,2026-09-03T13:54:00+00:00,2026-09-03T17:08:00+00:00
SHP-3048,SELLER-181,WH-013,CAR-044,Jaipur,Chennai,PICKED_UP,2,0,0,0,STALE,2026-09-06T22:37:00+00:00,2026-09-07T01:17:00+00:00
SHP-3049,SELLER-041,WH-047,CAR-079,Bengaluru,Pune,PICKED_UP,2,0,0,0,STALE,2026-09-01T08:48:00+00:00,2026-09-01T10:26:00+00:00
SHP-3050,SELLER-031,WH-033,CAR-090,Delhi,Pune,DELIVERED,5,0,0,0,STALE,2026-09-06T10:15:00+00:00,2026-09-06T15:38:00+00:00
SHP-3051,SELLER-258,WH-020,CAR-051,Ahmedabad,Hyderabad,IN_TRANSIT,3,0,0,0,STALE,2026-09-04T23:35:00+00:00,2026-09-05T04:44:00+00:00
SHP-3052,SELLER-395,WH-025,CAR-074,Delhi,Chennai,IN_TRANSIT,3,0,0,0,STALE,2026-09-01T00:11:00+00:00,2026-09-01T05:21:00+00:00
SHP-3053,SELLER-032,WH-049,CAR-048,Kolkata,Ahmedabad,PICKED_UP,2,0,0,0,STALE,2026-09-04T10:48:00+00:00,2026-09-04T11:54:00+00:00
SHP-3054,SELLER-331,WH-033,CAR-004,Surat,Hyderabad,DELIVERED,5,0,0,0,STALE,2026-09-04T13:29:00+00:00,2026-09-04T21:59:00+00:00
SHP-3055,SELLER-221,WH-021,CAR-035,Chennai,Delhi,DELIVERED,5,0,0,0,STALE,2026-09-01T18:20:00+00:00,2026-09-02T01:05:00+00:00
SHP-3056,SELLER-034,WH-022,CAR-087,Pune,Surat,PICKED_UP,2,0,0,0,STALE,2026-09-01T08:14:00+00:00,2026-09-01T10:17:00+00:00
SHP-3057,SELLER-084,WH-024,CAR-021,Pune,Hyderabad,IN_TRANSIT,3,0,0,0,STALE,2026-09-04T04:55:00+00:00,2026-09-04T12:00:00+00:00
SHP-3058,SELLER-212,WH-041,CAR-030,Bengaluru,Jaipur,CANCELLED,2,0,0,0,STALE,2026-09-01T08:10:00+00:00,2026-09-01T10:54:00+00:00
SHP-3059,SELLER-019,WH-007,CAR-018,Hyderabad,Kolkata,IN_TRANSIT,3,0,0,0,STALE,2026-09-01T02:31:00+00:00,2026-09-01T10:01:00+00:00
SHP-3060,SELLER-335,WH-002,CAR-004,Hyderabad,Kolkata,IN_TRANSIT,3,0,0,0,STALE,2026-09-01T14:55:00+00:00,2026-09-01T20:47:00+00:00
SHP-3061,SELLER-146,WH-037,CAR-077,Chennai,Bengaluru,OUT_FOR_DELIVERY,4,0,0,0,STALE,2026-09-05T17:07:00+00:00,2026-09-06T00:37:00+00:00
SHP-3062,SELLER-410,WH-023,CAR-048,Bengaluru,Hyderabad,CREATED,1,0,0,0,STALE,2026-09-06T22:35:00+00:00,2026-09-06T22:35:00+00:00
SHP-3063,SELLER-234,WH-036,CAR-041,Bengaluru,Ahmedabad,IN_TRANSIT,3,0,0,0,STALE,2026-09-05T21:35:00+00:00,2026-09-06T02:32:00+00:00
SHP-3064,SELLER-011,WH-037,CAR-045,Mumbai,Kolkata,OUT_FOR_DELIVERY,4,0,0,0,STALE,2026-09-06T05:01:00+00:00,2026-09-06T13:45:00+00:00
SHP-3065,SELLER-041,WH-046,CAR-056,Delhi,Jaipur,DELIVERED,5,0,1,0,STALE,2026-09-03T21:55:00+00:00,2026-09-04T04:57:00+00:00
SHP-3066,SELLER-111,WH-008,CAR-090,Bengaluru,Jaipur,PICKED_UP,2,0,0,1,STALE,2026-09-01T20:18:00+00:00,2026-09-01T21:25:00+00:00
SHP-3067,SELLER-280,WH-042,CAR-040,Kolkata,Delhi,PICKED_UP,2,0,0,0,STALE,2026-09-01T05:27:00+00:00,2026-09-01T08:09:00+00:00
SHP-3068,SELLER-220,WH-044,CAR-076,Delhi,Pune,OUT_FOR_DELIVERY,4,0,0,1,STALE,2026-09-03T14:52:00+00:00,2026-09-04T02:35:00+00:00
SHP-3069,SELLER-362,WH-018,CAR-099,Bengaluru,Mumbai,DELIVERED,5,0,0,0,STALE,2026-09-06T17:55:00+00:00,2026-09-07T02:13:00+00:00
SHP-3070,SELLER-440,WH-020,CAR-094,Mumbai,Pune,OUT_FOR_DELIVERY,4,0,0,0,STALE,2026-09-03T22:08:00+00:00,2026-09-04T05:11:00+00:00
SHP-3071,SELLER-125,WH-035,CAR-091,Pune,Ahmedabad,DELIVERED,5,0,0,0,STALE,2026-09-04T04:02:00+00:00,2026-09-04T10:58:00+00:00
SHP-3072,SELLER-377,WH-028,CAR-064,Ahmedabad,Jaipur,IN_TRANSIT,3,0,0,0,STALE,2026-09-03T15:46:00+00:00,2026-09-03T23:33:00+00:00
SHP-3073,SELLER-258,WH-040,CAR-029,Kolkata,Mumbai,OUT_FOR_DELIVERY,4,0,0,0,STALE,2026-09-03T11:47:00+00:00,2026-09-03T21:06:00+00:00
SHP-3074,SELLER-199,WH-042,CAR-021,Bengaluru,Delhi,IN_TRANSIT,3,0,0,0,STALE,2026-09-02T17:14:00+00:00,2026-09-02T23:32:00+00:00
SHP-3075,SELLER-215,WH-038,CAR-055,Mumbai,Delhi,DELIVERED,5,1,0,1,STALE,2026-09-01T05:26:00+00:00,2026-09-01T17:10:00+00:00
SHP-3076,SELLER-397,WH-034,CAR-054,Chennai,Hyderabad,PICKED_UP,2,0,0,1,STALE,2026-09-07T15:15:00+00:00,2026-09-07T17:13:00+00:00
SHP-3077,SELLER-253,WH-028,CAR-002,Kolkata,Pune,CREATED,1,0,0,0,STALE,2026-09-01T07:14:00+00:00,2026-09-01T07:14:00+00:00
SHP-3078,SELLER-174,WH-004,CAR-087,Surat,Bengaluru,IN_TRANSIT,3,0,0,0,STALE,2026-09-01T11:45:00+00:00,2026-09-01T18:20:00+00:00
SHP-3079,SELLER-494,WH-024,CAR-056,Hyderabad,Kolkata,OUT_FOR_DELIVERY,4,0,0,0,STALE,2026-09-07T15:45:00+00:00,2026-09-07T23:04:00+00:00
SHP-3080,SELLER-326,WH-049,CAR-075,Surat,Bengaluru,IN_TRANSIT,3,0,0,0,STALE,2026-09-02T01:10:00+00:00,2026-09-02T05:48:00+00:00
SHP-3081,SELLER-268,WH-017,CAR-079,Bengaluru,Hyderabad,CREATED,1,0,0,0,STALE,2026-09-02T01:34:00+00:00,2026-09-02T01:34:00+00:00
SHP-3082,SELLER-227,WH-018,CAR-073,Mumbai,Delhi,OUT_FOR_DELIVERY,4,0,0,0,STALE,2026-09-05T22:54:00+00:00,2026-09-06T06:01:00+00:00
SHP-3083,SELLER-420,WH-029,CAR-046,Delhi,Chennai,IN_TRANSIT,3,0,0,0,STALE,2026-09-01T14:19:00+00:00,2026-09-01T21:50:00+00:00
SHP-3084,SELLER-150,WH-036,CAR-055,Ahmedabad,Kolkata,DELIVERED,5,0,0,0,STALE,2026-09-06T08:52:00+00:00,2026-09-06T17:14:00+00:00
SHP-3085,SELLER-054,WH-011,CAR-008,Ahmedabad,Surat,CREATED,1,0,0,0,STALE,2026-09-01T07:02:00+00:00,2026-09-01T07:02:00+00:00
SHP-3086,SELLER-253,WH-035,CAR-012,Bengaluru,Delhi,CREATED,1,0,0,0,STALE,2026-09-02T15:07:00+00:00,2026-09-02T15:07:00+00:00
SHP-3087,SELLER-258,WH-010,CAR-031,Hyderabad,Mumbai,DELIVERED,5,0,0,0,STALE,2026-09-05T14:35:00+00:00,2026-09-05T23:48:00+00:00
SHP-3088,SELLER-451,WH-026,CAR-034,Hyderabad,Kolkata,DELIVERED,5,0,0,0,STALE,2026-09-01T13:06:00+00:00,2026-09-01T21:14:00+00:00
SHP-3089,SELLER-354,WH-029,CAR-017,Pune,Mumbai,CREATED,1,0,0,0,STALE,2026-09-04T01:20:00+00:00,2026-09-04T01:20:00+00:00
SHP-3090,SELLER-087,WH-047,CAR-049,Bengaluru,Chennai,IN_TRANSIT,3,0,0,0,STALE,2026-09-04T10:32:00+00:00,2026-09-04T18:04:00+00:00
SHP-3091,SELLER-260,WH-026,CAR-033,Surat,Chennai,DELIVERED,5,0,0,0,STALE,2026-09-07T15:44:00+00:00,2026-09-08T02:23:00+00:00
SHP-3092,SELLER-402,WH-041,CAR-039,Hyderabad,Kolkata,PICKED_UP,2,0,0,0,STALE,2026-09-03T13:19:00+00:00,2026-09-03T14:48:00+00:00
SHP-3093,SELLER-497,WH-004,CAR-066,Kolkata,Jaipur,PICKED_UP,2,0,0,0,STALE,2026-09-06T07:45:00+00:00,2026-09-06T09:33:00+00:00
SHP-3094,SELLER-367,WH-014,CAR-084,Hyderabad,Delhi,OUT_FOR_DELIVERY,4,0,0,0,STALE,2026-09-01T04:22:00+00:00,2026-09-01T13:22:00+00:00
SHP-3095,SELLER-487,WH-043,CAR-011,Kolkata,Mumbai,OUT_FOR_DELIVERY,4,0,1,0,STALE,2026-09-02T19:35:00+00:00,2026-09-03T05:12:00+00:00
SHP-3096,SELLER-454,WH-040,CAR-058,Jaipur,Delhi,OUT_FOR_DELIVERY,4,0,0,0,STALE,2026-09-02T11:20:00+00:00,2026-09-02T20:32:00+00:00
SHP-3097,SELLER-151,WH-041,CAR-044,Bengaluru,Hyderabad,DELIVERED,5,0,0,0,STALE,2026-09-07T06:19:00+00:00,2026-09-07T16:01:00+00:00
SHP-3098,SELLER-272,WH-026,CAR-006,Delhi,Ahmedabad,OUT_FOR_DELIVERY,4,0,1,0,STALE,2026-09-03T13:28:00+00:00,2026-09-03T22:36:00+00:00
SHP-3099,SELLER-022,WH-019,CAR-091,Jaipur,Ahmedabad,IN_TRANSIT,3,0,0,0,STALE,2026-09-01T06:14:00+00:00,2026-09-01T11:10:00+00:00
SHP-3100,SELLER-037,WH-012,CAR-078,Jaipur,Delhi,IN_TRANSIT,3,0,0,0,STALE,2026-09-03T20:40:00+00:00,2026-09-04T03:33:00+00:00
SHP-3101,SELLER-334,WH-032,CAR-097,Hyderabad,Delhi,DELIVERED,5,0,0,0,STALE,2026-09-01T06:27:00+00:00,2026-09-01T13:25:00+00:00
SHP-3102,SELLER-229,WH-022,CAR-043,Bengaluru,Mumbai,OUT_FOR_DELIVERY,4,0,0,0,STALE,2026-09-03T03:54:00+00:00,2026-09-03T13:38:00+00:00
SHP-3103,SELLER-200,WH-005,CAR-035,Delhi,Kolkata,IN_TRANSIT,3,0,0,0,STALE,2026-09-01T23:05:00+00:00,2026-09-02T03:39:00+00:00
SHP-3104,SELLER-329,WH-018,CAR-066,Delhi,Kolkata,OUT_FOR_DELIVERY,4,0,0,0,STALE,2026-09-05T17:45:00+00:00,2026-09-06T02:39:00+00:00
SHP-3105,SELLER-134,WH-026,CAR-004,Mumbai,Jaipur,OUT_FOR_DELIVERY,4,0,0,0,STALE,2026-09-01T23:28:00+00:00,2026-09-02T05:44:00+00:00
SHP-3106,SELLER-336,WH-028,CAR-017,Ahmedabad,Surat,PICKED_UP,2,1,0,0,STALE,2026-09-07T08:03:00+00:00,2026-09-07T10:35:00+00:00
SHP-3107,SELLER-115,WH-020,CAR-061,Mumbai,Kolkata,PICKED_UP,2,0,0,0,STALE,2026-09-03T04:46:00+00:00,2026-09-03T06:25:00+00:00
SHP-3108,SELLER-332,WH-011,CAR-054,Kolkata,Ahmedabad,DELIVERED,5,0,0,0,STALE,2026-09-03T01:22:00+00:00,2026-09-03T08:36:00+00:00
SHP-3109,SELLER-300,WH-041,CAR-066,Surat,Chennai,IN_TRANSIT,3,0,0,0,STALE,2026-09-05T02:38:00+00:00,2026-09-05T07:05:00+00:00
SHP-3110,SELLER-135,WH-029,CAR-005,Kolkata,Hyderabad,DELIVERED,5,0,0,0,STALE,2026-09-06T15:08:00+00:00,2026-09-06T23:01:00+00:00
SHP-3111,SELLER-085,WH-029,CAR-008,Hyderabad,Chennai,IN_TRANSIT,3,0,0,0,STALE,2026-09-04T18:25:00+00:00,2026-09-05T02:32:00+00:00
SHP-3112,SELLER-333,WH-050,CAR-035,Chennai,Bengaluru,CREATED,1,0,0,0,STALE,2026-09-07T15:11:00+00:00,2026-09-07T15:11:00+00:00
SHP-3113,SELLER-353,WH-043,CAR-060,Chennai,Surat,PICKED_UP,2,0,0,0,STALE,2026-09-04T01:48:00+00:00,2026-09-04T03:29:00+00:00
SHP-3114,SELLER-455,WH-035,CAR-098,Bengaluru,Kolkata,OUT_FOR_DELIVERY,4,0,0,0,STALE,2026-09-06T20:46:00+00:00,2026-09-07T07:21:00+00:00
SHP-3115,SELLER-481,WH-043,CAR-023,Ahmedabad,Delhi,PICKED_UP,2,0,0,0,STALE,2026-09-06T07:04:00+00:00,2026-09-06T08:02:00+00:00
SHP-3116,SELLER-401,WH-035,CAR-011,Kolkata,Ahmedabad,CREATED,1,0,0,0,STALE,2026-09-05T14:13:00+00:00,2026-09-05T14:13:00+00:00
SHP-3117,SELLER-034,WH-048,CAR-063,Chennai,Ahmedabad,DELIVERED,5,0,0,0,STALE,2026-09-01T23:25:00+00:00,2026-09-02T07:43:00+00:00
SHP-3118,SELLER-218,WH-011,CAR-040,Pune,Surat,IN_TRANSIT,3,0,0,0,STALE,2026-09-07T13:36:00+00:00,2026-09-07T17:46:00+00:00
SHP-3119,SELLER-238,WH-037,CAR-081,Delhi,Chennai,PICKED_UP,2,0,0,0,STALE,2026-09-05T14:32:00+00:00,2026-09-05T16:50:00+00:00
SHP-3120,SELLER-432,WH-029,CAR-012,Hyderabad,Surat,OUT_FOR_DELIVERY,4,0,0,0,STALE,2026-09-05T02:06:00+00:00,2026-09-05T07:04:00+00:00
SHP-3121,SELLER-097,WH-019,CAR-098,Mumbai,Hyderabad,OUT_FOR_DELIVERY,4,0,0,0,STALE,2026-09-03T17:18:00+00:00,2026-09-04T00:16:00+00:00
SHP-3122,SELLER-486,WH-005,CAR-072,Mumbai,Pune,CREATED,1,0,0,0,STALE,2026-09-02T01:08:00+00:00,2026-09-02T01:08:00+00:00
SHP-3123,SELLER-496,WH-001,CAR-058,Bengaluru,Ahmedabad,IN_TRANSIT,3,0,0,0,STALE,2026-09-05T20:43:00+00:00,2026-09-06T02:23:00+00:00
SHP-3124,SELLER-101,WH-013,CAR-052,Hyderabad,Delhi,PICKED_UP,2,0,0,0,STALE,2026-09-01T02:12:00+00:00,2026-09-01T04:14:00+00:00
SHP-3125,SELLER-495,WH-012,CAR-094,Mumbai,Bengaluru,CREATED,1,0,0,0,STALE,2026-09-04T20:06:00+00:00,2026-09-04T20:06:00+00:00
SHP-3126,SELLER-358,WH-026,CAR-058,Kolkata,Mumbai,PICKED_UP,2,0,0,0,STALE,2026-09-07T16:46:00+00:00,2026-09-07T18:47:00+00:00
SHP-3127,SELLER-242,WH-003,CAR-030,Mumbai,Jaipur,CREATED,1,0,0,0,STALE,2026-09-05T21:02:00+00:00,2026-09-05T21:02:00+00:00
SHP-3128,SELLER-337,WH-047,CAR-017,Kolkata,Surat,PICKED_UP,2,0,0,0,STALE,2026-09-01T11:13:00+00:00,2026-09-01T12:51:00+00:00
SHP-3129,SELLER-199,WH-013,CAR-051,Ahmedabad,Surat,IN_TRANSIT,3,0,0,0,STALE,2026-09-03T14:55:00+00:00,2026-09-03T21:06:00+00:00
SHP-3130,SELLER-260,WH-008,CAR-004,Pune,Chennai,OUT_FOR_DELIVERY,4,0,0,0,STALE,2026-09-05T16:38:00+00:00,2026-09-05T22:36:00+00:00
SHP-3131,SELLER-316,WH-040,CAR-018,Mumbai,Delhi,IN_TRANSIT,3,0,0,0,STALE,2026-09-02T23:45:00+00:00,2026-09-03T06:03:00+00:00
SHP-3132,SELLER-248,WH-035,CAR-022,Bengaluru,Hyderabad,IN_TRANSIT,3,0,0,0,STALE,2026-09-02T12:41:00+00:00,2026-09-02T18:53:00+00:00
SHP-3133,SELLER-498,WH-039,CAR-006,Mumbai,Pune,DELIVERED,5,0,0,0,STALE,2026-09-05T04:21:00+00:00,2026-09-05T15:59:00+00:00
SHP-3134,SELLER-004,WH-021,CAR-088,Hyderabad,Ahmedabad,IN_TRANSIT,3,0,0,0,STALE,2026-09-01T21:38:00+00:00,2026-09-02T01:41:00+00:00
SHP-3135,SELLER-253,WH-017,CAR-026,Delhi,Mumbai,OUT_FOR_DELIVERY,4,0,0,0,STALE,2026-09-02T05:24:00+00:00,2026-09-02T12:29:00+00:00
SHP-3136,SELLER-195,WH-040,CAR-085,Bengaluru,Delhi,PICKED_UP,2,0,0,0,STALE,2026-09-04T07:57:00+00:00,2026-09-04T10:32:00+00:00
SHP-3137,SELLER-010,WH-024,CAR-074,Hyderabad,Surat,IN_TRANSIT,3,0,0,0,STALE,2026-09-05T12:39:00+00:00,2026-09-05T20:09:00+00:00
SHP-3138,SELLER-043,WH-022,CAR-085,Chennai,Ahmedabad,CREATED,1,0,0,0,STALE,2026-09-05T09:07:00+00:00,2026-09-05T09:07:00+00:00
SHP-3139,SELLER-108,WH-039,CAR-039,Kolkata,Chennai,OUT_FOR_DELIVERY,4,0,0,0,STALE,2026-09-07T21:57:00+00:00,2026-09-08T02:28:00+00:00
SHP-3140,SELLER-113,WH-012,CAR-099,Kolkata,Ahmedabad,OUT_FOR_DELIVERY,4,0,0,0,STALE,2026-09-04T12:10:00+00:00,2026-09-04T23:41:00+00:00
SHP-3141,SELLER-211,WH-018,CAR-071,Kolkata,Pune,IN_TRANSIT,3,0,0,0,STALE,2026-09-02T02:33:00+00:00,2026-09-02T09:18:00+00:00
SHP-3142,SELLER-467,WH-041,CAR-073,Chennai,Pune,PICKED_UP,2,0,0,0,STALE,2026-09-02T02:48:00+00:00,2026-09-02T04:18:00+00:00
SHP-3143,SELLER-203,WH-050,CAR-052,Ahmedabad,Jaipur,OUT_FOR_DELIVERY,4,0,0,0,STALE,2026-09-05T02:22:00+00:00,2026-09-05T09:38:00+00:00
SHP-3144,SELLER-097,WH-039,CAR-034,Delhi,Bengaluru,CREATED,1,0,0,0,STALE,2026-09-06T20:34:00+00:00,2026-09-06T20:34:00+00:00
SHP-3145,SELLER-301,WH-010,CAR-042,Jaipur,Kolkata,IN_TRANSIT,3,0,0,1,STALE,2026-09-03T06:35:00+00:00,2026-09-03T14:25:00+00:00
SHP-3146,SELLER-189,WH-036,CAR-072,Pune,Hyderabad,IN_TRANSIT,3,0,0,0,STALE,2026-09-03T08:02:00+00:00,2026-09-03T13:04:00+00:00
SHP-3147,SELLER-179,WH-045,CAR-084,Mumbai,Kolkata,CREATED,1,0,0,0,STALE,2026-09-01T15:38:00+00:00,2026-09-01T15:38:00+00:00
SHP-3148,SELLER-284,WH-007,CAR-032,Pune,Mumbai,IN_TRANSIT,3,0,0,0,STALE,2026-09-01T09:08:00+00:00,2026-09-01T11:42:00+00:00
SHP-3149,SELLER-260,WH-007,CAR-002,Surat,Hyderabad,OUT_FOR_DELIVERY,4,0,0,0,STALE,2026-09-02T21:10:00+00:00,2026-09-03T04:56:00+00:00
SHP-3150,SELLER-340,WH-046,CAR-098,Surat,Jaipur,IN_TRANSIT,3,0,0,0,STALE,2026-09-01T17:06:00+00:00,2026-09-01T21:34:00+00:00
SHP-3151,SELLER-057,WH-008,CAR-013,Hyderabad,Surat,DELIVERED,5,0,0,0,STALE,2026-09-02T19:01:00+00:00,2026-09-03T02:00:00+00:00
SHP-3152,SELLER-265,WH-006,CAR-090,Bengaluru,Mumbai,CREATED,1,0,0,0,STALE,2026-09-02T20:58:00+00:00,2026-09-02T20:58:00+00:00
SHP-3153,SELLER-113,WH-045,CAR-003,Mumbai,Ahmedabad,IN_TRANSIT,3,0,0,0,STALE,2026-09-05T08:11:00+00:00,2026-09-05T13:20:00+00:00
SHP-3154,SELLER-332,WH-013,CAR-050,Jaipur,Hyderabad,CREATED,1,0,0,0,STALE,2026-09-03T17:46:00+00:00,2026-09-03T17:46:00+00:00
SHP-3155,SELLER-145,WH-026,CAR-022,Delhi,Surat,CREATED,1,0,0,0,STALE,2026-09-06T12:53:00+00:00,2026-09-06T12:53:00+00:00
SHP-3156,SELLER-340,WH-039,CAR-083,Bengaluru,Pune,CANCELLED,2,1,0,0,STALE,2026-09-06T19:55:00+00:00,2026-09-06T20:28:00+00:00
SHP-3157,SELLER-391,WH-047,CAR-035,Delhi,Surat,IN_TRANSIT,3,0,0,0,STALE,2026-09-05T23:03:00+00:00,2026-09-06T02:15:00+00:00
SHP-3158,SELLER-240,WH-019,CAR-016,Bengaluru,Pune,IN_TRANSIT,3,0,0,0,STALE,2026-09-04T23:31:00+00:00,2026-09-05T06:38:00+00:00
SHP-3159,SELLER-160,WH-038,CAR-046,Kolkata,Delhi,IN_TRANSIT,3,0,0,0,STALE,2026-09-03T21:54:00+00:00,2026-09-04T05:27:00+00:00
SHP-3160,SELLER-269,WH-031,CAR-083,Delhi,Surat,CREATED,1,0,0,0,STALE,2026-09-02T20:15:00+00:00,2026-09-02T20:15:00+00:00
SHP-3161,SELLER-457,WH-010,CAR-080,Mumbai,Jaipur,CANCELLED,2,0,0,0,STALE,2026-09-05T08:50:00+00:00,2026-09-05T09:47:00+00:00
SHP-3162,SELLER-017,WH-020,CAR-081,Kolkata,Jaipur,IN_TRANSIT,3,0,0,0,STALE,2026-09-02T06:22:00+00:00,2026-09-02T11:29:00+00:00
SHP-3163,SELLER-453,WH-009,CAR-036,Mumbai,Hyderabad,CREATED,1,0,0,0,STALE,2026-09-02T07:33:00+00:00,2026-09-02T07:33:00+00:00
SHP-3164,SELLER-108,WH-005,CAR-037,Pune,Hyderabad,DELIVERED,5,0,0,0,STALE,2026-09-03T02:29:00+00:00,2026-09-03T09:39:00+00:00
SHP-3165,SELLER-495,WH-031,CAR-004,Delhi,Ahmedabad,CREATED,1,0,0,0,STALE,2026-09-04T11:29:00+00:00,2026-09-04T11:29:00+00:00
SHP-3166,SELLER-239,WH-026,CAR-080,Ahmedabad,Surat,DELIVERED,5,0,0,0,STALE,2026-09-03T02:11:00+00:00,2026-09-03T10:36:00+00:00
SHP-3167,SELLER-195,WH-029,CAR-022,Ahmedabad,Pune,PICKED_UP,2,0,0,1,STALE,2026-09-07T10:12:00+00:00,2026-09-07T12:51:00+00:00
SHP-3168,SELLER-055,WH-040,CAR-037,Ahmedabad,Kolkata,CREATED,1,0,0,0,STALE,2026-09-05T01:15:00+00:00,2026-09-05T01:15:00+00:00
SHP-3169,SELLER-066,WH-003,CAR-013,Mumbai,Chennai,DELIVERED,5,0,0,0,STALE,2026-09-06T12:03:00+00:00,2026-09-06T20:49:00+00:00
SHP-3170,SELLER-058,WH-027,CAR-010,Pune,Ahmedabad,OUT_FOR_DELIVERY,4,0,0,0,STALE,2026-09-06T08:47:00+00:00,2026-09-06T18:58:00+00:00
SHP-3171,SELLER-406,WH-008,CAR-016,Kolkata,Jaipur,IN_TRANSIT,3,0,0,0,STALE,2026-09-06T03:52:00+00:00,2026-09-06T09:07:00+00:00
SHP-3172,SELLER-094,WH-026,CAR-039,Delhi,Hyderabad,IN_TRANSIT,3,0,0,0,STALE,2026-09-03T00:32:00+00:00,2026-09-03T06:40:00+00:00
SHP-3173,SELLER-416,WH-018,CAR-060,Jaipur,Ahmedabad,PICKED_UP,2,0,0,0,STALE,2026-09-01T07:02:00+00:00,2026-09-01T07:37:00+00:00
SHP-3174,SELLER-035,WH-032,CAR-068,Hyderabad,Kolkata,PICKED_UP,2,0,0,0,STALE,2026-09-01T16:30:00+00:00,2026-09-01T19:04:00+00:00
SHP-3175,SELLER-088,WH-018,CAR-040,Chennai,Jaipur,IN_TRANSIT,3,0,0,0,STALE,2026-09-03T07:56:00+00:00,2026-09-03T14:28:00+00:00
SHP-3176,SELLER-269,WH-005,CAR-053,Mumbai,Surat,PICKED_UP,2,0,0,0,STALE,2026-09-06T13:44:00+00:00,2026-09-06T15:10:00+00:00
SHP-3177,SELLER-214,WH-029,CAR-067,Hyderabad,Pune,OUT_FOR_DELIVERY,4,0,0,0,STALE,2026-09-06T06:22:00+00:00,2026-09-06T15:43:00+00:00
SHP-3178,SELLER-420,WH-014,CAR-043,Hyderabad,Pune,PICKED_UP,2,0,0,0,STALE,2026-09-05T23:39:00+00:00,2026-09-06T02:05:00+00:00
SHP-3179,SELLER-402,WH-047,CAR-008,Ahmedabad,Jaipur,IN_TRANSIT,3,0,0,0,STALE,2026-09-04T12:18:00+00:00,2026-09-04T16:54:00+00:00
SHP-3180,SELLER-242,WH-012,CAR-045,Surat,Delhi,CREATED,1,0,0,0,STALE,2026-09-03T02:05:00+00:00,2026-09-03T02:05:00+00:00
SHP-3181,SELLER-321,WH-036,CAR-046,Pune,Jaipur,OUT_FOR_DELIVERY,4,0,0,0,STALE,2026-09-03T22:32:00+00:00,2026-09-04T05:11:00+00:00
SHP-3182,SELLER-221,WH-021,CAR-020,Pune,Hyderabad,DELIVERED,5,0,0,0,STALE,2026-09-04T01:38:00+00:00,2026-09-04T09:41:00+00:00
SHP-3183,SELLER-464,WH-037,CAR-052,Bengaluru,Jaipur,PICKED_UP,2,0,0,0,STALE,2026-09-04T20:58:00+00:00,2026-09-04T21:43:00+00:00
SHP-3184,SELLER-143,WH-033,CAR-060,Pune,Bengaluru,IN_TRANSIT,3,0,0,0,STALE,2026-09-06T03:15:00+00:00,2026-09-06T07:59:00+00:00
SHP-3185,SELLER-369,WH-040,CAR-025,Delhi,Bengaluru,IN_TRANSIT,3,0,0,1,STALE,2026-09-01T00:17:00+00:00,2026-09-01T04:13:00+00:00
SHP-3186,SELLER-140,WH-043,CAR-045,Delhi,Hyderabad,IN_TRANSIT,3,0,0,0,STALE,2026-09-07T14:28:00+00:00,2026-09-07T17:43:00+00:00
SHP-3187,SELLER-252,WH-026,CAR-096,Bengaluru,Kolkata,CREATED,1,0,0,0,STALE,2026-09-05T16:28:00+00:00,2026-09-05T16:28:00+00:00
SHP-3188,SELLER-126,WH-012,CAR-013,Kolkata,Mumbai,OUT_FOR_DELIVERY,4,0,0,0,STALE,2026-09-06T07:19:00+00:00,2026-09-06T17:05:00+00:00
SHP-3189,SELLER-042,WH-018,CAR-087,Chennai,Kolkata,DELIVERED,5,0,0,0,STALE,2026-09-03T01:00:00+00:00,2026-09-03T07:27:00+00:00
SHP-3190,SELLER-477,WH-039,CAR-043,Jaipur,Chennai,OUT_FOR_DELIVERY,4,0,0,0,STALE,2026-09-06T12:53:00+00:00,2026-09-06T20:19:00+00:00
SHP-3191,SELLER-449,WH-034,CAR-008,Mumbai,Delhi,CREATED,1,0,0,0,STALE,2026-09-03T08:25:00+00:00,2026-09-03T08:25:00+00:00
SHP-3192,SELLER-335,WH-023,CAR-023,Surat,Delhi,DELIVERED,5,0,0,0,STALE,2026-09-07T00:37:00+00:00,2026-09-07T12:49:00+00:00
SHP-3193,SELLER-323,WH-012,CAR-034,Hyderabad,Surat,OUT_FOR_DELIVERY,4,0,0,0,STALE,2026-09-05T12:59:00+00:00,2026-09-05T19:32:00+00:00
SHP-3194,SELLER-160,WH-009,CAR-060,Surat,Chennai,PICKED_UP,2,0,0,0,STALE,2026-09-07T16:33:00+00:00,2026-09-07T19:03:00+00:00
SHP-3195,SELLER-040,WH-048,CAR-050,Surat,Bengaluru,PICKED_UP,2,0,0,0,STALE,2026-09-05T07:46:00+00:00,2026-09-05T08:28:00+00:00
SHP-3196,SELLER-389,WH-042,CAR-084,Kolkata,Hyderabad,PICKED_UP,2,0,0,0,STALE,2026-09-07T16:17:00+00:00,2026-09-07T17:54:00+00:00
SHP-3197,SELLER-317,WH-043,CAR-054,Ahmedabad,Bengaluru,PICKED_UP,2,0,0,0,STALE,2026-09-03T08:08:00+00:00,2026-09-03T10:23:00+00:00
SHP-3198,SELLER-231,WH-012,CAR-097,Hyderabad,Ahmedabad,OUT_FOR_DELIVERY,4,0,0,0,STALE,2026-09-04T16:52:00+00:00,2026-09-04T21:50:00+00:00
SHP-3199,SELLER-202,WH-047,CAR-031,Delhi,Chennai,OUT_FOR_DELIVERY,4,0,0,0,STALE,2026-09-06T12:29:00+00:00,2026-09-06T18:52:00+00:00
SHP-3200,SELLER-408,WH-038,CAR-010,Pune,Hyderabad,DELIVERED,5,0,0,0,STALE,2026-09-02T15:49:00+00:00,2026-09-03T03:01:00+00:00
SHP-3201,SELLER-192,WH-044,CAR-063,Delhi,Chennai,OUT_FOR_DELIVERY,4,0,0,0,STALE,2026-09-05T03:24:00+00:00,2026-09-05T09:14:00+00:00
SHP-3202,SELLER-264,WH-013,CAR-094,Chennai,Jaipur,IN_TRANSIT,3,0,0,0,STALE,2026-09-05T11:08:00+00:00,2026-09-05T17:40:00+00:00
SHP-3203,SELLER-266,WH-002,CAR-070,Bengaluru,Jaipur,IN_TRANSIT,3,0,0,0,STALE,2026-09-05T17:53:00+00:00,2026-09-06T00:32:00+00:00
SHP-3204,SELLER-355,WH-027,CAR-085,Bengaluru,Kolkata,IN_TRANSIT,3,0,0,0,STALE,2026-09-01T01:33:00+00:00,2026-09-01T04:26:00+00:00
SHP-3205,SELLER-111,WH-031,CAR-037,Ahmedabad,Delhi,IN_TRANSIT,3,0,0,0,STALE,2026-09-07T11:18:00+00:00,2026-09-07T19:33:00+00:00
SHP-3206,SELLER-081,WH-032,CAR-054,Delhi,Hyderabad,OUT_FOR_DELIVERY,4,0,0,0,STALE,2026-09-03T19:19:00+00:00,2026-09-04T05:04:00+00:00
SHP-3207,SELLER-425,WH-023,CAR-079,Jaipur,Mumbai,IN_TRANSIT,3,0,0,1,STALE,2026-09-05T17:43:00+00:00,2026-09-05T21:36:00+00:00
SHP-3208,SELLER-135,WH-002,CAR-080,Chennai,Hyderabad,IN_TRANSIT,3,0,0,0,STALE,2026-09-03T00:19:00+00:00,2026-09-03T03:31:00+00:00
SHP-3209,SELLER-133,WH-009,CAR-050,Ahmedabad,Chennai,OUT_FOR_DELIVERY,4,0,0,0,STALE,2026-09-06T12:15:00+00:00,2026-09-06T18:54:00+00:00
SHP-3210,SELLER-443,WH-038,CAR-025,Delhi,Jaipur,PICKED_UP,2,0,0,0,STALE,2026-09-02T02:22:00+00:00,2026-09-02T04:33:00+00:00
SHP-3211,SELLER-217,WH-001,CAR-070,Pune,Delhi,OUT_FOR_DELIVERY,4,0,0,0,STALE,2026-09-04T08:52:00+00:00,2026-09-04T17:45:00+00:00
SHP-3212,SELLER-295,WH-026,CAR-051,Hyderabad,Jaipur,CREATED,1,0,0,0,STALE,2026-09-02T01:31:00+00:00,2026-09-02T01:31:00+00:00
SHP-3213,SELLER-044,WH-014,CAR-018,Bengaluru,Jaipur,PICKED_UP,2,0,0,0,STALE,2026-09-07T12:33:00+00:00,2026-09-07T15:32:00+00:00
SHP-3214,SELLER-169,WH-024,CAR-007,Pune,Chennai,IN_TRANSIT,3,0,0,0,STALE,2026-09-06T18:52:00+00:00,2026-09-06T23:42:00+00:00
SHP-3215,SELLER-386,WH-038,CAR-010,Surat,Pune,CANCELLED,2,0,0,0,STALE,2026-09-05T16:37:00+00:00,2026-09-05T19:00:00+00:00
SHP-3216,SELLER-194,WH-018,CAR-040,Surat,Kolkata,OUT_FOR_DELIVERY,4,0,0,0,STALE,2026-09-04T07:00:00+00:00,2026-09-04T15:20:00+00:00
SHP-3217,SELLER-102,WH-008,CAR-064,Ahmedabad,Jaipur,OUT_FOR_DELIVERY,4,0,0,0,STALE,2026-09-04T02:39:00+00:00,2026-09-04T07:51:00+00:00
SHP-3218,SELLER-343,WH-047,CAR-088,Surat,Bengaluru,DELIVERED,5,0,0,0,STALE,2026-09-03T22:16:00+00:00,2026-09-04T06:55:00+00:00
SHP-3219,SELLER-121,WH-011,CAR-061,Mumbai,Bengaluru,PICKED_UP,2,0,0,0,STALE,2026-09-03T08:35:00+00:00,2026-09-03T09:27:00+00:00
SHP-3220,SELLER-104,WH-044,CAR-091,Hyderabad,Chennai,CREATED,1,0,0,0,STALE,2026-09-06T00:00:00+00:00,2026-09-06T00:00:00+00:00
SHP-3221,SELLER-310,WH-044,CAR-081,Mumbai,Ahmedabad,PICKED_UP,2,0,0,0,STALE,2026-09-03T05:24:00+00:00,2026-09-03T07:00:00+00:00
SHP-3222,SELLER-134,WH-014,CAR-032,Jaipur,Delhi,PICKED_UP,2,0,0,0,STALE,2026-09-02T05:25:00+00:00,2026-09-02T07:40:00+00:00
SHP-3223,SELLER-017,WH-026,CAR-070,Delhi,Kolkata,PICKED_UP,2,0,0,0,STALE,2026-09-07T06:28:00+00:00,2026-09-07T07:42:00+00:00
SHP-3224,SELLER-061,WH-044,CAR-072,Pune,Mumbai,OUT_FOR_DELIVERY,4,0,0,0,STALE,2026-09-06T20:25:00+00:00,2026-09-07T04:11:00+00:00
SHP-3225,SELLER-103,WH-014,CAR-067,Pune,Mumbai,OUT_FOR_DELIVERY,4,0,0,0,STALE,2026-09-05T17:07:00+00:00,2026-09-05T22:51:00+00:00
SHP-3226,SELLER-386,WH-043,CAR-089,Chennai,Ahmedabad,IN_TRANSIT,3,0,0,0,STALE,2026-09-02T10:41:00+00:00,2026-09-02T16:28:00+00:00
SHP-3227,SELLER-233,WH-034,CAR-099,Surat,Hyderabad,DELIVERED,5,0,0,0,STALE,2026-09-05T09:54:00+00:00,2026-09-05T18:06:00+00:00
SHP-3228,SELLER-316,WH-049,CAR-014,Pune,Jaipur,IN_TRANSIT,3,0,0,0,STALE,2026-09-06T03:29:00+00:00,2026-09-06T07:28:00+00:00
SHP-3229,SELLER-327,WH-024,CAR-045,Chennai,Mumbai,IN_TRANSIT,3,0,0,0,STALE,2026-09-04T19:26:00+00:00,2026-09-04T23:27:00+00:00
SHP-3230,SELLER-463,WH-018,CAR-007,Chennai,Jaipur,CREATED,1,0,0,0,STALE,2026-09-05T07:23:00+00:00,2026-09-05T07:23:00+00:00
SHP-3231,SELLER-173,WH-019,CAR-045,Ahmedabad,Pune,DELIVERED,5,0,0,0,STALE,2026-09-01T15:40:00+00:00,2026-09-02T00:14:00+00:00
SHP-3232,SELLER-331,WH-021,CAR-021,Jaipur,Surat,PICKED_UP,2,0,0,0,STALE,2026-09-02T07:38:00+00:00,2026-09-02T08:46:00+00:00
SHP-3233,SELLER-458,WH-020,CAR-026,Kolkata,Surat,OUT_FOR_DELIVERY,4,0,0,0,STALE,2026-09-05T03:36:00+00:00,2026-09-05T14:43:00+00:00
SHP-3234,SELLER-411,WH-043,CAR-074,Delhi,Chennai,PICKED_UP,2,0,0,0,STALE,2026-09-04T01:39:00+00:00,2026-09-04T04:13:00+00:00
SHP-3235,SELLER-258,WH-032,CAR-013,Mumbai,Jaipur,DELIVERED,5,0,0,0,STALE,2026-09-05T23:23:00+00:00,2026-09-06T09:03:00+00:00
SHP-3236,SELLER-267,WH-040,CAR-044,Jaipur,Delhi,IN_TRANSIT,3,0,0,0,STALE,2026-09-07T02:56:00+00:00,2026-09-07T09:22:00+00:00
SHP-3237,SELLER-356,WH-041,CAR-036,Mumbai,Jaipur,IN_TRANSIT,3,0,0,0,STALE,2026-09-04T09:42:00+00:00,2026-09-04T12:54:00+00:00
SHP-3238,SELLER-370,WH-003,CAR-075,Pune,Jaipur,DELIVERED,5,0,0,0,STALE,2026-09-02T16:08:00+00:00,2026-09-03T02:31:00+00:00
SHP-3239,SELLER-476,WH-002,CAR-026,Kolkata,Hyderabad,DELIVERED,5,0,0,1,STALE,2026-09-05T21:41:00+00:00,2026-09-06T05:38:00+00:00
SHP-3240,SELLER-361,WH-042,CAR-046,Mumbai,Kolkata,CREATED,1,0,0,0,STALE,2026-09-02T22:18:00+00:00,2026-09-02T22:18:00+00:00
SHP-3241,SELLER-144,WH-027,CAR-014,Kolkata,Bengaluru,PICKED_UP,2,0,0,0,STALE,2026-09-01T17:04:00+00:00,2026-09-01T17:46:00+00:00
SHP-3242,SELLER-301,WH-010,CAR-041,Mumbai,Hyderabad,IN_TRANSIT,3,0,0,0,STALE,2026-09-01T01:11:00+00:00,2026-09-01T05:57:00+00:00
SHP-3243,SELLER-346,WH-029,CAR-023,Surat,Bengaluru,OUT_FOR_DELIVERY,4,0,0,0,STALE,2026-09-05T05:04:00+00:00,2026-09-05T10:26:00+00:00
SHP-3244,SELLER-360,WH-050,CAR-038,Kolkata,Ahmedabad,DELIVERED,5,0,0,0,STALE,2026-09-04T05:19:00+00:00,2026-09-04T13:47:00+00:00
SHP-3245,SELLER-107,WH-046,CAR-038,Jaipur,Chennai,OUT_FOR_DELIVERY,4,0,0,0,STALE,2026-09-07T08:41:00+00:00,2026-09-07T13:58:00+00:00
SHP-3246,SELLER-188,WH-041,CAR-096,Surat,Chennai,DELIVERED,5,0,0,0,STALE,2026-09-04T07:22:00+00:00,2026-09-04T18:11:00+00:00
SHP-3247,SELLER-057,WH-036,CAR-093,Delhi,Mumbai,IN_TRANSIT,3,0,0,0,STALE,2026-09-07T01:05:00+00:00,2026-09-07T04:34:00+00:00
SHP-3248,SELLER-035,WH-034,CAR-049,Ahmedabad,Surat,CREATED,1,0,0,0,STALE,2026-09-01T23:11:00+00:00,2026-09-01T23:11:00+00:00
SHP-3249,SELLER-279,WH-004,CAR-020,Chennai,Surat,IN_TRANSIT,3,0,0,0,STALE,2026-09-05T12:59:00+00:00,2026-09-05T19:33:00+00:00
SHP-3250,SELLER-123,WH-023,CAR-055,Hyderabad,Kolkata,OUT_FOR_DELIVERY,4,0,0,0,STALE,2026-09-01T18:58:00+00:00,2026-09-02T02:14:00+00:00
SHP-3251,SELLER-157,WH-002,CAR-085,Delhi,Hyderabad,IN_TRANSIT,3,0,1,0,STALE,2026-09-03T23:39:00+00:00,2026-09-04T02:23:00+00:00
SHP-3252,SELLER-023,WH-039,CAR-083,Bengaluru,Hyderabad,IN_TRANSIT,3,0,0,0,STALE,2026-09-05T03:43:00+00:00,2026-09-05T08:42:00+00:00
SHP-3253,SELLER-401,WH-006,CAR-004,Pune,Jaipur,PICKED_UP,2,0,0,0,STALE,2026-09-03T10:10:00+00:00,2026-09-03T11:27:00+00:00
SHP-3254,SELLER-390,WH-019,CAR-070,Bengaluru,Chennai,OUT_FOR_DELIVERY,4,0,0,0,STALE,2026-09-07T13:25:00+00:00,2026-09-07T23:44:00+00:00
SHP-3255,SELLER-038,WH-001,CAR-088,Mumbai,Pune,OUT_FOR_DELIVERY,4,0,0,0,STALE,2026-09-04T10:40:00+00:00,2026-09-04T22:14:00+00:00
SHP-3256,SELLER-008,WH-013,CAR-087,Delhi,Chennai,CREATED,1,0,0,0,STALE,2026-09-06T03:26:00+00:00,2026-09-06T03:26:00+00:00
SHP-3257,SELLER-169,WH-040,CAR-079,Bengaluru,Chennai,PICKED_UP,2,0,0,0,STALE,2026-09-03T20:34:00+00:00,2026-09-03T23:19:00+00:00
SHP-3258,SELLER-107,WH-012,CAR-001,Hyderabad,Mumbai,OUT_FOR_DELIVERY,4,0,0,0,STALE,2026-09-03T14:40:00+00:00,2026-09-03T23:29:00+00:00
SHP-3259,SELLER-453,WH-008,CAR-020,Pune,Chennai,IN_TRANSIT,3,0,0,0,STALE,2026-09-01T15:13:00+00:00,2026-09-01T20:18:00+00:00
SHP-3260,SELLER-053,WH-030,CAR-050,Pune,Ahmedabad,DELIVERED,5,0,0,0,STALE,2026-09-02T23:35:00+00:00,2026-09-03T07:42:00+00:00
SHP-3261,SELLER-485,WH-024,CAR-051,Kolkata,Ahmedabad,PICKED_UP,2,0,0,0,STALE,2026-09-07T14:23:00+00:00,2026-09-07T16:16:00+00:00
SHP-3262,SELLER-291,WH-020,CAR-039,Mumbai,Kolkata,IN_TRANSIT,3,0,0,0,STALE,2026-09-03T08:48:00+00:00,2026-09-03T13:36:00+00:00
SHP-3263,SELLER-395,WH-033,CAR-046,Jaipur,Pune,DELIVERED,5,0,0,0,STALE,2026-09-06T15:54:00+00:00,2026-09-07T03:13:00+00:00
SHP-3264,SELLER-238,WH-039,CAR-094,Surat,Pune,DELIVERED,5,0,0,0,STALE,2026-09-04T20:03:00+00:00,2026-09-05T01:22:00+00:00
SHP-3265,SELLER-194,WH-040,CAR-064,Surat,Kolkata,CREATED,1,0,0,0,STALE,2026-09-07T04:56:00+00:00,2026-09-07T04:56:00+00:00
SHP-3266,SELLER-403,WH-050,CAR-039,Pune,Ahmedabad,DELIVERED,5,0,0,0,STALE,2026-09-05T10:25:00+00:00,2026-09-05T19:10:00+00:00
SHP-3267,SELLER-015,WH-041,CAR-079,Delhi,Chennai,PICKED_UP,2,0,0,0,STALE,2026-09-02T06:00:00+00:00,2026-09-02T07:27:00+00:00
SHP-3268,SELLER-370,WH-019,CAR-034,Pune,Delhi,DELIVERED,5,0,0,0,STALE,2026-09-05T07:13:00+00:00,2026-09-05T19:28:00+00:00
SHP-3269,SELLER-068,WH-044,CAR-077,Kolkata,Hyderabad,IN_TRANSIT,3,0,0,0,STALE,2026-09-07T09:00:00+00:00,2026-09-07T13:27:00+00:00
SHP-3270,SELLER-151,WH-037,CAR-078,Surat,Mumbai,IN_TRANSIT,3,0,0,0,STALE,2026-09-04T22:52:00+00:00,2026-09-05T04:44:00+00:00
SHP-3271,SELLER-243,WH-042,CAR-087,Kolkata,Mumbai,CREATED,1,0,0,0,STALE,2026-09-01T01:54:00+00:00,2026-09-01T01:54:00+00:00
SHP-3272,SELLER-355,WH-003,CAR-009,Jaipur,Mumbai,IN_TRANSIT,3,0,0,0,STALE,2026-09-04T10:26:00+00:00,2026-09-04T17:29:00+00:00
SHP-3273,SELLER-014,WH-037,CAR-070,Surat,Mumbai,DELIVERED,5,0,0,0,STALE,2026-09-01T14:41:00+00:00,2026-09-01T23:39:00+00:00
SHP-3274,SELLER-316,WH-032,CAR-047,Jaipur,Chennai,PICKED_UP,2,0,0,0,STALE,2026-09-04T07:25:00+00:00,2026-09-04T09:04:00+00:00
SHP-3275,SELLER-009,WH-044,CAR-066,Hyderabad,Mumbai,DELIVERED,5,0,0,0,STALE,2026-09-03T03:03:00+00:00,2026-09-03T12:40:00+00:00
SHP-3276,SELLER-455,WH-008,CAR-078,Bengaluru,Hyderabad,IN_TRANSIT,3,0,0,0,STALE,2026-09-06T02:15:00+00:00,2026-09-06T08:41:00+00:00
SHP-3277,SELLER-350,WH-026,CAR-012,Pune,Hyderabad,CREATED,1,0,0,0,STALE,2026-09-05T03:40:00+00:00,2026-09-05T03:40:00+00:00
SHP-3278,SELLER-088,WH-035,CAR-034,Jaipur,Chennai,IN_TRANSIT,3,0,0,0,STALE,2026-09-07T20:05:00+00:00,2026-09-08T03:15:00+00:00
SHP-3279,SELLER-299,WH-040,CAR-017,Delhi,Ahmedabad,IN_TRANSIT,3,0,0,0,STALE,2026-09-02T06:09:00+00:00,2026-09-02T13:00:00+00:00
SHP-3280,SELLER-255,WH-028,CAR-016,Bengaluru,Mumbai,PICKED_UP,2,0,0,0,STALE,2026-09-03T13:31:00+00:00,2026-09-03T14:20:00+00:00
SHP-3281,SELLER-133,WH-024,CAR-076,Pune,Mumbai,PICKED_UP,2,0,0,0,STALE,2026-09-06T08:09:00+00:00,2026-09-06T09:45:00+00:00
SHP-3282,SELLER-475,WH-041,CAR-085,Pune,Chennai,PICKED_UP,2,0,0,0,STALE,2026-09-05T01:54:00+00:00,2026-09-05T04:35:00+00:00
SHP-3283,SELLER-125,WH-047,CAR-070,Ahmedabad,Surat,IN_TRANSIT,3,0,0,0,STALE,2026-09-01T00:44:00+00:00,2026-09-01T05:21:00+00:00
SHP-3284,SELLER-243,WH-040,CAR-042,Delhi,Hyderabad,PICKED_UP,2,1,0,0,STALE,2026-09-04T00:37:00+00:00,2026-09-04T01:49:00+00:00
SHP-3285,SELLER-239,WH-049,CAR-098,Mumbai,Chennai,IN_TRANSIT,3,0,0,0,STALE,2026-09-06T12:28:00+00:00,2026-09-06T16:04:00+00:00
SHP-3286,SELLER-486,WH-012,CAR-023,Bengaluru,Surat,DELIVERED,5,0,0,0,STALE,2026-09-03T01:26:00+00:00,2026-09-03T10:40:00+00:00
SHP-3287,SELLER-301,WH-023,CAR-061,Mumbai,Bengaluru,DELIVERED,5,0,0,1,STALE,2026-09-02T14:33:00+00:00,2026-09-02T23:42:00+00:00
SHP-3288,SELLER-277,WH-050,CAR-084,Chennai,Mumbai,PICKED_UP,2,0,0,0,STALE,2026-09-06T14:24:00+00:00,2026-09-06T15:47:00+00:00
SHP-3289,SELLER-379,WH-043,CAR-061,Surat,Delhi,PICKED_UP,2,0,0,0,STALE,2026-09-02T00:48:00+00:00,2026-09-02T02:15:00+00:00
SHP-3290,SELLER-120,WH-027,CAR-065,Delhi,Chennai,CREATED,1,0,0,0,STALE,2026-09-04T19:23:00+00:00,2026-09-04T19:23:00+00:00
SHP-3291,SELLER-314,WH-045,CAR-063,Surat,Pune,IN_TRANSIT,3,1,0,0,STALE,2026-09-04T06:34:00+00:00,2026-09-04T09:15:00+00:00
SHP-3292,SELLER-071,WH-007,CAR-017,Hyderabad,Bengaluru,IN_TRANSIT,3,0,0,0,STALE,2026-09-05T07:04:00+00:00,2026-09-05T11:35:00+00:00
SHP-3293,SELLER-066,WH-008,CAR-097,Chennai,Pune,CREATED,1,0,0,0,STALE,2026-09-02T03:25:00+00:00,2026-09-02T03:25:00+00:00
SHP-3294,SELLER-123,WH-018,CAR-033,Surat,Pune,IN_TRANSIT,3,0,0,0,STALE,2026-09-07T14:22:00+00:00,2026-09-07T20:27:00+00:00
SHP-3295,SELLER-477,WH-038,CAR-033,Kolkata,Hyderabad,OUT_FOR_DELIVERY,4,0,0,0,STALE,2026-09-07T15:27:00+00:00,2026-09-07T21:35:00+00:00
SHP-3296,SELLER-056,WH-029,CAR-047,Pune,Chennai,IN_TRANSIT,3,0,0,0,STALE,2026-09-07T16:14:00+00:00,2026-09-07T21:25:00+00:00
SHP-3297,SELLER-411,WH-024,CAR-063,Hyderabad,Surat,CREATED,1,0,0,0,STALE,2026-09-04T07:50:00+00:00,2026-09-04T07:50:00+00:00
SHP-3298,SELLER-082,WH-021,CAR-018,Jaipur,Surat,IN_TRANSIT,3,0,0,0,STALE,2026-09-05T11:33:00+00:00,2026-09-05T14:52:00+00:00
SHP-3299,SELLER-244,WH-036,CAR-038,Delhi,Mumbai,PICKED_UP,2,0,0,0,STALE,2026-09-07T18:44:00+00:00,2026-09-07T20:11:00+00:00
SHP-3300,SELLER-256,WH-022,CAR-034,Jaipur,Chennai,IN_TRANSIT,3,0,0,0,STALE,2026-09-06T13:10:00+00:00,2026-09-06T20:28:00+00:00
SHP-3301,SELLER-078,WH-011,CAR-033,Mumbai,Chennai,CANCELLED,2,0,0,0,STALE,2026-09-01T00:24:00+00:00,2026-09-01T03:08:00+00:00
SHP-3302,SELLER-148,WH-031,CAR-018,Delhi,Hyderabad,DELIVERED,5,0,0,0,STALE,2026-09-06T04:19:00+00:00,2026-09-06T13:38:00+00:00
SHP-3303,SELLER-121,WH-039,CAR-078,Jaipur,Surat,DELIVERED,5,0,0,0,STALE,2026-09-06T04:31:00+00:00,2026-09-06T16:17:00+00:00
SHP-3304,SELLER-457,WH-012,CAR-054,Chennai,Delhi,DELIVERED,5,0,0,0,STALE,2026-09-07T00:01:00+00:00,2026-09-07T08:27:00+00:00
SHP-3305,SELLER-271,WH-008,CAR-013,Surat,Hyderabad,PICKED_UP,2,0,0,0,STALE,2026-09-02T08:47:00+00:00,2026-09-02T11:40:00+00:00
SHP-3306,SELLER-211,WH-017,CAR-025,Chennai,Pune,PICKED_UP,2,0,0,0,STALE,2026-09-04T12:17:00+00:00,2026-09-04T13:35:00+00:00
SHP-3307,SELLER-394,WH-039,CAR-057,Delhi,Bengaluru,PICKED_UP,2,0,0,0,STALE,2026-09-07T10:18:00+00:00,2026-09-07T11:35:00+00:00
SHP-3308,SELLER-321,WH-050,CAR-005,Bengaluru,Delhi,OUT_FOR_DELIVERY,4,0,0,0,STALE,2026-09-06T05:29:00+00:00,2026-09-06T13:13:00+00:00
SHP-3309,SELLER-492,WH-011,CAR-040,Hyderabad,Jaipur,IN_TRANSIT,3,0,0,0,STALE,2026-09-07T12:25:00+00:00,2026-09-07T17:24:00+00:00
SHP-3310,SELLER-277,WH-038,CAR-056,Surat,Mumbai,CREATED,1,0,0,0,STALE,2026-09-04T10:49:00+00:00,2026-09-04T10:49:00+00:00
SHP-3311,SELLER-292,WH-033,CAR-085,Delhi,Jaipur,OUT_FOR_DELIVERY,4,0,0,0,STALE,2026-09-04T04:43:00+00:00,2026-09-04T16:01:00+00:00
SHP-3312,SELLER-047,WH-050,CAR-073,Ahmedabad,Jaipur,IN_TRANSIT,3,0,0,0,STALE,2026-09-05T01:26:00+00:00,2026-09-05T09:18:00+00:00
SHP-3313,SELLER-152,WH-002,CAR-097,Delhi,Jaipur,IN_TRANSIT,3,0,0,0,STALE,2026-09-01T16:08:00+00:00,2026-09-01T22:11:00+00:00
SHP-3314,SELLER-018,WH-002,CAR-028,Pune,Ahmedabad,OUT_FOR_DELIVERY,4,0,0,0,STALE,2026-09-04T23:14:00+00:00,2026-09-05T06:59:00+00:00
SHP-3315,SELLER-355,WH-035,CAR-035,Kolkata,Surat,CREATED,1,0,0,0,STALE,2026-09-05T10:03:00+00:00,2026-09-05T10:03:00+00:00
SHP-3316,SELLER-441,WH-004,CAR-023,Mumbai,Chennai,IN_TRANSIT,3,0,0,0,STALE,2026-09-01T21:14:00+00:00,2026-09-02T00:32:00+00:00
SHP-3317,SELLER-306,WH-043,CAR-067,Bengaluru,Hyderabad,DELIVERED,5,1,0,0,STALE,2026-09-01T23:36:00+00:00,2026-09-02T06:29:00+00:00
SHP-3318,SELLER-443,WH-010,CAR-074,Delhi,Pune,PICKED_UP,2,0,0,0,STALE,2026-09-05T11:24:00+00:00,2026-09-05T13:05:00+00:00
SHP-3319,SELLER-309,WH-006,CAR-039,Kolkata,Pune,DELIVERED,5,0,0,0,STALE,2026-09-01T14:37:00+00:00,2026-09-01T23:31:00+00:00
SHP-3320,SELLER-382,WH-009,CAR-022,Pune,Jaipur,IN_TRANSIT,3,0,0,0,STALE,2026-09-06T14:37:00+00:00,2026-09-06T20:50:00+00:00
SHP-3321,SELLER-388,WH-011,CAR-089,Bengaluru,Pune,IN_TRANSIT,3,0,0,0,STALE,2026-09-05T20:32:00+00:00,2026-09-06T01:51:00+00:00
SHP-3322,SELLER-317,WH-042,CAR-051,Bengaluru,Hyderabad,PICKED_UP,2,0,0,0,STALE,2026-09-06T19:41:00+00:00,2026-09-06T22:15:00+00:00
SHP-3323,SELLER-024,WH-008,CAR-045,Pune,Kolkata,PICKED_UP,2,0,0,0,STALE,2026-09-07T10:35:00+00:00,2026-09-07T12:39:00+00:00
SHP-3324,SELLER-328,WH-047,CAR-088,Kolkata,Hyderabad,DELIVERED,5,0,0,0,STALE,2026-09-03T21:39:00+00:00,2026-09-04T08:15:00+00:00
SHP-3325,SELLER-174,WH-034,CAR-092,Kolkata,Pune,CANCELLED,2,0,0,0,STALE,2026-09-03T13:16:00+00:00,2026-09-03T14:52:00+00:00
SHP-3326,SELLER-392,WH-040,CAR-058,Surat,Ahmedabad,PICKED_UP,2,0,0,0,STALE,2026-09-04T23:25:00+00:00,2026-09-05T00:36:00+00:00
SHP-3327,SELLER-435,WH-020,CAR-028,Pune,Surat,PICKED_UP,2,0,0,0,STALE,2026-09-06T10:22:00+00:00,2026-09-06T12:35:00+00:00
SHP-3328,SELLER-271,WH-021,CAR-008,Ahmedabad,Surat,DELIVERED,5,0,1,0,STALE,2026-09-05T21:43:00+00:00,2026-09-06T05:22:00+00:00
SHP-3329,SELLER-134,WH-024,CAR-014,Mumbai,Hyderabad,OUT_FOR_DELIVERY,4,0,0,0,STALE,2026-09-02T19:20:00+00:00,2026-09-03T02:46:00+00:00
SHP-3330,SELLER-450,WH-001,CAR-093,Delhi,Pune,DELIVERED,5,0,0,0,STALE,2026-09-05T09:18:00+00:00,2026-09-05T18:45:00+00:00
SHP-3331,SELLER-193,WH-005,CAR-029,Bengaluru,Delhi,PICKED_UP,2,0,0,0,STALE,2026-09-05T15:14:00+00:00,2026-09-05T16:11:00+00:00
SHP-3332,SELLER-426,WH-043,CAR-037,Mumbai,Bengaluru,PICKED_UP,2,0,0,0,STALE,2026-09-06T14:38:00+00:00,2026-09-06T17:23:00+00:00
SHP-3333,SELLER-114,WH-010,CAR-091,Jaipur,Hyderabad,CREATED,1,0,0,0,STALE,2026-09-02T00:57:00+00:00,2026-09-02T00:57:00+00:00
SHP-3334,SELLER-040,WH-013,CAR-005,Chennai,Jaipur,CREATED,1,0,0,0,STALE,2026-09-06T05:35:00+00:00,2026-09-06T05:35:00+00:00
SHP-3335,SELLER-271,WH-017,CAR-053,Ahmedabad,Bengaluru,IN_TRANSIT,3,0,0,0,STALE,2026-09-06T10:00:00+00:00,2026-09-06T18:23:00+00:00
SHP-3336,SELLER-087,WH-032,CAR-040,Pune,Bengaluru,CREATED,1,0,0,0,STALE,2026-09-01T04:25:00+00:00,2026-09-01T04:25:00+00:00
SHP-3337,SELLER-327,WH-039,CAR-084,Ahmedabad,Jaipur,PICKED_UP,2,0,0,0,STALE,2026-09-01T00:26:00+00:00,2026-09-01T02:54:00+00:00
SHP-3338,SELLER-323,WH-044,CAR-089,Pune,Ahmedabad,OUT_FOR_DELIVERY,4,0,1,0,STALE,2026-09-01T19:28:00+00:00,2026-09-02T00:19:00+00:00
SHP-3339,SELLER-004,WH-010,CAR-097,Delhi,Chennai,OUT_FOR_DELIVERY,4,0,0,0,STALE,2026-09-02T22:13:00+00:00,2026-09-03T04:14:00+00:00
SHP-3340,SELLER-376,WH-025,CAR-073,Chennai,Kolkata,OUT_FOR_DELIVERY,4,0,0,0,STALE,2026-09-02T06:33:00+00:00,2026-09-02T15:12:00+00:00
SHP-3341,SELLER-157,WH-006,CAR-011,Pune,Chennai,DELIVERED,5,0,0,0,STALE,2026-09-07T08:32:00+00:00,2026-09-07T15:44:00+00:00
SHP-3342,SELLER-056,WH-005,CAR-063,Bengaluru,Chennai,DELIVERED,5,0,0,0,STALE,2026-09-03T21:08:00+00:00,2026-09-04T04:54:00+00:00
SHP-3343,SELLER-026,WH-022,CAR-090,Ahmedabad,Kolkata,IN_TRANSIT,3,0,0,0,STALE,2026-09-04T17:45:00+00:00,2026-09-04T23:32:00+00:00
SHP-3344,SELLER-092,WH-015,CAR-015,Ahmedabad,Kolkata,PICKED_UP,2,1,0,0,STALE,2026-09-06T00:52:00+00:00,2026-09-06T01:53:00+00:00
SHP-3345,SELLER-009,WH-026,CAR-012,Chennai,Delhi,CREATED,1,0,0,0,STALE,2026-09-02T04:54:00+00:00,2026-09-02T04:54:00+00:00
SHP-3346,SELLER-213,WH-029,CAR-055,Ahmedabad,Hyderabad,PICKED_UP,2,0,0,0,STALE,2026-09-02T21:39:00+00:00,2026-09-03T00:19:00+00:00
SHP-3347,SELLER-100,WH-040,CAR-008,Bengaluru,Kolkata,IN_TRANSIT,3,0,0,0,STALE,2026-09-03T14:54:00+00:00,2026-09-03T22:35:00+00:00
SHP-3348,SELLER-324,WH-011,CAR-091,Surat,Pune,DELIVERED,5,0,0,0,STALE,2026-09-04T13:09:00+00:00,2026-09-04T23:41:00+00:00
SHP-3349,SELLER-435,WH-017,CAR-094,Hyderabad,Ahmedabad,PICKED_UP,2,0,0,0,STALE,2026-09-06T06:06:00+00:00,2026-09-06T07:38:00+00:00
SHP-3350,SELLER-177,WH-013,CAR-033,Delhi,Jaipur,IN_TRANSIT,3,0,0,0,STALE,2026-09-07T14:55:00+00:00,2026-09-07T18:23:00+00:00
SHP-3351,SELLER-219,WH-021,CAR-033,Jaipur,Hyderabad,CREATED,1,0,0,0,STALE,2026-09-04T11:19:00+00:00,2026-09-04T11:19:00+00:00
SHP-3352,SELLER-395,WH-019,CAR-055,Hyderabad,Pune,IN_TRANSIT,3,0,0,0,STALE,2026-09-01T16:00:00+00:00,2026-09-01T20:10:00+00:00
SHP-3353,SELLER-388,WH-037,CAR-038,Kolkata,Chennai,IN_TRANSIT,3,0,0,0,STALE,2026-09-07T07:02:00+00:00,2026-09-07T12:17:00+00:00
SHP-3354,SELLER-214,WH-033,CAR-021,Delhi,Surat,IN_TRANSIT,3,0,0,0,STALE,2026-09-05T17:25:00+00:00,2026-09-05T22:14:00+00:00
SHP-3355,SELLER-315,WH-036,CAR-001,Mumbai,Hyderabad,PICKED_UP,2,0,0,0,STALE,2026-09-06T07:26:00+00:00,2026-09-06T08:14:00+00:00
SHP-3356,SELLER-247,WH-001,CAR-013,Hyderabad,Mumbai,CREATED,1,0,0,0,STALE,2026-09-01T21:34:00+00:00,2026-09-01T21:34:00+00:00
SHP-3357,SELLER-384,WH-050,CAR-068,Mumbai,Ahmedabad,DELIVERED,5,0,0,0,STALE,2026-09-03T09:51:00+00:00,2026-09-03T18:04:00+00:00
SHP-3358,SELLER-193,WH-013,CAR-077,Ahmedabad,Kolkata,CREATED,1,0,0,0,STALE,2026-09-05T23:55:00+00:00,2026-09-05T23:55:00+00:00
SHP-3359,SELLER-386,WH-049,CAR-018,Mumbai,Pune,CREATED,1,0,0,0,STALE,2026-09-07T20:49:00+00:00,2026-09-07T20:49:00+00:00
SHP-3360,SELLER-425,WH-006,CAR-008,Bengaluru,Kolkata,PICKED_UP,2,0,0,0,STALE,2026-09-01T04:07:00+00:00,2026-09-01T05:12:00+00:00
SHP-3361,SELLER-347,WH-025,CAR-043,Pune,Hyderabad,CREATED,1,0,0,0,STALE,2026-09-05T16:47:00+00:00,2026-09-05T16:47:00+00:00
SHP-3362,SELLER-284,WH-001,CAR-082,Jaipur,Delhi,IN_TRANSIT,3,0,0,0,STALE,2026-09-03T05:58:00+00:00,2026-09-03T09:59:00+00:00
SHP-3363,SELLER-383,WH-004,CAR-059,Kolkata,Chennai,DELIVERED,5,0,0,0,STALE,2026-09-06T17:20:00+00:00,2026-09-07T00:26:00+00:00
SHP-3364,SELLER-375,WH-025,CAR-015,Hyderabad,Chennai,IN_TRANSIT,3,0,0,0,STALE,2026-09-03T07:05:00+00:00,2026-09-03T13:27:00+00:00
SHP-3365,SELLER-183,WH-035,CAR-037,Ahmedabad,Hyderabad,PICKED_UP,2,0,0,0,STALE,2026-09-07T15:27:00+00:00,2026-09-07T18:02:00+00:00
SHP-3366,SELLER-302,WH-031,CAR-021,Hyderabad,Pune,DELIVERED,5,0,0,0,STALE,2026-09-06T05:07:00+00:00,2026-09-06T13:07:00+00:00
SHP-3367,SELLER-005,WH-008,CAR-039,Surat,Pune,CREATED,1,0,0,0,STALE,2026-09-06T09:13:00+00:00,2026-09-06T09:13:00+00:00
SHP-3368,SELLER-270,WH-021,CAR-036,Kolkata,Chennai,IN_TRANSIT,3,0,0,0,STALE,2026-09-01T08:33:00+00:00,2026-09-01T13:00:00+00:00
SHP-3369,SELLER-402,WH-014,CAR-031,Surat,Kolkata,DELIVERED,5,0,0,0,STALE,2026-09-01T02:17:00+00:00,2026-09-01T10:47:00+00:00
SHP-3370,SELLER-055,WH-012,CAR-046,Delhi,Kolkata,IN_TRANSIT,3,0,0,0,STALE,2026-09-06T13:39:00+00:00,2026-09-06T16:12:00+00:00
SHP-3371,SELLER-122,WH-043,CAR-027,Kolkata,Surat,PICKED_UP,2,0,0,0,STALE,2026-09-02T14:47:00+00:00,2026-09-02T17:41:00+00:00
SHP-3372,SELLER-220,WH-038,CAR-040,Hyderabad,Chennai,IN_TRANSIT,3,0,0,0,STALE,2026-09-07T05:32:00+00:00,2026-09-07T09:09:00+00:00
SHP-3373,SELLER-043,WH-004,CAR-045,Hyderabad,Surat,DELIVERED,5,0,0,0,STALE,2026-09-02T23:32:00+00:00,2026-09-03T08:50:00+00:00
SHP-3374,SELLER-001,WH-042,CAR-077,Surat,Delhi,DELIVERED,5,0,0,0,STALE,2026-09-05T18:52:00+00:00,2026-09-06T05:36:00+00:00
SHP-3375,SELLER-226,WH-048,CAR-046,Bengaluru,Ahmedabad,IN_TRANSIT,3,0,0,0,STALE,2026-09-07T17:52:00+00:00,2026-09-07T23:16:00+00:00
SHP-3376,SELLER-141,WH-019,CAR-011,Pune,Hyderabad,DELIVERED,5,0,0,0,STALE,2026-09-03T16:36:00+00:00,2026-09-04T01:27:00+00:00
SHP-3377,SELLER-266,WH-003,CAR-051,Bengaluru,Hyderabad,OUT_FOR_DELIVERY,4,0,0,0,STALE,2026-09-05T15:38:00+00:00,2026-09-05T21:59:00+00:00
SHP-3378,SELLER-205,WH-006,CAR-026,Bengaluru,Jaipur,OUT_FOR_DELIVERY,4,0,0,0,STALE,2026-09-03T17:39:00+00:00,2026-09-04T03:59:00+00:00
SHP-3379,SELLER-003,WH-030,CAR-083,Hyderabad,Pune,DELIVERED,5,0,0,0,STALE,2026-09-06T03:04:00+00:00,2026-09-06T12:18:00+00:00
SHP-3380,SELLER-454,WH-024,CAR-029,Chennai,Ahmedabad,PICKED_UP,2,0,0,0,STALE,2026-09-04T18:47:00+00:00,2026-09-04T20:47:00+00:00
SHP-3381,SELLER-448,WH-004,CAR-059,Bengaluru,Chennai,DELIVERED,5,0,1,0,STALE,2026-09-04T19:54:00+00:00,2026-09-05T05:39:00+00:00
SHP-3382,SELLER-216,WH-033,CAR-079,Pune,Kolkata,PICKED_UP,2,0,0,0,STALE,2026-09-03T09:07:00+00:00,2026-09-03T11:15:00+00:00
SHP-3383,SELLER-055,WH-042,CAR-091,Hyderabad,Mumbai,PICKED_UP,2,0,0,0,STALE,2026-09-04T02:16:00+00:00,2026-09-04T03:52:00+00:00
SHP-3384,SELLER-433,WH-014,CAR-041,Surat,Pune,CREATED,1,0,0,0,STALE,2026-09-01T01:27:00+00:00,2026-09-01T01:27:00+00:00
SHP-3385,SELLER-283,WH-043,CAR-088,Delhi,Bengaluru,DELIVERED,5,0,0,0,STALE,2026-09-06T13:19:00+00:00,2026-09-06T23:17:00+00:00
SHP-3386,SELLER-414,WH-015,CAR-072,Mumbai,Surat,IN_TRANSIT,3,0,0,0,STALE,2026-09-07T20:54:00+00:00,2026-09-07T23:25:00+00:00
SHP-3387,SELLER-382,WH-001,CAR-014,Jaipur,Bengaluru,DELIVERED,5,0,0,0,STALE,2026-09-05T21:42:00+00:00,2026-09-06T06:19:00+00:00
SHP-3388,SELLER-465,WH-026,CAR-056,Kolkata,Mumbai,IN_TRANSIT,3,0,0,0,STALE,2026-09-06T13:35:00+00:00,2026-09-06T19:19:00+00:00
SHP-3389,SELLER-123,WH-021,CAR-018,Ahmedabad,Pune,DELIVERED,5,0,0,0,STALE,2026-09-04T22:06:00+00:00,2026-09-05T05:23:00+00:00
SHP-3390,SELLER-306,WH-008,CAR-059,Delhi,Jaipur,CREATED,1,0,0,0,STALE,2026-09-04T18:02:00+00:00,2026-09-04T18:02:00+00:00
SHP-3391,SELLER-274,WH-045,CAR-025,Pune,Delhi,IN_TRANSIT,3,0,0,0,STALE,2026-09-03T05:18:00+00:00,2026-09-03T09:44:00+00:00
SHP-3392,SELLER-160,WH-038,CAR-054,Jaipur,Ahmedabad,PICKED_UP,2,0,0,0,STALE,2026-09-04T10:20:00+00:00,2026-09-04T12:39:00+00:00
SHP-3393,SELLER-073,WH-008,CAR-066,Ahmedabad,Chennai,IN_TRANSIT,3,0,0,0,STALE,2026-09-07T08:17:00+00:00,2026-09-07T14:35:00+00:00
SHP-3394,SELLER-144,WH-003,CAR-100,Kolkata,Bengaluru,PICKED_UP,2,0,0,0,STALE,2026-09-01T17:46:00+00:00,2026-09-01T18:32:00+00:00
SHP-3395,SELLER-028,WH-035,CAR-091,Pune,Kolkata,OUT_FOR_DELIVERY,4,0,0,0,STALE,2026-09-07T09:38:00+00:00,2026-09-07T17:57:00+00:00
SHP-3396,SELLER-123,WH-042,CAR-067,Chennai,Kolkata,DELIVERED,5,0,0,0,STALE,2026-09-01T23:49:00+00:00,2026-09-02T09:58:00+00:00
SHP-3397,SELLER-444,WH-016,CAR-078,Chennai,Hyderabad,DELIVERED,5,0,0,0,STALE,2026-09-06T00:18:00+00:00,2026-09-06T10:44:00+00:00
SHP-3398,SELLER-462,WH-001,CAR-028,Hyderabad,Bengaluru,IN_TRANSIT,3,0,0,0,STALE,2026-09-03T19:02:00+00:00,2026-09-04T02:50:00+00:00
SHP-3399,SELLER-469,WH-004,CAR-028,Mumbai,Bengaluru,IN_TRANSIT,3,0,0,0,STALE,2026-09-05T11:44:00+00:00,2026-09-05T17:21:00+00:00
SHP-3400,SELLER-256,WH-046,CAR-083,Surat,Ahmedabad,IN_TRANSIT,3,0,0,0,STALE,2026-09-06T19:48:00+00:00,2026-09-07T01:49:00+00:00
SHP-3401,SELLER-051,WH-019,CAR-077,Mumbai,Jaipur,DELIVERED,5,0,0,0,FRESH,2026-09-07T20:16:00+00:00,2026-09-08T06:49:00+00:00
SHP-3402,SELLER-441,WH-042,CAR-093,Chennai,Delhi,OUT_FOR_DELIVERY,4,0,0,0,STALE,2026-09-06T21:06:00+00:00,2026-09-07T06:13:00+00:00
SHP-3403,SELLER-483,WH-025,CAR-043,Bengaluru,Hyderabad,CANCELLED,2,0,0,0,STALE,2026-09-04T14:31:00+00:00,2026-09-04T16:07:00+00:00
SHP-3404,SELLER-376,WH-029,CAR-053,Kolkata,Mumbai,CANCELLED,2,0,0,0,STALE,2026-09-03T12:52:00+00:00,2026-09-03T14:48:00+00:00
SHP-3405,SELLER-244,WH-028,CAR-007,Chennai,Ahmedabad,DELIVERED,5,0,0,0,STALE,2026-09-01T19:17:00+00:00,2026-09-02T06:30:00+00:00
SHP-3406,SELLER-204,WH-005,CAR-019,Surat,Ahmedabad,IN_TRANSIT,3,0,0,0,STALE,2026-09-05T06:52:00+00:00,2026-09-05T11:35:00+00:00
SHP-3407,SELLER-370,WH-015,CAR-016,Kolkata,Chennai,DELIVERED,5,0,0,0,STALE,2026-09-06T19:50:00+00:00,2026-09-07T05:17:00+00:00
SHP-3408,SELLER-393,WH-022,CAR-074,Bengaluru,Kolkata,CREATED,1,0,0,0,STALE,2026-09-01T08:03:00+00:00,2026-09-01T08:03:00+00:00
SHP-3409,SELLER-144,WH-007,CAR-087,Ahmedabad,Bengaluru,PICKED_UP,2,0,0,0,STALE,2026-09-03T20:41:00+00:00,2026-09-03T22:13:00+00:00
SHP-3410,SELLER-105,WH-020,CAR-082,Delhi,Kolkata,CREATED,1,0,0,0,STALE,2026-09-06T00:06:00+00:00,2026-09-06T00:06:00+00:00
SHP-3411,SELLER-411,WH-033,CAR-074,Ahmedabad,Pune,PICKED_UP,2,0,0,0,STALE,2026-09-01T20:26:00+00:00,2026-09-01T22:56:00+00:00
SHP-3412,SELLER-373,WH-019,CAR-094,Delhi,Chennai,CREATED,1,0,0,0,STALE,2026-09-02T04:17:00+00:00,2026-09-02T04:17:00+00:00
SHP-3413,SELLER-070,WH-032,CAR-035,Jaipur,Delhi,CREATED,1,0,0,0,STALE,2026-09-04T21:01:00+00:00,2026-09-04T21:01:00+00:00
SHP-3414,SELLER-463,WH-031,CAR-099,Kolkata,Bengaluru,OUT_FOR_DELIVERY,4,0,0,0,STALE,2026-09-06T13:53:00+00:00,2026-09-06T19:00:00+00:00
SHP-3415,SELLER-330,WH-041,CAR-041,Mumbai,Ahmedabad,IN_TRANSIT,3,0,0,0,STALE,2026-09-06T11:27:00+00:00,2026-09-06T18:39:00+00:00
SHP-3416,SELLER-428,WH-050,CAR-028,Ahmedabad,Surat,IN_TRANSIT,3,0,0,0,STALE,2026-09-06T02:29:00+00:00,2026-09-06T09:17:00+00:00
SHP-3417,SELLER-438,WH-045,CAR-084,Surat,Mumbai,IN_TRANSIT,3,0,0,0,STALE,2026-09-06T10:36:00+00:00,2026-09-06T17:55:00+00:00
SHP-3418,SELLER-378,WH-018,CAR-040,Kolkata,Delhi,IN_TRANSIT,3,0,0,0,STALE,2026-09-04T07:14:00+00:00,2026-09-04T12:58:00+00:00
SHP-3419,SELLER-401,WH-019,CAR-055,Kolkata,Hyderabad,OUT_FOR_DELIVERY,4,0,0,0,STALE,2026-09-01T23:56:00+00:00,2026-09-02T09:22:00+00:00
SHP-3420,SELLER-108,WH-047,CAR-075,Delhi,Chennai,IN_TRANSIT,3,0,0,1,STALE,2026-09-05T13:57:00+00:00,2026-09-05T20:37:00+00:00
SHP-3421,SELLER-440,WH-019,CAR-042,Ahmedabad,Pune,DELIVERED,5,0,0,0,STALE,2026-09-03T10:32:00+00:00,2026-09-03T17:35:00+00:00
SHP-3422,SELLER-010,WH-017,CAR-010,Delhi,Chennai,IN_TRANSIT,3,0,0,0,STALE,2026-09-04T11:32:00+00:00,2026-09-04T17:18:00+00:00
SHP-3423,SELLER-147,WH-050,CAR-073,Delhi,Ahmedabad,IN_TRANSIT,3,0,0,0,STALE,2026-09-02T15:43:00+00:00,2026-09-02T20:35:00+00:00
SHP-3424,SELLER-036,WH-004,CAR-007,Delhi,Kolkata,PICKED_UP,2,0,0,0,STALE,2026-09-07T00:13:00+00:00,2026-09-07T01:52:00+00:00
SHP-3425,SELLER-307,WH-039,CAR-050,Surat,Ahmedabad,IN_TRANSIT,3,0,0,0,STALE,2026-09-03T13:07:00+00:00,2026-09-03T19:16:00+00:00
SHP-3426,SELLER-283,WH-047,CAR-052,Jaipur,Surat,CREATED,1,0,0,0,STALE,2026-09-06T20:00:00+00:00,2026-09-06T20:00:00+00:00
SHP-3427,SELLER-492,WH-029,CAR-027,Jaipur,Pune,DELIVERED,5,0,0,0,STALE,2026-09-02T03:59:00+00:00,2026-09-02T15:54:00+00:00
SHP-3428,SELLER-069,WH-008,CAR-075,Surat,Jaipur,CREATED,1,0,0,0,STALE,2026-09-06T21:00:00+00:00,2026-09-06T21:00:00+00:00
SHP-3429,SELLER-473,WH-039,CAR-052,Bengaluru,Hyderabad,DELIVERED,5,0,0,0,STALE,2026-09-04T07:00:00+00:00,2026-09-04T13:50:00+00:00
SHP-3430,SELLER-234,WH-048,CAR-057,Jaipur,Pune,DELIVERED,5,0,0,0,STALE,2026-09-03T14:30:00+00:00,2026-09-04T02:30:00+00:00
SHP-3431,SELLER-111,WH-045,CAR-063,Hyderabad,Bengaluru,OUT_FOR_DELIVERY,4,0,0,0,STALE,2026-09-02T19:05:00+00:00,2026-09-03T01:34:00+00:00
SHP-3432,SELLER-180,WH-007,CAR-068,Jaipur,Hyderabad,OUT_FOR_DELIVERY,4,0,0,0,STALE,2026-09-02T06:19:00+00:00,2026-09-02T13:18:00+00:00
SHP-3433,SELLER-094,WH-017,CAR-060,Pune,Chennai,IN_TRANSIT,3,0,0,0,STALE,2026-09-04T23:05:00+00:00,2026-09-05T01:29:00+00:00
SHP-3434,SELLER-476,WH-044,CAR-091,Hyderabad,Chennai,IN_TRANSIT,3,0,0,1,STALE,2026-09-05T00:54:00+00:00,2026-09-05T06:47:00+00:00
SHP-3435,SELLER-478,WH-045,CAR-073,Delhi,Kolkata,IN_TRANSIT,3,1,0,0,STALE,2026-09-04T13:28:00+00:00,2026-09-04T20:38:00+00:00
SHP-3436,SELLER-311,WH-032,CAR-048,Hyderabad,Chennai,DELIVERED,5,0,0,0,STALE,2026-09-04T15:48:00+00:00,2026-09-04T23:30:00+00:00
SHP-3437,SELLER-083,WH-010,CAR-090,Pune,Hyderabad,DELIVERED,5,1,0,0,STALE,2026-09-05T07:27:00+00:00,2026-09-05T18:19:00+00:00
SHP-3438,SELLER-241,WH-049,CAR-089,Pune,Chennai,DELIVERED,5,0,0,0,STALE,2026-09-01T10:34:00+00:00,2026-09-01T14:18:00+00:00
SHP-3439,SELLER-176,WH-001,CAR-007,Bengaluru,Ahmedabad,IN_TRANSIT,3,0,0,0,STALE,2026-09-01T22:05:00+00:00,2026-09-02T03:00:00+00:00
SHP-3440,SELLER-444,WH-017,CAR-033,Kolkata,Pune,DELIVERED,5,0,0,0,STALE,2026-09-04T20:29:00+00:00,2026-09-05T05:45:00+00:00
SHP-3441,SELLER-206,WH-037,CAR-077,Chennai,Hyderabad,DELIVERED,5,0,0,0,STALE,2026-09-03T17:07:00+00:00,2026-09-04T00:13:00+00:00
SHP-3442,SELLER-007,WH-028,CAR-027,Pune,Mumbai,OUT_FOR_DELIVERY,4,0,0,0,STALE,2026-09-01T17:23:00+00:00,2026-09-02T03:10:00+00:00
SHP-3443,SELLER-193,WH-037,CAR-077,Chennai,Surat,CREATED,1,0,0,0,STALE,2026-09-04T03:12:00+00:00,2026-09-04T03:12:00+00:00
SHP-3444,SELLER-068,WH-035,CAR-057,Jaipur,Pune,CREATED,1,0,0,0,STALE,2026-09-07T13:21:00+00:00,2026-09-07T13:21:00+00:00
SHP-3445,SELLER-004,WH-050,CAR-083,Delhi,Surat,PICKED_UP,2,0,0,0,STALE,2026-09-05T02:28:00+00:00,2026-09-05T03:17:00+00:00
SHP-3446,SELLER-027,WH-036,CAR-025,Mumbai,Delhi,CREATED,1,0,0,0,STALE,2026-09-05T15:31:00+00:00,2026-09-05T15:31:00+00:00
SHP-3447,SELLER-135,WH-045,CAR-094,Jaipur,Kolkata,OUT_FOR_DELIVERY,4,0,0,0,STALE,2026-09-07T00:15:00+00:00,2026-09-07T07:52:00+00:00
SHP-3448,SELLER-181,WH-020,CAR-059,Mumbai,Chennai,DELIVERED,5,0,0,0,STALE,2026-09-01T14:02:00+00:00,2026-09-01T21:45:00+00:00
SHP-3449,SELLER-300,WH-042,CAR-040,Hyderabad,Ahmedabad,DELIVERED,5,0,0,0,STALE,2026-09-05T02:29:00+00:00,2026-09-05T11:11:00+00:00
SHP-3450,SELLER-434,WH-024,CAR-004,Kolkata,Bengaluru,DELIVERED,5,0,0,0,STALE,2026-09-05T02:30:00+00:00,2026-09-05T10:47:00+00:00
SHP-3451,SELLER-137,WH-015,CAR-060,Delhi,Bengaluru,OUT_FOR_DELIVERY,4,0,0,0,STALE,2026-09-04T16:54:00+00:00,2026-09-04T23:38:00+00:00
SHP-3452,SELLER-465,WH-018,CAR-064,Mumbai,Kolkata,PICKED_UP,2,0,0,0,STALE,2026-09-03T14:13:00+00:00,2026-09-03T15:03:00+00:00
SHP-3453,SELLER-067,WH-028,CAR-083,Pune,Delhi,PICKED_UP,2,0,0,0,STALE,2026-09-06T02:53:00+00:00,2026-09-06T05:44:00+00:00
SHP-3454,SELLER-004,WH-040,CAR-069,Chennai,Mumbai,CANCELLED,2,0,0,0,STALE,2026-09-05T05:01:00+00:00,2026-09-05T06:34:00+00:00
SHP-3455,SELLER-107,WH-020,CAR-050,Chennai,Hyderabad,OUT_FOR_DELIVERY,4,0,0,0,STALE,2026-09-03T01:20:00+00:00,2026-09-03T10:42:00+00:00
SHP-3456,SELLER-338,WH-022,CAR-071,Bengaluru,Mumbai,CREATED,1,0,0,0,STALE,2026-09-05T02:23:00+00:00,2026-09-05T02:23:00+00:00
SHP-3457,SELLER-295,WH-043,CAR-045,Chennai,Surat,CREATED,1,0,0,0,STALE,2026-09-06T08:06:00+00:00,2026-09-06T08:06:00+00:00
SHP-3458,SELLER-443,WH-004,CAR-012,Kolkata,Hyderabad,PICKED_UP,2,0,0,0,STALE,2026-09-07T04:24:00+00:00,2026-09-07T06:50:00+00:00
SHP-3459,SELLER-247,WH-030,CAR-080,Hyderabad,Mumbai,OUT_FOR_DELIVERY,4,0,0,0,STALE,2026-09-07T00:51:00+00:00,2026-09-07T05:11:00+00:00
SHP-3460,SELLER-057,WH-030,CAR-012,Bengaluru,Mumbai,DELIVERED,5,0,0,0,STALE,2026-09-05T15:02:00+00:00,2026-09-06T03:11:00+00:00
SHP-3461,SELLER-113,WH-032,CAR-064,Pune,Ahmedabad,IN_TRANSIT,3,0,0,0,STALE,2026-09-05T00:10:00+00:00,2026-09-05T02:58:00+00:00
SHP-3462,SELLER-220,WH-012,CAR-024,Pune,Ahmedabad,DELIVERED,5,0,0,0,STALE,2026-09-06T19:21:00+00:00,2026-09-07T01:02:00+00:00
SHP-3463,SELLER-385,WH-014,CAR-026,Mumbai,Pune,CREATED,1,0,0,0,STALE,2026-09-03T06:31:00+00:00,2026-09-03T06:31:00+00:00
SHP-3464,SELLER-347,WH-013,CAR-045,Pune,Mumbai,DELIVERED,5,0,0,0,STALE,2026-09-06T01:19:00+00:00,2026-09-06T09:43:00+00:00
SHP-3465,SELLER-395,WH-040,CAR-096,Mumbai,Jaipur,OUT_FOR_DELIVERY,4,0,0,0,STALE,2026-09-01T20:47:00+00:00,2026-09-02T06:49:00+00:00
SHP-3466,SELLER-111,WH-041,CAR-091,Kolkata,Jaipur,PICKED_UP,2,0,0,0,STALE,2026-09-07T00:06:00+00:00,2026-09-07T01:54:00+00:00
SHP-3467,SELLER-313,WH-031,CAR-020,Surat,Pune,CREATED,1,0,0,0,STALE,2026-09-06T13:00:00+00:00,2026-09-06T13:00:00+00:00
SHP-3468,SELLER-209,WH-022,CAR-057,Ahmedabad,Bengaluru,IN_TRANSIT,3,0,0,0,STALE,2026-09-06T18:23:00+00:00,2026-09-06T21:26:00+00:00
SHP-3469,SELLER-040,WH-038,CAR-085,Delhi,Kolkata,CREATED,1,0,0,0,STALE,2026-09-02T11:19:00+00:00,2026-09-02T11:19:00+00:00
SHP-3470,SELLER-491,WH-028,CAR-031,Hyderabad,Surat,PICKED_UP,2,0,0,0,STALE,2026-09-01T18:12:00+00:00,2026-09-01T19:04:00+00:00
SHP-3471,SELLER-195,WH-017,CAR-078,Mumbai,Kolkata,PICKED_UP,2,0,0,0,STALE,2026-09-03T09:59:00+00:00,2026-09-03T12:35:00+00:00
SHP-3472,SELLER-050,WH-024,CAR-049,Surat,Mumbai,PICKED_UP,2,0,0,0,STALE,2026-09-02T05:48:00+00:00,2026-09-02T07:34:00+00:00
SHP-3473,SELLER-244,WH-028,CAR-067,Hyderabad,Bengaluru,OUT_FOR_DELIVERY,4,0,0,0,STALE,2026-09-02T00:12:00+00:00,2026-09-02T05:55:00+00:00
SHP-3474,SELLER-491,WH-020,CAR-045,Mumbai,Kolkata,IN_TRANSIT,3,0,0,0,STALE,2026-09-02T02:56:00+00:00,2026-09-02T08:31:00+00:00
SHP-3475,SELLER-197,WH-036,CAR-005,Ahmedabad,Delhi,IN_TRANSIT,3,0,0,1,STALE,2026-09-05T20:25:00+00:00,2026-09-06T04:32:00+00:00
SHP-3476,SELLER-160,WH-034,CAR-018,Ahmedabad,Delhi,DELIVERED,5,0,0,0,STALE,2026-09-01T06:20:00+00:00,2026-09-01T13:35:00+00:00
SHP-3477,SELLER-344,WH-001,CAR-034,Kolkata,Mumbai,OUT_FOR_DELIVERY,4,0,0,0,STALE,2026-09-01T12:59:00+00:00,2026-09-01T17:40:00+00:00
SHP-3478,SELLER-072,WH-030,CAR-024,Delhi,Hyderabad,OUT_FOR_DELIVERY,4,0,0,0,STALE,2026-09-03T12:36:00+00:00,2026-09-03T20:51:00+00:00
SHP-3479,SELLER-183,WH-014,CAR-042,Delhi,Chennai,IN_TRANSIT,3,0,0,0,STALE,2026-09-05T03:57:00+00:00,2026-09-05T09:44:00+00:00
SHP-3480,SELLER-394,WH-020,CAR-048,Mumbai,Hyderabad,OUT_FOR_DELIVERY,4,0,0,0,STALE,2026-09-04T22:40:00+00:00,2026-09-05T09:33:00+00:00
SHP-3481,SELLER-240,WH-017,CAR-002,Kolkata,Mumbai,PICKED_UP,2,0,0,0,STALE,2026-09-03T18:10:00+00:00,2026-09-03T20:19:00+00:00
SHP-3482,SELLER-438,WH-006,CAR-090,Chennai,Ahmedabad,IN_TRANSIT,3,0,0,0,STALE,2026-09-04T12:46:00+00:00,2026-09-04T16:24:00+00:00
SHP-3483,SELLER-066,WH-035,CAR-097,Surat,Delhi,PICKED_UP,2,0,0,0,STALE,2026-09-06T22:10:00+00:00,2026-09-06T23:32:00+00:00
SHP-3484,SELLER-097,WH-035,CAR-083,Surat,Kolkata,DELIVERED,5,0,0,0,STALE,2026-09-04T10:05:00+00:00,2026-09-04T22:53:00+00:00
SHP-3485,SELLER-182,WH-026,CAR-047,Kolkata,Mumbai,PICKED_UP,2,0,0,0,STALE,2026-09-06T20:06:00+00:00,2026-09-06T22:01:00+00:00
SHP-3486,SELLER-252,WH-027,CAR-055,Kolkata,Jaipur,CREATED,1,0,0,0,STALE,2026-09-01T21:55:00+00:00,2026-09-01T21:55:00+00:00
SHP-3487,SELLER-041,WH-011,CAR-017,Mumbai,Hyderabad,PICKED_UP,2,0,0,0,STALE,2026-09-06T20:51:00+00:00,2026-09-06T22:52:00+00:00
SHP-3488,SELLER-135,WH-012,CAR-010,Hyderabad,Kolkata,OUT_FOR_DELIVERY,4,0,0,0,STALE,2026-09-03T10:34:00+00:00,2026-09-03T20:49:00+00:00
SHP-3489,SELLER-218,WH-034,CAR-026,Jaipur,Delhi,IN_TRANSIT,3,0,0,1,STALE,2026-09-05T05:29:00+00:00,2026-09-05T10:01:00+00:00
SHP-3490,SELLER-181,WH-005,CAR-063,Chennai,Kolkata,OUT_FOR_DELIVERY,4,0,0,0,STALE,2026-09-05T18:40:00+00:00,2026-09-06T01:48:00+00:00
SHP-3491,SELLER-165,WH-027,CAR-014,Bengaluru,Surat,CREATED,1,0,0,0,STALE,2026-09-01T20:58:00+00:00,2026-09-01T20:58:00+00:00
SHP-3492,SELLER-411,WH-014,CAR-003,Delhi,Chennai,DELIVERED,5,0,0,0,STALE,2026-09-02T14:11:00+00:00,2026-09-03T00:15:00+00:00
SHP-3493,SELLER-135,WH-009,CAR-022,Pune,Chennai,IN_TRANSIT,3,0,0,0,STALE,2026-09-05T16:37:00+00:00,2026-09-05T19:30:00+00:00
SHP-3494,SELLER-064,WH-040,CAR-051,Ahmedabad,Surat,DELIVERED,5,0,0,0,STALE,2026-09-06T14:49:00+00:00,2026-09-06T22:13:00+00:00
SHP-3495,SELLER-101,WH-012,CAR-091,Pune,Chennai,PICKED_UP,2,0,0,0,STALE,2026-09-04T01:22:00+00:00,2026-09-04T02:02:00+00:00
SHP-3496,SELLER-289,WH-046,CAR-025,Mumbai,Bengaluru,DELIVERED,5,0,0,0,STALE,2026-09-04T21:10:00+00:00,2026-09-05T07:38:00+00:00
SHP-3497,SELLER-224,WH-041,CAR-100,Delhi,Ahmedabad,CREATED,1,0,0,0,STALE,2026-09-03T01:44:00+00:00,2026-09-03T01:44:00+00:00
SHP-3498,SELLER-169,WH-028,CAR-037,Bengaluru,Hyderabad,CREATED,1,0,0,0,STALE,2026-09-07T01:50:00+00:00,2026-09-07T01:50:00+00:00
SHP-3499,SELLER-261,WH-039,CAR-011,Surat,Kolkata,CREATED,1,0,0,0,STALE,2026-09-07T09:06:00+00:00,2026-09-07T09:06:00+00:00
SHP-3500,SELLER-254,WH-037,CAR-051,Surat,Chennai,OUT_FOR_DELIVERY,4,0,0,0,STALE,2026-09-02T05:33:00+00:00,2026-09-02T13:29:00+00:00
SHP-3501,SELLER-357,WH-043,CAR-002,Bengaluru,Chennai,PICKED_UP,2,0,0,0,STALE,2026-09-05T02:55:00+00:00,2026-09-05T03:53:00+00:00
SHP-3502,SELLER-203,WH-014,CAR-058,Chennai,Pune,PICKED_UP,2,0,0,0,STALE,2026-09-02T21:16:00+00:00,2026-09-02T21:54:00+00:00
SHP-3503,SELLER-206,WH-027,CAR-056,Jaipur,Pune,DELIVERED,5,0,0,0,STALE,2026-09-07T01:33:00+00:00,2026-09-07T14:25:00+00:00
SHP-3504,SELLER-157,WH-045,CAR-079,Hyderabad,Jaipur,PICKED_UP,2,0,0,0,STALE,2026-09-05T13:55:00+00:00,2026-09-05T15:39:00+00:00
SHP-3505,SELLER-225,WH-032,CAR-009,Bengaluru,Hyderabad,OUT_FOR_DELIVERY,4,0,0,0,STALE,2026-09-02T15:17:00+00:00,2026-09-03T02:26:00+00:00
SHP-3506,SELLER-097,WH-022,CAR-067,Hyderabad,Chennai,PICKED_UP,2,0,0,0,STALE,2026-09-02T19:59:00+00:00,2026-09-02T20:54:00+00:00
SHP-3507,SELLER-380,WH-007,CAR-022,Kolkata,Surat,IN_TRANSIT,3,0,0,0,STALE,2026-09-05T19:51:00+00:00,2026-09-05T21:44:00+00:00
SHP-3508,SELLER-447,WH-047,CAR-094,Surat,Mumbai,PICKED_UP,2,0,0,1,STALE,2026-09-04T10:27:00+00:00,2026-09-04T12:11:00+00:00
SHP-3509,SELLER-008,WH-043,CAR-011,Chennai,Kolkata,IN_TRANSIT,3,0,0,0,STALE,2026-09-04T02:28:00+00:00,2026-09-04T07:13:00+00:00
SHP-3510,SELLER-070,WH-021,CAR-089,Hyderabad,Chennai,OUT_FOR_DELIVERY,4,0,0,0,STALE,2026-09-03T00:41:00+00:00,2026-09-03T07:27:00+00:00
SHP-3511,SELLER-363,WH-041,CAR-036,Delhi,Pune,OUT_FOR_DELIVERY,4,0,1,0,STALE,2026-09-07T11:58:00+00:00,2026-09-07T20:49:00+00:00
SHP-3512,SELLER-282,WH-007,CAR-022,Delhi,Kolkata,OUT_FOR_DELIVERY,4,0,0,0,STALE,2026-09-05T08:54:00+00:00,2026-09-05T16:29:00+00:00
SHP-3513,SELLER-312,WH-049,CAR-060,Surat,Bengaluru,IN_TRANSIT,3,0,0,0,STALE,2026-09-03T19:24:00+00:00,2026-09-03T21:57:00+00:00
SHP-3514,SELLER-121,WH-008,CAR-057,Bengaluru,Chennai,OUT_FOR_DELIVERY,4,0,0,0,STALE,2026-09-04T23:39:00+00:00,2026-09-05T05:38:00+00:00
SHP-3515,SELLER-236,WH-012,CAR-099,Kolkata,Chennai,IN_TRANSIT,3,0,0,0,STALE,2026-09-06T14:26:00+00:00,2026-09-06T16:17:00+00:00
SHP-3516,SELLER-096,WH-022,CAR-049,Surat,Pune,PICKED_UP,2,0,0,0,STALE,2026-09-03T20:39:00+00:00,2026-09-03T21:57:00+00:00
SHP-3517,SELLER-183,WH-006,CAR-077,Pune,Surat,PICKED_UP,2,0,0,0,STALE,2026-09-04T07:22:00+00:00,2026-09-04T09:09:00+00:00
SHP-3518,SELLER-045,WH-024,CAR-039,Chennai,Bengaluru,IN_TRANSIT,3,0,0,0,STALE,2026-09-01T08:00:00+00:00,2026-09-01T14:04:00+00:00
SHP-3519,SELLER-364,WH-025,CAR-056,Ahmedabad,Mumbai,PICKED_UP,2,0,0,0,STALE,2026-09-04T11:35:00+00:00,2026-09-04T12:55:00+00:00
SHP-3520,SELLER-095,WH-033,CAR-097,Delhi,Hyderabad,CREATED,1,0,0,0,STALE,2026-09-04T16:46:00+00:00,2026-09-04T16:46:00+00:00
SHP-3521,SELLER-426,WH-020,CAR-066,Kolkata,Delhi,DELIVERED,5,0,0,0,FRESH,2026-09-07T18:38:00+00:00,2026-09-08T04:17:00+00:00
SHP-3522,SELLER-343,WH-039,CAR-064,Bengaluru,Ahmedabad,PICKED_UP,2,0,0,0,STALE,2026-09-05T22:17:00+00:00,2026-09-05T23:09:00+00:00
SHP-3523,SELLER-378,WH-042,CAR-010,Kolkata,Hyderabad,CREATED,1,0,0,0,STALE,2026-09-04T12:09:00+00:00,2026-09-04T12:09:00+00:00
SHP-3524,SELLER-236,WH-033,CAR-027,Bengaluru,Jaipur,DELIVERED,5,1,0,0,STALE,2026-09-01T03:58:00+00:00,2026-09-01T11:17:00+00:00
SHP-3525,SELLER-195,WH-039,CAR-081,Pune,Chennai,DELIVERED,5,0,0,0,STALE,2026-09-05T16:53:00+00:00,2026-09-06T01:36:00+00:00
SHP-3526,SELLER-332,WH-050,CAR-062,Surat,Pune,IN_TRANSIT,3,0,1,0,STALE,2026-09-04T11:29:00+00:00,2026-09-04T19:24:00+00:00
SHP-3527,SELLER-404,WH-006,CAR-089,Chennai,Hyderabad,PICKED_UP,2,0,0,0,STALE,2026-09-06T13:18:00+00:00,2026-09-06T16:11:00+00:00
SHP-3528,SELLER-416,WH-007,CAR-058,Bengaluru,Chennai,IN_TRANSIT,3,0,0,0,STALE,2026-09-05T17:52:00+00:00,2026-09-05T22:16:00+00:00
SHP-3529,SELLER-158,WH-048,CAR-059,Kolkata,Ahmedabad,DELIVERED,5,0,0,0,STALE,2026-09-05T17:32:00+00:00,2026-09-06T01:46:00+00:00
SHP-3530,SELLER-290,WH-021,CAR-091,Pune,Mumbai,PICKED_UP,2,0,0,0,STALE,2026-09-01T23:06:00+00:00,2026-09-02T02:00:00+00:00
SHP-3531,SELLER-189,WH-040,CAR-022,Surat,Chennai,PICKED_UP,2,0,0,0,STALE,2026-09-04T20:07:00+00:00,2026-09-04T22:52:00+00:00
SHP-3532,SELLER-408,WH-003,CAR-055,Surat,Bengaluru,PICKED_UP,2,0,0,0,STALE,2026-09-03T12:46:00+00:00,2026-09-03T15:19:00+00:00
SHP-3533,SELLER-377,WH-005,CAR-011,Delhi,Bengaluru,CREATED,1,0,0,0,STALE,2026-09-03T10:02:00+00:00,2026-09-03T10:02:00+00:00
SHP-3534,SELLER-426,WH-042,CAR-018,Chennai,Surat,IN_TRANSIT,3,0,0,0,STALE,2026-09-05T03:01:00+00:00,2026-09-05T07:06:00+00:00
SHP-3535,SELLER-019,WH-030,CAR-020,Delhi,Hyderabad,CREATED,1,0,0,0,STALE,2026-09-03T07:53:00+00:00,2026-09-03T07:53:00+00:00
SHP-3536,SELLER-191,WH-048,CAR-071,Delhi,Hyderabad,PICKED_UP,2,0,0,0,STALE,2026-09-07T03:42:00+00:00,2026-09-07T05:43:00+00:00
SHP-3537,SELLER-321,WH-049,CAR-080,Surat,Ahmedabad,OUT_FOR_DELIVERY,4,0,0,0,STALE,2026-09-06T08:13:00+00:00,2026-09-06T19:59:00+00:00
SHP-3538,SELLER-201,WH-001,CAR-082,Jaipur,Hyderabad,PICKED_UP,2,0,0,0,STALE,2026-09-07T17:58:00+00:00,2026-09-07T20:12:00+00:00
SHP-3539,SELLER-408,WH-033,CAR-049,Kolkata,Jaipur,PICKED_UP,2,0,0,0,STALE,2026-09-01T06:27:00+00:00,2026-09-01T07:36:00+00:00
SHP-3540,SELLER-347,WH-044,CAR-072,Hyderabad,Mumbai,IN_TRANSIT,3,0,0,0,STALE,2026-09-05T23:53:00+00:00,2026-09-06T03:21:00+00:00
SHP-3541,SELLER-122,WH-042,CAR-028,Surat,Mumbai,CANCELLED,2,0,0,0,STALE,2026-09-01T22:59:00+00:00,2026-09-02T01:49:00+00:00
SHP-3542,SELLER-225,WH-038,CAR-053,Chennai,Hyderabad,CREATED,1,0,0,0,STALE,2026-09-04T20:11:00+00:00,2026-09-04T20:11:00+00:00
SHP-3543,SELLER-233,WH-049,CAR-036,Surat,Kolkata,CREATED,1,0,0,0,STALE,2026-09-04T05:04:00+00:00,2026-09-04T05:04:00+00:00
SHP-3544,SELLER-123,WH-011,CAR-057,Mumbai,Chennai,IN_TRANSIT,3,0,0,0,STALE,2026-09-01T01:37:00+00:00,2026-09-01T06:17:00+00:00
SHP-3545,SELLER-304,WH-014,CAR-088,Pune,Delhi,PICKED_UP,2,0,0,0,STALE,2026-09-01T15:53:00+00:00,2026-09-01T18:37:00+00:00
SHP-3546,SELLER-336,WH-042,CAR-055,Chennai,Delhi,PICKED_UP,2,0,0,1,STALE,2026-09-02T04:20:00+00:00,2026-09-02T06:55:00+00:00
SHP-3547,SELLER-365,WH-043,CAR-038,Mumbai,Bengaluru,PICKED_UP,2,0,0,0,STALE,2026-09-05T16:12:00+00:00,2026-09-05T17:26:00+00:00
SHP-3548,SELLER-063,WH-046,CAR-042,Delhi,Pune,DELIVERED,5,0,0,0,STALE,2026-09-07T01:50:00+00:00,2026-09-07T13:16:00+00:00
SHP-3549,SELLER-366,WH-028,CAR-053,Jaipur,Hyderabad,DELIVERED,5,0,0,0,STALE,2026-09-02T05:03:00+00:00,2026-09-02T13:19:00+00:00
SHP-3550,SELLER-351,WH-008,CAR-013,Jaipur,Kolkata,IN_TRANSIT,3,0,0,0,STALE,2026-09-02T08:58:00+00:00,2026-09-02T14:01:00+00:00
SHP-3551,SELLER-304,WH-026,CAR-066,Delhi,Surat,IN_TRANSIT,3,0,0,0,STALE,2026-09-02T02:35:00+00:00,2026-09-02T07:09:00+00:00
SHP-3552,SELLER-205,WH-032,CAR-049,Pune,Bengaluru,CREATED,1,0,0,0,STALE,2026-09-02T01:57:00+00:00,2026-09-02T01:57:00+00:00
SHP-3553,SELLER-288,WH-038,CAR-024,Ahmedabad,Surat,DELIVERED,5,0,0,0,STALE,2026-09-07T07:29:00+00:00,2026-09-07T18:30:00+00:00
SHP-3554,SELLER-256,WH-043,CAR-057,Bengaluru,Pune,DELIVERED,5,0,0,0,STALE,2026-09-01T03:26:00+00:00,2026-09-01T10:56:00+00:00
SHP-3555,SELLER-430,WH-033,CAR-023,Hyderabad,Mumbai,DELIVERED,5,0,0,0,STALE,2026-09-04T10:09:00+00:00,2026-09-04T19:02:00+00:00
SHP-3556,SELLER-478,WH-049,CAR-003,Bengaluru,Delhi,IN_TRANSIT,3,0,0,0,STALE,2026-09-05T18:37:00+00:00,2026-09-05T21:57:00+00:00
SHP-3557,SELLER-102,WH-041,CAR-006,Chennai,Bengaluru,IN_TRANSIT,3,0,0,0,STALE,2026-09-05T10:12:00+00:00,2026-09-05T15:18:00+00:00
SHP-3558,SELLER-438,WH-027,CAR-040,Jaipur,Delhi,OUT_FOR_DELIVERY,4,0,0,0,STALE,2026-09-01T08:27:00+00:00,2026-09-01T16:12:00+00:00
SHP-3559,SELLER-072,WH-015,CAR-100,Hyderabad,Kolkata,DELIVERED,5,0,0,0,STALE,2026-09-01T15:13:00+00:00,2026-09-02T03:22:00+00:00
SHP-3560,SELLER-079,WH-002,CAR-091,Surat,Mumbai,IN_TRANSIT,3,0,0,0,STALE,2026-09-04T02:24:00+00:00,2026-09-04T06:48:00+00:00
SHP-3561,SELLER-225,WH-004,CAR-090,Pune,Ahmedabad,CANCELLED,2,0,0,0,STALE,2026-09-06T23:54:00+00:00,2026-09-07T01:26:00+00:00
SHP-3562,SELLER-407,WH-024,CAR-072,Surat,Chennai,DELIVERED,5,0,0,0,STALE,2026-09-06T20:14:00+00:00,2026-09-07T03:53:00+00:00
SHP-3563,SELLER-197,WH-045,CAR-036,Mumbai,Ahmedabad,PICKED_UP,2,0,0,0,STALE,2026-09-05T10:25:00+00:00,2026-09-05T12:52:00+00:00
SHP-3564,SELLER-058,WH-006,CAR-016,Delhi,Bengaluru,DELIVERED,5,0,0,0,STALE,2026-09-01T04:54:00+00:00,2026-09-01T18:11:00+00:00
SHP-3565,SELLER-414,WH-012,CAR-053,Delhi,Pune,OUT_FOR_DELIVERY,4,1,0,0,STALE,2026-09-04T20:35:00+00:00,2026-09-05T05:09:00+00:00
SHP-3566,SELLER-133,WH-035,CAR-007,Jaipur,Pune,CREATED,1,0,0,0,STALE,2026-09-05T21:43:00+00:00,2026-09-05T21:43:00+00:00
SHP-3567,SELLER-380,WH-013,CAR-097,Bengaluru,Kolkata,PICKED_UP,2,0,0,0,STALE,2026-09-02T15:36:00+00:00,2026-09-02T18:12:00+00:00
SHP-3568,SELLER-064,WH-045,CAR-089,Bengaluru,Delhi,OUT_FOR_DELIVERY,4,0,0,0,STALE,2026-09-03T11:48:00+00:00,2026-09-03T20:47:00+00:00
SHP-3569,SELLER-159,WH-048,CAR-085,Surat,Bengaluru,CREATED,1,0,0,0,STALE,2026-09-04T11:01:00+00:00,2026-09-04T11:01:00+00:00
SHP-3570,SELLER-449,WH-022,CAR-056,Kolkata,Bengaluru,CREATED,1,0,0,0,STALE,2026-09-05T00:06:00+00:00,2026-09-05T00:06:00+00:00
SHP-3571,SELLER-281,WH-032,CAR-005,Surat,Bengaluru,IN_TRANSIT,3,0,0,0,STALE,2026-09-01T15:22:00+00:00,2026-09-01T20:28:00+00:00
SHP-3572,SELLER-399,WH-039,CAR-098,Surat,Mumbai,IN_TRANSIT,3,0,0,0,STALE,2026-09-03T04:40:00+00:00,2026-09-03T11:11:00+00:00
SHP-3573,SELLER-486,WH-027,CAR-011,Pune,Chennai,IN_TRANSIT,3,0,0,0,STALE,2026-09-06T01:32:00+00:00,2026-09-06T06:49:00+00:00
SHP-3574,SELLER-404,WH-012,CAR-089,Pune,Mumbai,IN_TRANSIT,3,0,0,0,STALE,2026-09-04T02:17:00+00:00,2026-09-04T08:00:00+00:00
SHP-3575,SELLER-427,WH-011,CAR-057,Ahmedabad,Bengaluru,IN_TRANSIT,3,0,0,0,STALE,2026-09-07T01:36:00+00:00,2026-09-07T06:47:00+00:00
SHP-3576,SELLER-381,WH-048,CAR-093,Jaipur,Surat,OUT_FOR_DELIVERY,4,0,0,0,STALE,2026-09-05T09:15:00+00:00,2026-09-05T17:15:00+00:00
SHP-3577,SELLER-237,WH-004,CAR-057,Hyderabad,Mumbai,PICKED_UP,2,0,0,0,STALE,2026-09-02T21:56:00+00:00,2026-09-02T22:51:00+00:00
SHP-3578,SELLER-405,WH-035,CAR-040,Chennai,Surat,CANCELLED,2,0,0,0,STALE,2026-09-02T23:38:00+00:00,2026-09-03T00:27:00+00:00
SHP-3579,SELLER-091,WH-020,CAR-061,Jaipur,Pune,OUT_FOR_DELIVERY,4,0,0,0,STALE,2026-09-03T05:31:00+00:00,2026-09-03T13:24:00+00:00
SHP-3580,SELLER-157,WH-021,CAR-100,Hyderabad,Kolkata,IN_TRANSIT,3,0,0,0,STALE,2026-09-06T16:32:00+00:00,2026-09-06T19:26:00+00:00
SHP-3581,SELLER-199,WH-036,CAR-054,Mumbai,Jaipur,IN_TRANSIT,3,0,0,0,STALE,2026-09-03T03:23:00+00:00,2026-09-03T11:45:00+00:00
SHP-3582,SELLER-215,WH-005,CAR-060,Bengaluru,Pune,CREATED,1,0,0,0,STALE,2026-09-01T10:49:00+00:00,2026-09-01T10:49:00+00:00
SHP-3583,SELLER-366,WH-023,CAR-052,Delhi,Pune,IN_TRANSIT,3,0,0,0,STALE,2026-09-05T12:38:00+00:00,2026-09-05T15:37:00+00:00
SHP-3584,SELLER-389,WH-038,CAR-090,Kolkata,Pune,CREATED,1,0,0,0,STALE,2026-09-01T14:57:00+00:00,2026-09-01T14:57:00+00:00
SHP-3585,SELLER-153,WH-018,CAR-010,Kolkata,Ahmedabad,DELIVERED,5,0,0,0,STALE,2026-09-05T08:22:00+00:00,2026-09-05T13:43:00+00:00
SHP-3586,SELLER-164,WH-035,CAR-073,Delhi,Surat,PICKED_UP,2,0,0,0,STALE,2026-09-01T05:58:00+00:00,2026-09-01T07:17:00+00:00
SHP-3587,SELLER-245,WH-046,CAR-051,Bengaluru,Jaipur,PICKED_UP,2,0,0,0,STALE,2026-09-03T11:07:00+00:00,2026-09-03T12:48:00+00:00
SHP-3588,SELLER-073,WH-015,CAR-083,Ahmedabad,Jaipur,DELIVERED,5,0,0,0,STALE,2026-09-05T18:48:00+00:00,2026-09-06T06:05:00+00:00
SHP-3589,SELLER-145,WH-010,CAR-054,Jaipur,Surat,DELIVERED,5,0,0,0,STALE,2026-09-01T09:37:00+00:00,2026-09-01T20:44:00+00:00
SHP-3590,SELLER-188,WH-006,CAR-100,Surat,Delhi,PICKED_UP,2,0,0,0,STALE,2026-09-06T02:27:00+00:00,2026-09-06T03:58:00+00:00
SHP-3591,SELLER-335,WH-040,CAR-086,Jaipur,Kolkata,CREATED,1,0,0,0,STALE,2026-09-04T22:26:00+00:00,2026-09-04T22:26:00+00:00
SHP-3592,SELLER-094,WH-043,CAR-067,Ahmedabad,Chennai,PICKED_UP,2,0,0,0,STALE,2026-09-01T23:36:00+00:00,2026-09-02T02:05:00+00:00
SHP-3593,SELLER-322,WH-005,CAR-036,Hyderabad,Surat,DELIVERED,5,0,0,0,STALE,2026-09-06T12:29:00+00:00,2026-09-07T00:16:00+00:00
SHP-3594,SELLER-255,WH-032,CAR-073,Pune,Bengaluru,DELIVERED,5,0,0,0,STALE,2026-09-07T03:16:00+00:00,2026-09-07T14:23:00+00:00
SHP-3595,SELLER-274,WH-019,CAR-052,Delhi,Chennai,DELIVERED,5,0,0,0,STALE,2026-09-05T14:39:00+00:00,2026-09-05T23:01:00+00:00
SHP-3596,SELLER-347,WH-015,CAR-092,Jaipur,Delhi,IN_TRANSIT,3,0,0,0,STALE,2026-09-06T17:01:00+00:00,2026-09-06T23:03:00+00:00
SHP-3597,SELLER-472,WH-041,CAR-033,Pune,Ahmedabad,DELIVERED,5,0,0,0,STALE,2026-09-02T03:59:00+00:00,2026-09-02T14:48:00+00:00
SHP-3598,SELLER-095,WH-025,CAR-040,Mumbai,Chennai,PICKED_UP,2,0,0,0,STALE,2026-09-05T09:21:00+00:00,2026-09-05T11:16:00+00:00
SHP-3599,SELLER-368,WH-032,CAR-072,Ahmedabad,Chennai,DELIVERED,5,0,0,0,STALE,2026-09-02T07:19:00+00:00,2026-09-02T16:52:00+00:00
SHP-3600,SELLER-043,WH-048,CAR-036,Surat,Jaipur,CREATED,1,0,0,0,STALE,2026-09-07T01:42:00+00:00,2026-09-07T01:42:00+00:00
SHP-3601,SELLER-227,WH-044,CAR-041,Kolkata,Pune,IN_TRANSIT,3,0,0,0,STALE,2026-09-06T12:40:00+00:00,2026-09-06T17:21:00+00:00
SHP-3602,SELLER-340,WH-046,CAR-009,Jaipur,Chennai,IN_TRANSIT,3,0,0,0,STALE,2026-09-07T14:25:00+00:00,2026-09-07T22:35:00+00:00
SHP-3603,SELLER-417,WH-049,CAR-064,Chennai,Delhi,IN_TRANSIT,3,0,0,0,STALE,2026-09-06T03:44:00+00:00,2026-09-06T08:18:00+00:00
SHP-3604,SELLER-074,WH-017,CAR-039,Pune,Surat,PICKED_UP,2,0,0,0,STALE,2026-09-07T09:59:00+00:00,2026-09-07T10:36:00+00:00
SHP-3605,SELLER-015,WH-037,CAR-039,Ahmedabad,Surat,PICKED_UP,2,0,0,0,STALE,2026-09-01T14:55:00+00:00,2026-09-01T16:02:00+00:00
SHP-3606,SELLER-170,WH-033,CAR-069,Surat,Jaipur,IN_TRANSIT,3,0,0,0,STALE,2026-09-04T01:04:00+00:00,2026-09-04T08:21:00+00:00
SHP-3607,SELLER-022,WH-038,CAR-023,Ahmedabad,Hyderabad,IN_TRANSIT,3,0,0,0,STALE,2026-09-07T10:51:00+00:00,2026-09-07T15:10:00+00:00
SHP-3608,SELLER-050,WH-009,CAR-083,Jaipur,Kolkata,CREATED,1,0,0,0,STALE,2026-09-05T08:39:00+00:00,2026-09-05T08:39:00+00:00
SHP-3609,SELLER-143,WH-003,CAR-042,Hyderabad,Mumbai,OUT_FOR_DELIVERY,4,0,0,0,STALE,2026-09-04T18:38:00+00:00,2026-09-05T04:34:00+00:00
SHP-3610,SELLER-024,WH-014,CAR-023,Delhi,Ahmedabad,CREATED,1,0,0,0,STALE,2026-09-03T18:03:00+00:00,2026-09-03T18:03:00+00:00
SHP-3611,SELLER-390,WH-030,CAR-066,Hyderabad,Chennai,PICKED_UP,2,0,0,0,STALE,2026-09-06T07:42:00+00:00,2026-09-06T10:28:00+00:00
SHP-3612,SELLER-398,WH-004,CAR-027,Delhi,Hyderabad,CANCELLED,2,0,0,0,STALE,2026-09-07T04:45:00+00:00,2026-09-07T06:20:00+00:00
SHP-3613,SELLER-247,WH-016,CAR-008,Kolkata,Surat,PICKED_UP,2,0,0,0,STALE,2026-09-02T23:31:00+00:00,2026-09-03T01:49:00+00:00
SHP-3614,SELLER-492,WH-040,CAR-054,Jaipur,Delhi,CREATED,1,0,0,0,STALE,2026-09-03T08:15:00+00:00,2026-09-03T08:15:00+00:00
SHP-3615,SELLER-467,WH-009,CAR-088,Mumbai,Chennai,IN_TRANSIT,3,0,0,0,STALE,2026-09-05T03:51:00+00:00,2026-09-05T09:14:00+00:00
SHP-3616,SELLER-137,WH-008,CAR-017,Kolkata,Jaipur,CREATED,1,0,0,0,STALE,2026-09-05T16:39:00+00:00,2026-09-05T16:39:00+00:00
SHP-3617,SELLER-463,WH-004,CAR-059,Ahmedabad,Delhi,DELIVERED,5,0,0,0,STALE,2026-09-04T09:57:00+00:00,2026-09-04T19:54:00+00:00
SHP-3618,SELLER-410,WH-034,CAR-063,Chennai,Mumbai,OUT_FOR_DELIVERY,4,0,0,0,STALE,2026-09-02T11:38:00+00:00,2026-09-02T20:16:00+00:00
SHP-3619,SELLER-191,WH-033,CAR-028,Mumbai,Bengaluru,DELIVERED,5,0,0,0,STALE,2026-09-01T03:58:00+00:00,2026-09-01T12:26:00+00:00
SHP-3620,SELLER-252,WH-041,CAR-010,Surat,Delhi,IN_TRANSIT,3,0,0,0,STALE,2026-09-03T02:18:00+00:00,2026-09-03T05:12:00+00:00
SHP-3621,SELLER-128,WH-028,CAR-054,Hyderabad,Jaipur,CREATED,1,0,0,0,STALE,2026-09-04T13:26:00+00:00,2026-09-04T13:26:00+00:00
SHP-3622,SELLER-364,WH-040,CAR-001,Mumbai,Ahmedabad,OUT_FOR_DELIVERY,4,0,0,0,STALE,2026-09-04T00:56:00+00:00,2026-09-04T05:10:00+00:00
SHP-3623,SELLER-003,WH-044,CAR-006,Bengaluru,Mumbai,IN_TRANSIT,3,0,0,0,STALE,2026-09-02T14:13:00+00:00,2026-09-02T17:40:00+00:00
SHP-3624,SELLER-295,WH-046,CAR-046,Pune,Bengaluru,IN_TRANSIT,3,0,0,0,STALE,2026-09-07T00:16:00+00:00,2026-09-07T03:07:00+00:00
SHP-3625,SELLER-275,WH-012,CAR-034,Ahmedabad,Kolkata,DELIVERED,5,0,0,0,STALE,2026-09-02T03:12:00+00:00,2026-09-02T14:31:00+00:00
SHP-3626,SELLER-399,WH-003,CAR-024,Ahmedabad,Chennai,CREATED,1,0,0,0,STALE,2026-09-01T05:25:00+00:00,2026-09-01T05:25:00+00:00
SHP-3627,SELLER-425,WH-023,CAR-007,Delhi,Kolkata,DELIVERED,5,0,0,0,STALE,2026-09-04T20:54:00+00:00,2026-09-05T03:59:00+00:00
SHP-3628,SELLER-417,WH-017,CAR-100,Kolkata,Ahmedabad,DELIVERED,5,0,0,0,STALE,2026-09-05T08:11:00+00:00,2026-09-05T16:58:00+00:00
SHP-3629,SELLER-157,WH-001,CAR-003,Bengaluru,Mumbai,DELIVERED,5,0,0,0,STALE,2026-09-02T05:57:00+00:00,2026-09-02T12:32:00+00:00
SHP-3630,SELLER-434,WH-047,CAR-085,Jaipur,Chennai,PICKED_UP,2,0,0,0,STALE,2026-09-05T20:44:00+00:00,2026-09-05T21:50:00+00:00
SHP-3631,SELLER-169,WH-003,CAR-015,Kolkata,Hyderabad,CREATED,1,0,0,0,STALE,2026-09-06T14:50:00+00:00,2026-09-06T14:50:00+00:00
SHP-3632,SELLER-189,WH-030,CAR-069,Pune,Ahmedabad,CREATED,1,0,0,0,STALE,2026-09-01T13:46:00+00:00,2026-09-01T13:46:00+00:00
SHP-3633,SELLER-010,WH-023,CAR-077,Mumbai,Delhi,IN_TRANSIT,3,0,0,0,STALE,2026-09-05T08:05:00+00:00,2026-09-05T12:28:00+00:00
SHP-3634,SELLER-044,WH-019,CAR-008,Delhi,Ahmedabad,DELIVERED,5,0,0,0,STALE,2026-09-05T10:11:00+00:00,2026-09-05T20:09:00+00:00
SHP-3635,SELLER-169,WH-007,CAR-089,Chennai,Mumbai,IN_TRANSIT,3,0,0,0,STALE,2026-09-03T12:59:00+00:00,2026-09-03T19:38:00+00:00
SHP-3636,SELLER-275,WH-041,CAR-041,Bengaluru,Delhi,OUT_FOR_DELIVERY,4,0,0,0,STALE,2026-09-07T03:54:00+00:00,2026-09-07T09:18:00+00:00
SHP-3637,SELLER-379,WH-018,CAR-042,Ahmedabad,Bengaluru,CREATED,1,0,0,0,STALE,2026-09-06T02:33:00+00:00,2026-09-06T02:33:00+00:00
SHP-3638,SELLER-118,WH-032,CAR-085,Bengaluru,Delhi,CREATED,1,0,0,0,STALE,2026-09-05T02:40:00+00:00,2026-09-05T02:40:00+00:00
SHP-3639,SELLER-206,WH-003,CAR-045,Hyderabad,Jaipur,CREATED,1,0,0,0,STALE,2026-09-06T09:09:00+00:00,2026-09-06T09:09:00+00:00
SHP-3640,SELLER-120,WH-006,CAR-081,Bengaluru,Surat,PICKED_UP,2,0,0,0,STALE,2026-09-05T09:58:00+00:00,2026-09-05T12:31:00+00:00
SHP-3641,SELLER-373,WH-039,CAR-078,Surat,Bengaluru,IN_TRANSIT,3,0,0,0,STALE,2026-09-01T06:01:00+00:00,2026-09-01T11:04:00+00:00
SHP-3642,SELLER-052,WH-006,CAR-095,Jaipur,Delhi,IN_TRANSIT,3,0,0,0,STALE,2026-09-02T11:24:00+00:00,2026-09-02T14:50:00+00:00
SHP-3643,SELLER-012,WH-038,CAR-064,Kolkata,Chennai,CANCELLED,2,0,0,0,STALE,2026-09-05T07:03:00+00:00,2026-09-05T08:01:00+00:00
SHP-3644,SELLER-069,WH-033,CAR-081,Surat,Pune,CANCELLED,2,0,0,0,STALE,2026-09-02T01:47:00+00:00,2026-09-02T04:00:00+00:00
SHP-3645,SELLER-280,WH-028,CAR-028,Hyderabad,Pune,OUT_FOR_DELIVERY,4,1,0,0,STALE,2026-09-07T17:30:00+00:00,2026-09-08T03:28:00+00:00
SHP-3646,SELLER-124,WH-004,CAR-002,Chennai,Pune,IN_TRANSIT,3,0,0,0,STALE,2026-09-07T06:40:00+00:00,2026-09-07T10:33:00+00:00
SHP-3647,SELLER-432,WH-015,CAR-038,Jaipur,Surat,PICKED_UP,2,0,0,0,STALE,2026-09-01T23:19:00+00:00,2026-09-02T00:36:00+00:00
SHP-3648,SELLER-415,WH-029,CAR-065,Chennai,Kolkata,CREATED,1,0,0,0,STALE,2026-09-07T15:10:00+00:00,2026-09-07T15:10:00+00:00
SHP-3649,SELLER-071,WH-033,CAR-011,Jaipur,Mumbai,IN_TRANSIT,3,1,0,0,STALE,2026-09-06T09:23:00+00:00,2026-09-06T15:23:00+00:00
SHP-3650,SELLER-470,WH-032,CAR-029,Pune,Mumbai,IN_TRANSIT,3,0,1,0,STALE,2026-09-04T15:12:00+00:00,2026-09-04T20:07:00+00:00
SHP-3651,SELLER-032,WH-002,CAR-097,Bengaluru,Delhi,PICKED_UP,2,1,0,0,STALE,2026-09-01T16:06:00+00:00,2026-09-01T17:06:00+00:00
SHP-3652,SELLER-469,WH-001,CAR-011,Mumbai,Hyderabad,DELIVERED,5,0,0,0,STALE,2026-09-07T11:50:00+00:00,2026-09-07T18:27:00+00:00
SHP-3653,SELLER-331,WH-029,CAR-091,Pune,Hyderabad,PICKED_UP,2,0,0,0,STALE,2026-09-01T20:36:00+00:00,2026-09-01T22:25:00+00:00
SHP-3654,SELLER-353,WH-041,CAR-070,Chennai,Hyderabad,DELIVERED,5,0,0,0,STALE,2026-09-04T17:38:00+00:00,2026-09-05T02:33:00+00:00
SHP-3655,SELLER-386,WH-001,CAR-066,Chennai,Hyderabad,DELIVERED,5,0,0,0,STALE,2026-09-02T11:51:00+00:00,2026-09-02T22:32:00+00:00
SHP-3656,SELLER-298,WH-008,CAR-050,Surat,Delhi,OUT_FOR_DELIVERY,4,0,0,0,STALE,2026-09-06T04:56:00+00:00,2026-09-06T11:59:00+00:00
SHP-3657,SELLER-218,WH-024,CAR-077,Ahmedabad,Jaipur,OUT_FOR_DELIVERY,4,0,0,0,STALE,2026-09-04T15:18:00+00:00,2026-09-05T01:26:00+00:00
SHP-3658,SELLER-418,WH-027,CAR-068,Delhi,Hyderabad,OUT_FOR_DELIVERY,4,0,0,0,STALE,2026-09-03T19:46:00+00:00,2026-09-04T03:59:00+00:00
SHP-3659,SELLER-288,WH-033,CAR-052,Kolkata,Jaipur,CREATED,1,0,0,0,STALE,2026-09-03T19:08:00+00:00,2026-09-03T19:08:00+00:00
SHP-3660,SELLER-464,WH-024,CAR-034,Pune,Bengaluru,OUT_FOR_DELIVERY,4,0,0,0,STALE,2026-09-05T02:08:00+00:00,2026-09-05T09:16:00+00:00
SHP-3661,SELLER-287,WH-038,CAR-022,Jaipur,Surat,DELIVERED,5,0,0,0,STALE,2026-09-02T20:53:00+00:00,2026-09-03T07:50:00+00:00
SHP-3662,SELLER-256,WH-044,CAR-005,Ahmedabad,Mumbai,DELIVERED,5,0,0,0,FRESH,2026-09-07T20:10:00+00:00,2026-09-08T06:00:00+00:00
SHP-3663,SELLER-458,WH-030,CAR-001,Jaipur,Hyderabad,IN_TRANSIT,3,0,0,0,STALE,2026-09-05T12:24:00+00:00,2026-09-05T16:55:00+00:00
SHP-3664,SELLER-194,WH-016,CAR-033,Chennai,Ahmedabad,IN_TRANSIT,3,0,0,0,STALE,2026-09-01T12:50:00+00:00,2026-09-01T18:44:00+00:00
SHP-3665,SELLER-259,WH-039,CAR-049,Delhi,Surat,OUT_FOR_DELIVERY,4,0,0,0,STALE,2026-09-01T15:30:00+00:00,2026-09-02T01:19:00+00:00
SHP-3666,SELLER-239,WH-008,CAR-060,Mumbai,Bengaluru,PICKED_UP,2,0,0,0,STALE,2026-09-04T19:05:00+00:00,2026-09-04T22:01:00+00:00
SHP-3667,SELLER-244,WH-006,CAR-067,Surat,Jaipur,DELIVERED,5,0,0,0,STALE,2026-09-01T06:06:00+00:00,2026-09-01T15:43:00+00:00
SHP-3668,SELLER-243,WH-016,CAR-038,Mumbai,Jaipur,DELIVERED,5,0,0,0,STALE,2026-09-03T22:06:00+00:00,2026-09-04T04:26:00+00:00
SHP-3669,SELLER-407,WH-049,CAR-039,Surat,Mumbai,PICKED_UP,2,0,0,1,STALE,2026-09-05T16:08:00+00:00,2026-09-05T17:27:00+00:00
SHP-3670,SELLER-263,WH-027,CAR-092,Hyderabad,Surat,IN_TRANSIT,3,0,0,0,STALE,2026-09-01T05:12:00+00:00,2026-09-01T11:18:00+00:00
SHP-3671,SELLER-045,WH-027,CAR-047,Chennai,Ahmedabad,PICKED_UP,2,0,0,0,STALE,2026-09-01T05:22:00+00:00,2026-09-01T07:43:00+00:00
SHP-3672,SELLER-348,WH-031,CAR-063,Jaipur,Mumbai,DELIVERED,5,0,0,0,STALE,2026-09-03T08:47:00+00:00,2026-09-03T17:23:00+00:00
SHP-3673,SELLER-178,WH-002,CAR-074,Bengaluru,Kolkata,PICKED_UP,2,0,0,0,STALE,2026-09-04T23:53:00+00:00,2026-09-05T02:36:00+00:00
SHP-3674,SELLER-307,WH-010,CAR-077,Hyderabad,Ahmedabad,IN_TRANSIT,3,0,0,0,STALE,2026-09-03T07:49:00+00:00,2026-09-03T16:13:00+00:00
SHP-3675,SELLER-489,WH-050,CAR-036,Chennai,Surat,PICKED_UP,2,0,0,0,STALE,2026-09-06T08:54:00+00:00,2026-09-06T11:47:00+00:00
SHP-3676,SELLER-186,WH-004,CAR-078,Mumbai,Ahmedabad,DELIVERED,5,0,0,0,STALE,2026-09-03T17:17:00+00:00,2026-09-04T02:50:00+00:00
SHP-3677,SELLER-057,WH-045,CAR-078,Delhi,Kolkata,DELIVERED,5,0,0,0,STALE,2026-09-02T05:31:00+00:00,2026-09-02T13:27:00+00:00
SHP-3678,SELLER-088,WH-018,CAR-047,Mumbai,Ahmedabad,IN_TRANSIT,3,0,0,0,STALE,2026-09-02T00:22:00+00:00,2026-09-02T03:51:00+00:00
SHP-3679,SELLER-049,WH-031,CAR-019,Surat,Delhi,PICKED_UP,2,0,0,0,STALE,2026-09-04T17:05:00+00:00,2026-09-04T18:06:00+00:00
SHP-3680,SELLER-464,WH-024,CAR-032,Kolkata,Ahmedabad,PICKED_UP,2,0,0,0,STALE,2026-09-07T04:23:00+00:00,2026-09-07T05:28:00+00:00
SHP-3681,SELLER-012,WH-050,CAR-035,Bengaluru,Kolkata,CREATED,1,0,0,0,STALE,2026-09-06T01:52:00+00:00,2026-09-06T01:52:00+00:00
SHP-3682,SELLER-047,WH-049,CAR-055,Jaipur,Delhi,IN_TRANSIT,3,0,0,0,STALE,2026-09-07T22:32:00+00:00,2026-09-08T04:03:00+00:00
SHP-3683,SELLER-050,WH-026,CAR-025,Pune,Delhi,IN_TRANSIT,3,0,0,0,STALE,2026-09-01T01:04:00+00:00,2026-09-01T08:31:00+00:00
SHP-3684,SELLER-084,WH-014,CAR-018,Delhi,Kolkata,PICKED_UP,2,0,0,0,STALE,2026-09-05T22:10:00+00:00,2026-09-06T00:35:00+00:00
SHP-3685,SELLER-263,WH-048,CAR-011,Delhi,Pune,PICKED_UP,2,0,0,0,STALE,2026-09-04T08:10:00+00:00,2026-09-04T09:14:00+00:00
SHP-3686,SELLER-278,WH-018,CAR-062,Kolkata,Bengaluru,PICKED_UP,2,0,0,0,STALE,2026-09-06T07:08:00+00:00,2026-09-06T08:01:00+00:00
SHP-3687,SELLER-040,WH-001,CAR-045,Ahmedabad,Hyderabad,OUT_FOR_DELIVERY,4,0,0,0,STALE,2026-09-01T09:10:00+00:00,2026-09-01T16:16:00+00:00
SHP-3688,SELLER-119,WH-018,CAR-094,Kolkata,Mumbai,IN_TRANSIT,3,0,0,0,STALE,2026-09-07T16:21:00+00:00,2026-09-07T23:02:00+00:00
SHP-3689,SELLER-136,WH-032,CAR-018,Jaipur,Mumbai,OUT_FOR_DELIVERY,4,0,0,0,STALE,2026-09-06T03:00:00+00:00,2026-09-06T09:28:00+00:00
SHP-3690,SELLER-427,WH-029,CAR-057,Mumbai,Kolkata,IN_TRANSIT,3,0,0,0,STALE,2026-09-04T05:53:00+00:00,2026-09-04T10:30:00+00:00
SHP-3691,SELLER-474,WH-034,CAR-097,Chennai,Bengaluru,PICKED_UP,2,0,0,0,STALE,2026-09-05T20:02:00+00:00,2026-09-05T21:06:00+00:00
SHP-3692,SELLER-261,WH-012,CAR-003,Ahmedabad,Surat,DELIVERED,5,0,0,0,STALE,2026-09-07T18:11:00+00:00,2026-09-08T00:37:00+00:00
SHP-3693,SELLER-326,WH-023,CAR-087,Hyderabad,Jaipur,IN_TRANSIT,3,0,0,0,STALE,2026-09-03T09:46:00+00:00,2026-09-03T16:53:00+00:00
SHP-3694,SELLER-012,WH-001,CAR-087,Delhi,Chennai,IN_TRANSIT,3,0,0,0,STALE,2026-09-07T09:18:00+00:00,2026-09-07T16:42:00+00:00
SHP-3695,SELLER-314,WH-045,CAR-095,Hyderabad,Chennai,PICKED_UP,2,0,0,0,STALE,2026-09-01T09:16:00+00:00,2026-09-01T10:31:00+00:00
SHP-3696,SELLER-439,WH-042,CAR-060,Ahmedabad,Bengaluru,CREATED,1,0,0,0,STALE,2026-09-06T11:23:00+00:00,2026-09-06T11:23:00+00:00
SHP-3697,SELLER-054,WH-032,CAR-014,Kolkata,Bengaluru,DELIVERED,5,0,0,0,STALE,2026-09-07T04:01:00+00:00,2026-09-07T13:37:00+00:00
SHP-3698,SELLER-485,WH-023,CAR-011,Delhi,Chennai,IN_TRANSIT,3,0,0,0,STALE,2026-09-06T19:19:00+00:00,2026-09-07T02:20:00+00:00
SHP-3699,SELLER-057,WH-007,CAR-100,Ahmedabad,Mumbai,IN_TRANSIT,3,0,0,0,STALE,2026-09-07T15:07:00+00:00,2026-09-07T19:44:00+00:00
SHP-3700,SELLER-315,WH-044,CAR-085,Bengaluru,Delhi,CREATED,1,0,0,0,STALE,2026-09-07T20:26:00+00:00,2026-09-07T20:26:00+00:00
SHP-3701,SELLER-219,WH-033,CAR-036,Jaipur,Chennai,PICKED_UP,2,0,0,0,STALE,2026-09-03T14:36:00+00:00,2026-09-03T17:30:00+00:00
SHP-3702,SELLER-339,WH-028,CAR-081,Ahmedabad,Mumbai,PICKED_UP,2,0,0,0,STALE,2026-09-03T02:16:00+00:00,2026-09-03T04:12:00+00:00
SHP-3703,SELLER-166,WH-032,CAR-011,Surat,Hyderabad,IN_TRANSIT,3,0,0,0,STALE,2026-09-06T15:37:00+00:00,2026-09-06T17:42:00+00:00
SHP-3704,SELLER-206,WH-015,CAR-045,Surat,Delhi,CREATED,1,0,0,0,STALE,2026-09-06T08:23:00+00:00,2026-09-06T08:23:00+00:00
SHP-3705,SELLER-104,WH-018,CAR-002,Kolkata,Mumbai,IN_TRANSIT,3,0,0,0,STALE,2026-09-07T01:33:00+00:00,2026-09-07T07:13:00+00:00
SHP-3706,SELLER-193,WH-008,CAR-009,Kolkata,Hyderabad,CREATED,1,0,0,0,STALE,2026-09-02T07:38:00+00:00,2026-09-02T07:38:00+00:00
SHP-3707,SELLER-433,WH-045,CAR-067,Jaipur,Kolkata,IN_TRANSIT,3,0,0,0,STALE,2026-09-07T19:07:00+00:00,2026-09-08T00:05:00+00:00
SHP-3708,SELLER-202,WH-042,CAR-050,Pune,Hyderabad,IN_TRANSIT,3,1,0,0,STALE,2026-09-04T04:04:00+00:00,2026-09-04T05:56:00+00:00
SHP-3709,SELLER-456,WH-008,CAR-014,Bengaluru,Ahmedabad,PICKED_UP,2,0,0,0,STALE,2026-09-02T20:57:00+00:00,2026-09-02T22:37:00+00:00
SHP-3710,SELLER-396,WH-017,CAR-073,Kolkata,Mumbai,OUT_FOR_DELIVERY,4,0,0,0,FRESH,2026-09-07T21:59:00+00:00,2026-09-08T06:21:00+00:00
SHP-3711,SELLER-146,WH-016,CAR-052,Surat,Jaipur,DELIVERED,5,0,0,0,STALE,2026-09-01T11:08:00+00:00,2026-09-01T18:20:00+00:00
SHP-3712,SELLER-018,WH-001,CAR-054,Surat,Kolkata,IN_TRANSIT,3,0,0,0,STALE,2026-09-07T03:42:00+00:00,2026-09-07T11:29:00+00:00
SHP-3713,SELLER-198,WH-019,CAR-003,Chennai,Bengaluru,IN_TRANSIT,3,0,0,0,STALE,2026-09-01T00:47:00+00:00,2026-09-01T08:21:00+00:00
SHP-3714,SELLER-031,WH-025,CAR-058,Mumbai,Bengaluru,IN_TRANSIT,3,0,0,0,STALE,2026-09-06T00:35:00+00:00,2026-09-06T06:27:00+00:00
SHP-3715,SELLER-169,WH-014,CAR-093,Ahmedabad,Hyderabad,IN_TRANSIT,3,0,0,0,STALE,2026-09-05T00:37:00+00:00,2026-09-05T08:05:00+00:00
SHP-3716,SELLER-290,WH-016,CAR-033,Ahmedabad,Surat,CREATED,1,0,0,0,STALE,2026-09-02T16:21:00+00:00,2026-09-02T16:21:00+00:00
SHP-3717,SELLER-265,WH-036,CAR-066,Mumbai,Bengaluru,IN_TRANSIT,3,0,0,0,STALE,2026-09-07T08:20:00+00:00,2026-09-07T12:42:00+00:00
SHP-3718,SELLER-269,WH-008,CAR-060,Pune,Delhi,PICKED_UP,2,0,0,0,STALE,2026-09-02T23:11:00+00:00,2026-09-03T01:06:00+00:00
SHP-3719,SELLER-380,WH-046,CAR-080,Mumbai,Chennai,OUT_FOR_DELIVERY,4,0,0,0,STALE,2026-09-06T06:31:00+00:00,2026-09-06T14:23:00+00:00
SHP-3720,SELLER-223,WH-045,CAR-003,Bengaluru,Kolkata,DELIVERED,5,0,0,0,STALE,2026-09-02T13:56:00+00:00,2026-09-03T01:03:00+00:00
SHP-3721,SELLER-045,WH-039,CAR-051,Mumbai,Kolkata,IN_TRANSIT,3,0,0,1,STALE,2026-09-01T04:52:00+00:00,2026-09-01T10:20:00+00:00
SHP-3722,SELLER-293,WH-028,CAR-022,Kolkata,Delhi,DELIVERED,5,0,0,0,STALE,2026-09-05T18:57:00+00:00,2026-09-06T03:15:00+00:00
SHP-3723,SELLER-183,WH-045,CAR-020,Hyderabad,Kolkata,PICKED_UP,2,1,0,0,STALE,2026-09-03T17:42:00+00:00,2026-09-03T19:34:00+00:00
SHP-3724,SELLER-472,WH-023,CAR-072,Mumbai,Delhi,CANCELLED,2,0,0,0,STALE,2026-09-04T03:45:00+00:00,2026-09-04T04:29:00+00:00
SHP-3725,SELLER-115,WH-021,CAR-006,Surat,Pune,OUT_FOR_DELIVERY,4,0,0,0,STALE,2026-09-01T13:19:00+00:00,2026-09-02T00:23:00+00:00
SHP-3726,SELLER-093,WH-027,CAR-001,Mumbai,Jaipur,CANCELLED,2,0,0,0,STALE,2026-09-06T02:10:00+00:00,2026-09-06T04:26:00+00:00
SHP-3727,SELLER-105,WH-009,CAR-056,Mumbai,Hyderabad,PICKED_UP,2,0,0,0,STALE,2026-09-03T22:59:00+00:00,2026-09-04T01:24:00+00:00
SHP-3728,SELLER-498,WH-036,CAR-017,Chennai,Hyderabad,IN_TRANSIT,3,0,0,0,STALE,2026-09-02T12:12:00+00:00,2026-09-02T16:16:00+00:00
SHP-3729,SELLER-009,WH-050,CAR-059,Mumbai,Surat,DELIVERED,5,0,0,0,STALE,2026-09-05T05:38:00+00:00,2026-09-05T15:14:00+00:00
SHP-3730,SELLER-352,WH-007,CAR-100,Jaipur,Hyderabad,IN_TRANSIT,3,0,0,0,STALE,2026-09-03T16:39:00+00:00,2026-09-04T00:45:00+00:00
SHP-3731,SELLER-267,WH-030,CAR-097,Mumbai,Ahmedabad,IN_TRANSIT,3,0,0,0,STALE,2026-09-03T09:08:00+00:00,2026-09-03T16:13:00+00:00
SHP-3732,SELLER-049,WH-033,CAR-020,Mumbai,Pune,PICKED_UP,2,0,0,0,STALE,2026-09-03T23:46:00+00:00,2026-09-04T00:50:00+00:00
SHP-3733,SELLER-054,WH-035,CAR-070,Chennai,Hyderabad,PICKED_UP,2,0,0,0,STALE,2026-09-01T21:17:00+00:00,2026-09-02T00:14:00+00:00
SHP-3734,SELLER-358,WH-046,CAR-044,Kolkata,Jaipur,DELIVERED,5,0,0,0,STALE,2026-09-05T10:00:00+00:00,2026-09-05T16:31:00+00:00
SHP-3735,SELLER-354,WH-031,CAR-089,Hyderabad,Mumbai,IN_TRANSIT,3,0,0,0,STALE,2026-09-06T01:20:00+00:00,2026-09-06T05:55:00+00:00
SHP-3736,SELLER-067,WH-012,CAR-038,Delhi,Chennai,PICKED_UP,2,0,0,0,STALE,2026-09-06T02:54:00+00:00,2026-09-06T05:07:00+00:00
SHP-3737,SELLER-339,WH-047,CAR-025,Kolkata,Mumbai,DELIVERED,5,0,0,0,STALE,2026-09-06T03:19:00+00:00,2026-09-06T10:31:00+00:00
SHP-3738,SELLER-416,WH-031,CAR-055,Hyderabad,Delhi,CREATED,1,0,0,0,STALE,2026-09-02T07:50:00+00:00,2026-09-02T07:50:00+00:00
SHP-3739,SELLER-256,WH-049,CAR-089,Chennai,Mumbai,CREATED,1,0,0,0,STALE,2026-09-01T10:57:00+00:00,2026-09-01T10:57:00+00:00
SHP-3740,SELLER-445,WH-008,CAR-004,Hyderabad,Ahmedabad,CREATED,1,0,0,0,STALE,2026-09-04T18:32:00+00:00,2026-09-04T18:32:00+00:00
SHP-3741,SELLER-332,WH-003,CAR-040,Surat,Kolkata,DELIVERED,5,0,0,0,STALE,2026-09-05T18:01:00+00:00,2026-09-06T04:00:00+00:00
SHP-3742,SELLER-118,WH-037,CAR-024,Surat,Bengaluru,PICKED_UP,2,0,0,0,STALE,2026-09-03T10:33:00+00:00,2026-09-03T12:21:00+00:00
SHP-3743,SELLER-012,WH-032,CAR-099,Pune,Ahmedabad,IN_TRANSIT,3,0,0,0,STALE,2026-09-06T09:11:00+00:00,2026-09-06T13:25:00+00:00
SHP-3744,SELLER-217,WH-016,CAR-098,Mumbai,Chennai,DELIVERED,5,0,0,0,STALE,2026-09-04T08:40:00+00:00,2026-09-04T16:12:00+00:00
SHP-3745,SELLER-349,WH-008,CAR-072,Delhi,Chennai,PICKED_UP,2,0,0,0,STALE,2026-09-04T00:47:00+00:00,2026-09-04T03:43:00+00:00
SHP-3746,SELLER-342,WH-020,CAR-069,Hyderabad,Surat,IN_TRANSIT,3,0,0,0,STALE,2026-09-05T11:52:00+00:00,2026-09-05T16:11:00+00:00
SHP-3747,SELLER-318,WH-048,CAR-076,Mumbai,Kolkata,CREATED,1,0,0,0,STALE,2026-09-01T15:08:00+00:00,2026-09-01T15:08:00+00:00
SHP-3748,SELLER-033,WH-015,CAR-026,Surat,Mumbai,PICKED_UP,2,0,0,0,STALE,2026-09-07T02:06:00+00:00,2026-09-07T04:28:00+00:00
SHP-3749,SELLER-483,WH-050,CAR-017,Chennai,Pune,PICKED_UP,2,0,0,0,STALE,2026-09-05T04:11:00+00:00,2026-09-05T06:06:00+00:00
SHP-3750,SELLER-227,WH-012,CAR-002,Pune,Jaipur,IN_TRANSIT,3,0,0,0,STALE,2026-09-03T11:27:00+00:00,2026-09-03T16:43:00+00:00
SHP-3751,SELLER-083,WH-004,CAR-092,Ahmedabad,Kolkata,DELIVERED,5,0,0,0,STALE,2026-09-03T09:55:00+00:00,2026-09-03T21:56:00+00:00
SHP-3752,SELLER-453,WH-047,CAR-042,Bengaluru,Jaipur,PICKED_UP,2,1,0,0,STALE,2026-09-06T16:37:00+00:00,2026-09-06T19:23:00+00:00
SHP-3753,SELLER-019,WH-026,CAR-066,Mumbai,Pune,CREATED,1,0,0,0,STALE,2026-09-01T23:39:00+00:00,2026-09-01T23:39:00+00:00
SHP-3754,SELLER-213,WH-009,CAR-059,Jaipur,Kolkata,IN_TRANSIT,3,0,0,0,STALE,2026-09-05T15:07:00+00:00,2026-09-05T18:17:00+00:00
SHP-3755,SELLER-419,WH-033,CAR-016,Hyderabad,Kolkata,DELIVERED,5,0,0,0,STALE,2026-09-05T15:49:00+00:00,2026-09-05T23:57:00+00:00
SHP-3756,SELLER-125,WH-035,CAR-034,Kolkata,Pune,PICKED_UP,2,0,0,0,STALE,2026-09-01T00:54:00+00:00,2026-09-01T01:56:00+00:00
SHP-3757,SELLER-499,WH-044,CAR-067,Jaipur,Hyderabad,IN_TRANSIT,3,0,0,0,STALE,2026-09-03T07:50:00+00:00,2026-09-03T10:20:00+00:00
SHP-3758,SELLER-365,WH-015,CAR-004,Surat,Delhi,OUT_FOR_DELIVERY,4,0,0,0,STALE,2026-09-03T02:36:00+00:00,2026-09-03T12:02:00+00:00
SHP-3759,SELLER-420,WH-044,CAR-052,Jaipur,Chennai,OUT_FOR_DELIVERY,4,0,0,0,STALE,2026-09-02T19:23:00+00:00,2026-09-03T01:33:00+00:00
SHP-3760,SELLER-114,WH-021,CAR-089,Hyderabad,Ahmedabad,PICKED_UP,2,0,0,0,STALE,2026-09-07T19:12:00+00:00,2026-09-07T19:46:00+00:00
SHP-3761,SELLER-171,WH-013,CAR-007,Mumbai,Chennai,PICKED_UP,2,0,0,0,STALE,2026-09-03T20:56:00+00:00,2026-09-03T23:16:00+00:00
SHP-3762,SELLER-239,WH-004,CAR-055,Ahmedabad,Kolkata,DELIVERED,5,0,0,0,STALE,2026-09-04T09:29:00+00:00,2026-09-04T16:32:00+00:00
SHP-3763,SELLER-093,WH-002,CAR-045,Kolkata,Pune,CANCELLED,2,0,0,0,STALE,2026-09-02T20:26:00+00:00,2026-09-02T22:37:00+00:00
SHP-3764,SELLER-465,WH-050,CAR-100,Jaipur,Kolkata,DELIVERED,5,0,0,0,STALE,2026-09-05T00:03:00+00:00,2026-09-05T07:53:00+00:00
SHP-3765,SELLER-077,WH-036,CAR-065,Hyderabad,Chennai,DELIVERED,5,0,0,0,STALE,2026-09-07T14:22:00+00:00,2026-09-07T23:50:00+00:00
SHP-3766,SELLER-482,WH-050,CAR-093,Delhi,Surat,PICKED_UP,2,0,0,0,STALE,2026-09-04T13:05:00+00:00,2026-09-04T13:43:00+00:00
SHP-3767,SELLER-218,WH-007,CAR-033,Mumbai,Ahmedabad,DELIVERED,5,0,0,0,STALE,2026-09-03T15:46:00+00:00,2026-09-03T23:02:00+00:00
SHP-3768,SELLER-151,WH-001,CAR-057,Surat,Chennai,IN_TRANSIT,3,0,0,0,STALE,2026-09-06T00:55:00+00:00,2026-09-06T09:08:00+00:00
SHP-3769,SELLER-179,WH-050,CAR-077,Bengaluru,Pune,DELIVERED,5,0,0,0,STALE,2026-09-02T22:36:00+00:00,2026-09-03T08:18:00+00:00
SHP-3770,SELLER-441,WH-049,CAR-067,Ahmedabad,Jaipur,DELIVERED,5,0,0,0,STALE,2026-09-04T23:22:00+00:00,2026-09-05T09:01:00+00:00
SHP-3771,SELLER-018,WH-041,CAR-009,Pune,Surat,IN_TRANSIT,3,0,0,0,STALE,2026-09-01T03:45:00+00:00,2026-09-01T12:14:00+00:00
SHP-3772,SELLER-306,WH-007,CAR-040,Mumbai,Pune,OUT_FOR_DELIVERY,4,0,0,0,STALE,2026-09-07T13:24:00+00:00,2026-09-07T22:56:00+00:00
SHP-3773,SELLER-470,WH-027,CAR-095,Pune,Jaipur,IN_TRANSIT,3,0,0,0,STALE,2026-09-05T18:27:00+00:00,2026-09-05T22:48:00+00:00
SHP-3774,SELLER-189,WH-038,CAR-048,Delhi,Kolkata,CREATED,1,0,0,0,STALE,2026-09-06T14:57:00+00:00,2026-09-06T14:57:00+00:00
SHP-3775,SELLER-221,WH-034,CAR-064,Hyderabad,Jaipur,IN_TRANSIT,3,0,0,0,STALE,2026-09-04T13:52:00+00:00,2026-09-04T17:09:00+00:00
SHP-3776,SELLER-014,WH-011,CAR-085,Jaipur,Surat,PICKED_UP,2,0,0,0,STALE,2026-09-02T08:00:00+00:00,2026-09-02T10:56:00+00:00
SHP-3777,SELLER-044,WH-006,CAR-095,Delhi,Bengaluru,DELIVERED,5,0,0,0,STALE,2026-09-06T03:47:00+00:00,2026-09-06T15:33:00+00:00
SHP-3778,SELLER-029,WH-012,CAR-095,Mumbai,Chennai,PICKED_UP,2,1,0,0,STALE,2026-09-07T03:11:00+00:00,2026-09-07T04:48:00+00:00
SHP-3779,SELLER-496,WH-002,CAR-096,Ahmedabad,Bengaluru,IN_TRANSIT,3,0,0,0,STALE,2026-09-06T05:58:00+00:00,2026-09-06T11:27:00+00:00
SHP-3780,SELLER-347,WH-020,CAR-087,Ahmedabad,Bengaluru,DELIVERED,5,0,0,0,STALE,2026-09-05T09:27:00+00:00,2026-09-05T18:20:00+00:00
SHP-3781,SELLER-293,WH-030,CAR-020,Delhi,Hyderabad,OUT_FOR_DELIVERY,4,0,0,0,STALE,2026-09-06T22:52:00+00:00,2026-09-07T05:54:00+00:00
SHP-3782,SELLER-282,WH-012,CAR-073,Bengaluru,Hyderabad,DELIVERED,5,0,0,1,STALE,2026-09-04T15:58:00+00:00,2026-09-04T23:31:00+00:00
SHP-3783,SELLER-497,WH-046,CAR-036,Surat,Hyderabad,CREATED,1,0,0,0,STALE,2026-09-04T08:05:00+00:00,2026-09-04T08:05:00+00:00
SHP-3784,SELLER-307,WH-004,CAR-034,Hyderabad,Jaipur,PICKED_UP,2,0,0,0,STALE,2026-09-04T22:32:00+00:00,2026-09-05T01:07:00+00:00
SHP-3785,SELLER-010,WH-049,CAR-056,Bengaluru,Surat,OUT_FOR_DELIVERY,4,1,1,0,STALE,2026-09-02T11:16:00+00:00,2026-09-02T20:09:00+00:00
SHP-3786,SELLER-406,WH-036,CAR-018,Hyderabad,Ahmedabad,PICKED_UP,2,0,0,0,STALE,2026-09-04T13:36:00+00:00,2026-09-04T14:07:00+00:00
SHP-3787,SELLER-062,WH-009,CAR-066,Jaipur,Mumbai,IN_TRANSIT,3,0,0,0,STALE,2026-09-01T05:42:00+00:00,2026-09-01T10:02:00+00:00
SHP-3788,SELLER-074,WH-015,CAR-040,Hyderabad,Delhi,PICKED_UP,2,0,0,0,STALE,2026-09-05T11:01:00+00:00,2026-09-05T13:43:00+00:00
SHP-3789,SELLER-131,WH-049,CAR-070,Surat,Hyderabad,IN_TRANSIT,3,0,0,0,STALE,2026-09-02T21:32:00+00:00,2026-09-03T02:30:00+00:00
SHP-3790,SELLER-299,WH-037,CAR-057,Mumbai,Bengaluru,IN_TRANSIT,3,0,0,0,STALE,2026-09-02T01:36:00+00:00,2026-09-02T06:44:00+00:00
SHP-3791,SELLER-349,WH-012,CAR-011,Hyderabad,Pune,OUT_FOR_DELIVERY,4,0,0,0,STALE,2026-09-04T10:26:00+00:00,2026-09-04T19:48:00+00:00
SHP-3792,SELLER-396,WH-017,CAR-022,Delhi,Pune,IN_TRANSIT,3,0,0,0,STALE,2026-09-06T03:32:00+00:00,2026-09-06T08:16:00+00:00
SHP-3793,SELLER-225,WH-018,CAR-029,Delhi,Bengaluru,OUT_FOR_DELIVERY,4,0,0,0,STALE,2026-09-01T14:15:00+00:00,2026-09-01T23:28:00+00:00
SHP-3794,SELLER-390,WH-024,CAR-065,Kolkata,Surat,IN_TRANSIT,3,0,0,0,STALE,2026-09-06T12:51:00+00:00,2026-09-06T17:35:00+00:00
SHP-3795,SELLER-497,WH-038,CAR-005,Delhi,Hyderabad,IN_TRANSIT,3,0,0,0,STALE,2026-09-07T17:41:00+00:00,2026-09-07T23:19:00+00:00
SHP-3796,SELLER-087,WH-030,CAR-095,Jaipur,Mumbai,PICKED_UP,2,0,0,0,STALE,2026-09-01T11:59:00+00:00,2026-09-01T14:11:00+00:00
SHP-3797,SELLER-409,WH-040,CAR-046,Delhi,Chennai,PICKED_UP,2,0,0,0,STALE,2026-09-02T12:16:00+00:00,2026-09-02T14:09:00+00:00
SHP-3798,SELLER-460,WH-029,CAR-020,Bengaluru,Delhi,IN_TRANSIT,3,0,0,0,STALE,2026-09-01T06:12:00+00:00,2026-09-01T11:30:00+00:00
SHP-3799,SELLER-246,WH-016,CAR-048,Mumbai,Bengaluru,DELIVERED,5,0,0,0,STALE,2026-09-06T03:46:00+00:00,2026-09-06T15:08:00+00:00
SHP-3800,SELLER-322,WH-032,CAR-067,Jaipur,Bengaluru,PICKED_UP,2,0,0,0,STALE,2026-09-02T21:14:00+00:00,2026-09-03T00:11:00+00:00
SHP-3801,SELLER-001,WH-001,CAR-072,Chennai,Hyderabad,PICKED_UP,2,0,0,0,STALE,2026-09-07T01:39:00+00:00,2026-09-07T02:39:00+00:00
SHP-3802,SELLER-010,WH-013,CAR-079,Chennai,Bengaluru,OUT_FOR_DELIVERY,4,0,0,0,STALE,2026-09-03T14:45:00+00:00,2026-09-03T21:50:00+00:00
SHP-3803,SELLER-015,WH-050,CAR-035,Jaipur,Surat,IN_TRANSIT,3,0,0,0,STALE,2026-09-07T04:56:00+00:00,2026-09-07T13:33:00+00:00
SHP-3804,SELLER-091,WH-042,CAR-075,Delhi,Jaipur,IN_TRANSIT,3,0,0,0,STALE,2026-09-07T17:13:00+00:00,2026-09-08T01:32:00+00:00
SHP-3805,SELLER-049,WH-041,CAR-005,Pune,Delhi,CREATED,1,0,0,0,STALE,2026-09-05T21:06:00+00:00,2026-09-05T21:06:00+00:00
SHP-3806,SELLER-288,WH-027,CAR-026,Bengaluru,Hyderabad,IN_TRANSIT,3,0,0,0,STALE,2026-09-05T09:48:00+00:00,2026-09-05T15:40:00+00:00
SHP-3807,SELLER-358,WH-040,CAR-069,Pune,Hyderabad,PICKED_UP,2,0,0,0,STALE,2026-09-04T02:50:00+00:00,2026-09-04T03:36:00+00:00
SHP-3808,SELLER-176,WH-017,CAR-086,Delhi,Jaipur,OUT_FOR_DELIVERY,4,0,0,0,STALE,2026-09-02T23:51:00+00:00,2026-09-03T09:30:00+00:00
SHP-3809,SELLER-090,WH-015,CAR-003,Delhi,Chennai,IN_TRANSIT,3,0,0,0,STALE,2026-09-06T09:48:00+00:00,2026-09-06T16:18:00+00:00
SHP-3810,SELLER-374,WH-043,CAR-019,Chennai,Mumbai,DELIVERED,5,0,0,0,STALE,2026-09-04T00:44:00+00:00,2026-09-04T09:34:00+00:00
SHP-3811,SELLER-239,WH-029,CAR-060,Mumbai,Surat,OUT_FOR_DELIVERY,4,0,0,0,STALE,2026-09-05T15:14:00+00:00,2026-09-05T22:18:00+00:00
SHP-3812,SELLER-119,WH-017,CAR-089,Jaipur,Pune,OUT_FOR_DELIVERY,4,0,0,0,STALE,2026-09-07T18:36:00+00:00,2026-09-08T02:59:00+00:00
SHP-3813,SELLER-385,WH-013,CAR-050,Bengaluru,Pune,PICKED_UP,2,1,0,0,STALE,2026-09-07T19:01:00+00:00,2026-09-07T21:50:00+00:00
SHP-3814,SELLER-017,WH-031,CAR-090,Ahmedabad,Surat,PICKED_UP,2,0,0,0,STALE,2026-09-02T07:55:00+00:00,2026-09-02T09:05:00+00:00
SHP-3815,SELLER-037,WH-038,CAR-070,Ahmedabad,Bengaluru,PICKED_UP,2,0,0,0,STALE,2026-09-03T02:05:00+00:00,2026-09-03T03:56:00+00:00
SHP-3816,SELLER-119,WH-040,CAR-087,Delhi,Chennai,IN_TRANSIT,3,0,0,0,STALE,2026-09-03T22:30:00+00:00,2026-09-04T03:59:00+00:00
SHP-3817,SELLER-228,WH-034,CAR-064,Surat,Delhi,PICKED_UP,2,0,0,0,STALE,2026-09-05T23:35:00+00:00,2026-09-06T00:24:00+00:00
SHP-3818,SELLER-286,WH-025,CAR-058,Surat,Hyderabad,CREATED,1,0,0,0,STALE,2026-09-01T01:34:00+00:00,2026-09-01T01:34:00+00:00
SHP-3819,SELLER-062,WH-014,CAR-061,Pune,Surat,DELIVERED,5,0,0,0,STALE,2026-09-03T04:10:00+00:00,2026-09-03T12:34:00+00:00
SHP-3820,SELLER-257,WH-005,CAR-023,Mumbai,Chennai,DELIVERED,5,0,0,0,STALE,2026-09-03T11:19:00+00:00,2026-09-03T19:47:00+00:00
SHP-3821,SELLER-163,WH-027,CAR-017,Jaipur,Hyderabad,PICKED_UP,2,0,0,0,STALE,2026-09-06T13:03:00+00:00,2026-09-06T15:51:00+00:00
SHP-3822,SELLER-371,WH-007,CAR-022,Kolkata,Delhi,CREATED,1,0,0,0,STALE,2026-09-04T00:27:00+00:00,2026-09-04T00:27:00+00:00
SHP-3823,SELLER-096,WH-003,CAR-073,Mumbai,Surat,PICKED_UP,2,0,0,0,STALE,2026-09-02T08:08:00+00:00,2026-09-02T09:52:00+00:00
SHP-3824,SELLER-221,WH-043,CAR-060,Jaipur,Chennai,CREATED,1,0,0,0,STALE,2026-09-02T02:37:00+00:00,2026-09-02T02:37:00+00:00
SHP-3825,SELLER-087,WH-039,CAR-096,Hyderabad,Bengaluru,IN_TRANSIT,3,0,0,0,STALE,2026-09-03T10:59:00+00:00,2026-09-03T18:31:00+00:00
SHP-3826,SELLER-378,WH-042,CAR-014,Surat,Pune,IN_TRANSIT,3,0,0,0,STALE,2026-09-02T03:12:00+00:00,2026-09-02T10:16:00+00:00
SHP-3827,SELLER-180,WH-016,CAR-066,Kolkata,Mumbai,DELIVERED,5,0,0,0,STALE,2026-09-03T23:38:00+00:00,2026-09-04T08:12:00+00:00
SHP-3828,SELLER-443,WH-012,CAR-071,Ahmedabad,Jaipur,PICKED_UP,2,0,0,1,STALE,2026-09-04T20:45:00+00:00,2026-09-04T22:37:00+00:00
SHP-3829,SELLER-128,WH-046,CAR-016,Delhi,Chennai,DELIVERED,5,0,0,0,STALE,2026-09-02T22:04:00+00:00,2026-09-03T05:52:00+00:00
SHP-3830,SELLER-068,WH-022,CAR-033,Pune,Jaipur,DELIVERED,5,0,0,0,STALE,2026-09-02T16:33:00+00:00,2026-09-02T22:48:00+00:00
SHP-3831,SELLER-219,WH-012,CAR-052,Ahmedabad,Hyderabad,CREATED,1,0,0,0,STALE,2026-09-07T13:55:00+00:00,2026-09-07T13:55:00+00:00
SHP-3832,SELLER-236,WH-014,CAR-060,Delhi,Chennai,IN_TRANSIT,3,0,0,0,STALE,2026-09-02T06:24:00+00:00,2026-09-02T11:59:00+00:00
SHP-3833,SELLER-348,WH-046,CAR-024,Surat,Mumbai,DELIVERED,5,0,0,1,STALE,2026-09-05T02:52:00+00:00,2026-09-05T12:35:00+00:00
SHP-3834,SELLER-276,WH-015,CAR-042,Pune,Bengaluru,OUT_FOR_DELIVERY,4,0,0,0,STALE,2026-09-02T12:49:00+00:00,2026-09-02T21:15:00+00:00
SHP-3835,SELLER-125,WH-035,CAR-095,Bengaluru,Pune,IN_TRANSIT,3,0,0,1,STALE,2026-09-05T10:57:00+00:00,2026-09-05T17:20:00+00:00
SHP-3836,SELLER-099,WH-006,CAR-057,Delhi,Ahmedabad,DELIVERED,5,0,0,0,STALE,2026-09-01T17:52:00+00:00,2026-09-02T01:42:00+00:00
SHP-3837,SELLER-172,WH-004,CAR-068,Jaipur,Ahmedabad,IN_TRANSIT,3,0,0,0,STALE,2026-09-04T19:28:00+00:00,2026-09-05T02:23:00+00:00
SHP-3838,SELLER-219,WH-046,CAR-054,Jaipur,Bengaluru,IN_TRANSIT,3,0,0,0,STALE,2026-09-04T18:07:00+00:00,2026-09-04T22:29:00+00:00
SHP-3839,SELLER-093,WH-006,CAR-061,Ahmedabad,Surat,OUT_FOR_DELIVERY,4,0,0,0,STALE,2026-09-04T08:06:00+00:00,2026-09-04T17:24:00+00:00
SHP-3840,SELLER-370,WH-033,CAR-086,Chennai,Kolkata,IN_TRANSIT,3,0,0,0,STALE,2026-09-05T05:55:00+00:00,2026-09-05T12:35:00+00:00
SHP-3841,SELLER-492,WH-005,CAR-093,Kolkata,Ahmedabad,IN_TRANSIT,3,0,0,0,STALE,2026-09-06T09:06:00+00:00,2026-09-06T14:05:00+00:00
SHP-3842,SELLER-388,WH-040,CAR-073,Jaipur,Mumbai,IN_TRANSIT,3,1,0,0,STALE,2026-09-05T04:20:00+00:00,2026-09-05T12:30:00+00:00
SHP-3843,SELLER-419,WH-007,CAR-055,Hyderabad,Ahmedabad,CREATED,1,0,0,0,STALE,2026-09-05T13:43:00+00:00,2026-09-05T13:43:00+00:00
SHP-3844,SELLER-289,WH-050,CAR-026,Delhi,Hyderabad,IN_TRANSIT,3,0,0,0,STALE,2026-09-04T17:49:00+00:00,2026-09-04T22:08:00+00:00
SHP-3845,SELLER-334,WH-010,CAR-046,Hyderabad,Surat,PICKED_UP,2,0,0,0,STALE,2026-09-07T13:49:00+00:00,2026-09-07T16:27:00+00:00
SHP-3846,SELLER-482,WH-026,CAR-055,Pune,Kolkata,PICKED_UP,2,0,0,0,STALE,2026-09-06T16:31:00+00:00,2026-09-06T18:55:00+00:00
SHP-3847,SELLER-011,WH-002,CAR-020,Jaipur,Mumbai,CREATED,1,0,0,0,STALE,2026-09-01T05:20:00+00:00,2026-09-01T05:20:00+00:00
SHP-3848,SELLER-459,WH-011,CAR-096,Pune,Ahmedabad,IN_TRANSIT,3,0,0,1,STALE,2026-09-02T00:35:00+00:00,2026-09-02T06:39:00+00:00
SHP-3849,SELLER-298,WH-005,CAR-051,Delhi,Jaipur,OUT_FOR_DELIVERY,4,0,0,0,STALE,2026-09-05T17:02:00+00:00,2026-09-05T21:33:00+00:00
SHP-3850,SELLER-060,WH-024,CAR-026,Kolkata,Chennai,IN_TRANSIT,3,0,0,0,STALE,2026-09-07T15:52:00+00:00,2026-09-07T22:46:00+00:00
SHP-3851,SELLER-070,WH-039,CAR-097,Chennai,Hyderabad,IN_TRANSIT,3,0,1,0,STALE,2026-09-02T05:52:00+00:00,2026-09-02T11:53:00+00:00
SHP-3852,SELLER-114,WH-019,CAR-072,Pune,Hyderabad,IN_TRANSIT,3,0,0,0,STALE,2026-09-06T13:05:00+00:00,2026-09-06T15:25:00+00:00
SHP-3853,SELLER-439,WH-021,CAR-088,Chennai,Kolkata,IN_TRANSIT,3,0,0,0,STALE,2026-09-05T07:01:00+00:00,2026-09-05T10:50:00+00:00
SHP-3854,SELLER-055,WH-025,CAR-036,Jaipur,Pune,OUT_FOR_DELIVERY,4,0,0,0,STALE,2026-09-07T00:14:00+00:00,2026-09-07T06:53:00+00:00
SHP-3855,SELLER-149,WH-045,CAR-080,Pune,Chennai,DELIVERED,5,0,0,0,STALE,2026-09-05T04:02:00+00:00,2026-09-05T14:58:00+00:00
SHP-3856,SELLER-454,WH-022,CAR-074,Kolkata,Chennai,DELIVERED,5,0,0,0,STALE,2026-09-01T22:55:00+00:00,2026-09-02T09:45:00+00:00
SHP-3857,SELLER-395,WH-005,CAR-001,Delhi,Bengaluru,IN_TRANSIT,3,0,0,0,STALE,2026-09-03T07:55:00+00:00,2026-09-03T13:50:00+00:00
SHP-3858,SELLER-483,WH-009,CAR-009,Delhi,Mumbai,DELIVERED,5,0,0,0,STALE,2026-09-01T01:40:00+00:00,2026-09-01T10:05:00+00:00
SHP-3859,SELLER-154,WH-012,CAR-045,Kolkata,Ahmedabad,DELIVERED,5,0,0,0,STALE,2026-09-06T21:14:00+00:00,2026-09-07T06:05:00+00:00
SHP-3860,SELLER-255,WH-014,CAR-077,Delhi,Hyderabad,OUT_FOR_DELIVERY,4,0,0,0,STALE,2026-09-05T16:21:00+00:00,2026-09-06T00:48:00+00:00
SHP-3861,SELLER-399,WH-049,CAR-094,Chennai,Surat,IN_TRANSIT,3,0,0,0,STALE,2026-09-07T13:13:00+00:00,2026-09-07T17:39:00+00:00
SHP-3862,SELLER-157,WH-034,CAR-026,Bengaluru,Jaipur,IN_TRANSIT,3,0,0,0,STALE,2026-09-06T06:11:00+00:00,2026-09-06T11:01:00+00:00
SHP-3863,SELLER-357,WH-026,CAR-098,Delhi,Chennai,PICKED_UP,2,0,0,0,STALE,2026-09-05T20:13:00+00:00,2026-09-05T22:00:00+00:00
SHP-3864,SELLER-349,WH-048,CAR-018,Chennai,Bengaluru,CREATED,1,0,0,0,STALE,2026-09-05T16:11:00+00:00,2026-09-05T16:11:00+00:00
SHP-3865,SELLER-218,WH-031,CAR-047,Bengaluru,Hyderabad,IN_TRANSIT,3,0,0,0,STALE,2026-09-07T20:26:00+00:00,2026-09-08T00:35:00+00:00
SHP-3866,SELLER-054,WH-003,CAR-016,Bengaluru,Kolkata,OUT_FOR_DELIVERY,4,0,0,0,STALE,2026-09-03T11:05:00+00:00,2026-09-03T18:51:00+00:00
SHP-3867,SELLER-011,WH-004,CAR-094,Jaipur,Ahmedabad,DELIVERED,5,0,0,0,STALE,2026-09-05T14:22:00+00:00,2026-09-06T00:05:00+00:00
SHP-3868,SELLER-240,WH-022,CAR-047,Pune,Hyderabad,PICKED_UP,2,0,0,0,STALE,2026-09-02T14:39:00+00:00,2026-09-02T15:53:00+00:00
SHP-3869,SELLER-108,WH-010,CAR-047,Delhi,Ahmedabad,DELIVERED,5,0,0,0,STALE,2026-09-04T13:14:00+00:00,2026-09-04T20:36:00+00:00
SHP-3870,SELLER-500,WH-018,CAR-078,Jaipur,Ahmedabad,CREATED,1,0,0,0,STALE,2026-09-04T06:34:00+00:00,2026-09-04T06:34:00+00:00
SHP-3871,SELLER-383,WH-002,CAR-094,Chennai,Pune,IN_TRANSIT,3,0,0,0,STALE,2026-09-06T16:11:00+00:00,2026-09-06T20:42:00+00:00
SHP-3872,SELLER-110,WH-025,CAR-019,Chennai,Mumbai,DELIVERED,5,0,0,0,STALE,2026-09-04T20:16:00+00:00,2026-09-05T06:41:00+00:00
SHP-3873,SELLER-074,WH-030,CAR-056,Kolkata,Hyderabad,DELIVERED,5,0,0,0,STALE,2026-09-05T10:03:00+00:00,2026-09-05T21:15:00+00:00
SHP-3874,SELLER-475,WH-021,CAR-068,Mumbai,Kolkata,OUT_FOR_DELIVERY,4,0,0,0,STALE,2026-09-04T13:11:00+00:00,2026-09-05T00:02:00+00:00
SHP-3875,SELLER-163,WH-026,CAR-011,Mumbai,Pune,DELIVERED,5,0,0,1,STALE,2026-09-05T00:24:00+00:00,2026-09-05T11:03:00+00:00
SHP-3876,SELLER-285,WH-034,CAR-078,Bengaluru,Delhi,IN_TRANSIT,3,0,0,0,STALE,2026-09-06T17:17:00+00:00,2026-09-06T20:54:00+00:00
SHP-3877,SELLER-060,WH-023,CAR-098,Pune,Delhi,IN_TRANSIT,3,0,0,0,STALE,2026-09-03T23:13:00+00:00,2026-09-04T01:33:00+00:00
SHP-3878,SELLER-247,WH-027,CAR-079,Bengaluru,Pune,PICKED_UP,2,0,0,0,STALE,2026-09-04T19:07:00+00:00,2026-09-04T21:20:00+00:00
SHP-3879,SELLER-398,WH-005,CAR-078,Hyderabad,Jaipur,CREATED,1,0,0,0,STALE,2026-09-01T00:20:00+00:00,2026-09-01T00:20:00+00:00
SHP-3880,SELLER-342,WH-016,CAR-023,Ahmedabad,Mumbai,CREATED,1,0,0,0,STALE,2026-09-06T09:23:00+00:00,2026-09-06T09:23:00+00:00
SHP-3881,SELLER-065,WH-022,CAR-058,Kolkata,Delhi,CREATED,1,0,0,0,STALE,2026-09-03T01:24:00+00:00,2026-09-03T01:24:00+00:00
SHP-3882,SELLER-416,WH-003,CAR-026,Hyderabad,Surat,IN_TRANSIT,3,0,0,0,STALE,2026-09-01T16:46:00+00:00,2026-09-01T20:41:00+00:00
SHP-3883,SELLER-041,WH-048,CAR-008,Hyderabad,Ahmedabad,PICKED_UP,2,0,0,0,STALE,2026-09-01T18:12:00+00:00,2026-09-01T20:56:00+00:00
SHP-3884,SELLER-009,WH-042,CAR-009,Surat,Jaipur,IN_TRANSIT,3,0,0,0,STALE,2026-09-03T09:08:00+00:00,2026-09-03T12:20:00+00:00
SHP-3885,SELLER-498,WH-007,CAR-020,Kolkata,Hyderabad,DELIVERED,5,0,0,0,STALE,2026-09-01T00:58:00+00:00,2026-09-01T09:52:00+00:00
SHP-3886,SELLER-057,WH-042,CAR-072,Pune,Delhi,IN_TRANSIT,3,0,0,0,STALE,2026-09-04T01:43:00+00:00,2026-09-04T07:47:00+00:00
SHP-3887,SELLER-333,WH-001,CAR-100,Ahmedabad,Delhi,OUT_FOR_DELIVERY,4,0,0,0,STALE,2026-09-06T00:19:00+00:00,2026-09-06T06:59:00+00:00
SHP-3888,SELLER-228,WH-047,CAR-062,Pune,Bengaluru,CREATED,1,0,0,0,STALE,2026-09-07T07:16:00+00:00,2026-09-07T07:16:00+00:00
SHP-3889,SELLER-217,WH-049,CAR-056,Ahmedabad,Delhi,PICKED_UP,2,0,0,0,STALE,2026-09-06T02:31:00+00:00,2026-09-06T03:50:00+00:00
SHP-3890,SELLER-462,WH-018,CAR-045,Mumbai,Bengaluru,IN_TRANSIT,3,0,0,0,STALE,2026-09-06T13:28:00+00:00,2026-09-06T20:19:00+00:00
SHP-3891,SELLER-371,WH-018,CAR-038,Chennai,Jaipur,CREATED,1,0,0,0,STALE,2026-09-06T21:40:00+00:00,2026-09-06T21:40:00+00:00
SHP-3892,SELLER-086,WH-022,CAR-057,Kolkata,Hyderabad,PICKED_UP,2,0,0,0,STALE,2026-09-03T14:33:00+00:00,2026-09-03T16:04:00+00:00
SHP-3893,SELLER-234,WH-009,CAR-040,Jaipur,Pune,IN_TRANSIT,3,0,0,0,STALE,2026-09-06T19:10:00+00:00,2026-09-06T23:15:00+00:00
SHP-3894,SELLER-499,WH-012,CAR-058,Ahmedabad,Hyderabad,OUT_FOR_DELIVERY,4,0,0,0,STALE,2026-09-07T14:08:00+00:00,2026-09-07T21:25:00+00:00
SHP-3895,SELLER-172,WH-009,CAR-021,Delhi,Mumbai,DELIVERED,5,0,0,0,STALE,2026-09-02T19:44:00+00:00,2026-09-03T05:19:00+00:00
SHP-3896,SELLER-284,WH-020,CAR-048,Chennai,Pune,DELIVERED,5,0,0,0,STALE,2026-09-01T14:50:00+00:00,2026-09-01T21:39:00+00:00
SHP-3897,SELLER-193,WH-047,CAR-080,Hyderabad,Mumbai,IN_TRANSIT,3,0,0,0,STALE,2026-09-06T10:58:00+00:00,2026-09-06T16:28:00+00:00
SHP-3898,SELLER-127,WH-045,CAR-021,Surat,Pune,IN_TRANSIT,3,0,0,0,STALE,2026-09-03T03:51:00+00:00,2026-09-03T07:26:00+00:00
SHP-3899,SELLER-202,WH-007,CAR-051,Pune,Ahmedabad,PICKED_UP,2,0,0,0,STALE,2026-09-04T09:45:00+00:00,2026-09-04T12:26:00+00:00
SHP-3900,SELLER-133,WH-047,CAR-015,Pune,Surat,PICKED_UP,2,0,0,1,STALE,2026-09-07T21:22:00+00:00,2026-09-07T23:48:00+00:00
SHP-3901,SELLER-342,WH-037,CAR-015,Mumbai,Kolkata,DELIVERED,5,0,0,0,STALE,2026-09-05T21:02:00+00:00,2026-09-06T05:21:00+00:00
SHP-3902,SELLER-183,WH-015,CAR-045,Mumbai,Hyderabad,IN_TRANSIT,3,0,0,0,STALE,2026-09-03T23:11:00+00:00,2026-09-04T05:12:00+00:00
SHP-3903,SELLER-355,WH-035,CAR-020,Delhi,Hyderabad,DELIVERED,5,0,0,0,FRESH,2026-09-07T18:10:00+00:00,2026-09-08T04:09:00+00:00
SHP-3904,SELLER-397,WH-020,CAR-034,Mumbai,Kolkata,IN_TRANSIT,3,0,0,0,STALE,2026-09-07T14:22:00+00:00,2026-09-07T19:36:00+00:00
SHP-3905,SELLER-052,WH-019,CAR-083,Surat,Chennai,DELIVERED,5,0,0,0,STALE,2026-09-03T10:13:00+00:00,2026-09-03T18:59:00+00:00
SHP-3906,SELLER-269,WH-028,CAR-068,Ahmedabad,Chennai,CREATED,1,0,0,0,STALE,2026-09-06T04:55:00+00:00,2026-09-06T04:55:00+00:00
SHP-3907,SELLER-273,WH-006,CAR-013,Pune,Hyderabad,PICKED_UP,2,0,0,0,STALE,2026-09-02T07:18:00+00:00,2026-09-02T08:24:00+00:00
SHP-3908,SELLER-343,WH-006,CAR-065,Ahmedabad,Bengaluru,OUT_FOR_DELIVERY,4,0,0,0,STALE,2026-09-04T21:36:00+00:00,2026-09-05T02:58:00+00:00
SHP-3909,SELLER-455,WH-045,CAR-078,Jaipur,Kolkata,OUT_FOR_DELIVERY,4,0,0,0,STALE,2026-09-02T09:08:00+00:00,2026-09-02T16:24:00+00:00
SHP-3910,SELLER-428,WH-011,CAR-068,Kolkata,Surat,IN_TRANSIT,3,0,0,0,STALE,2026-09-03T11:42:00+00:00,2026-09-03T17:10:00+00:00
SHP-3911,SELLER-285,WH-037,CAR-015,Bengaluru,Mumbai,PICKED_UP,2,0,0,0,STALE,2026-09-07T15:01:00+00:00,2026-09-07T16:36:00+00:00
SHP-3912,SELLER-442,WH-010,CAR-070,Kolkata,Hyderabad,OUT_FOR_DELIVERY,4,0,0,0,STALE,2026-09-07T11:31:00+00:00,2026-09-07T16:51:00+00:00
SHP-3913,SELLER-224,WH-029,CAR-007,Hyderabad,Delhi,OUT_FOR_DELIVERY,4,0,0,0,STALE,2026-09-05T02:02:00+00:00,2026-09-05T10:09:00+00:00
SHP-3914,SELLER-437,WH-024,CAR-073,Jaipur,Hyderabad,DELIVERED,5,0,0,0,STALE,2026-09-06T17:16:00+00:00,2026-09-07T02:43:00+00:00
SHP-3915,SELLER-122,WH-019,CAR-073,Pune,Bengaluru,IN_TRANSIT,3,0,0,0,STALE,2026-09-03T07:46:00+00:00,2026-09-03T12:17:00+00:00
SHP-3916,SELLER-494,WH-014,CAR-049,Mumbai,Delhi,PICKED_UP,2,0,0,0,STALE,2026-09-06T21:31:00+00:00,2026-09-07T00:02:00+00:00
SHP-3917,SELLER-433,WH-028,CAR-021,Surat,Jaipur,PICKED_UP,2,0,0,0,STALE,2026-09-05T06:03:00+00:00,2026-09-05T08:41:00+00:00
SHP-3918,SELLER-292,WH-028,CAR-033,Pune,Mumbai,PICKED_UP,2,0,0,0,STALE,2026-09-07T12:33:00+00:00,2026-09-07T14:14:00+00:00
SHP-3919,SELLER-457,WH-041,CAR-046,Pune,Bengaluru,CREATED,1,0,0,0,STALE,2026-09-05T19:25:00+00:00,2026-09-05T19:25:00+00:00
SHP-3920,SELLER-174,WH-036,CAR-098,Pune,Jaipur,DELIVERED,5,0,0,0,STALE,2026-09-06T00:00:00+00:00,2026-09-06T09:23:00+00:00
SHP-3921,SELLER-289,WH-014,CAR-017,Pune,Bengaluru,PICKED_UP,2,0,0,0,STALE,2026-09-07T03:56:00+00:00,2026-09-07T04:54:00+00:00
SHP-3922,SELLER-407,WH-019,CAR-017,Chennai,Ahmedabad,IN_TRANSIT,3,0,0,0,STALE,2026-09-06T02:43:00+00:00,2026-09-06T08:56:00+00:00
SHP-3923,SELLER-279,WH-002,CAR-059,Hyderabad,Ahmedabad,OUT_FOR_DELIVERY,4,0,0,0,STALE,2026-09-02T16:01:00+00:00,2026-09-02T23:55:00+00:00
SHP-3924,SELLER-100,WH-046,CAR-071,Mumbai,Hyderabad,DELIVERED,5,0,0,0,STALE,2026-09-02T15:02:00+00:00,2026-09-02T22:45:00+00:00
SHP-3925,SELLER-330,WH-035,CAR-058,Surat,Chennai,IN_TRANSIT,3,0,0,0,STALE,2026-09-01T12:32:00+00:00,2026-09-01T19:37:00+00:00
SHP-3926,SELLER-363,WH-048,CAR-045,Surat,Bengaluru,CREATED,1,0,0,0,STALE,2026-09-07T19:56:00+00:00,2026-09-07T19:56:00+00:00
SHP-3927,SELLER-302,WH-044,CAR-080,Delhi,Chennai,DELIVERED,5,0,0,0,STALE,2026-09-01T18:32:00+00:00,2026-09-02T04:39:00+00:00
SHP-3928,SELLER-309,WH-041,CAR-011,Mumbai,Hyderabad,IN_TRANSIT,3,0,0,0,STALE,2026-09-07T03:03:00+00:00,2026-09-07T08:02:00+00:00
SHP-3929,SELLER-396,WH-028,CAR-072,Chennai,Mumbai,PICKED_UP,2,0,0,0,STALE,2026-09-01T03:47:00+00:00,2026-09-01T05:12:00+00:00
SHP-3930,SELLER-470,WH-028,CAR-096,Ahmedabad,Chennai,DELIVERED,5,0,0,0,STALE,2026-09-05T14:28:00+00:00,2026-09-06T01:03:00+00:00
SHP-3931,SELLER-275,WH-007,CAR-065,Mumbai,Delhi,CREATED,1,0,0,0,STALE,2026-09-07T22:26:00+00:00,2026-09-07T22:26:00+00:00
SHP-3932,SELLER-148,WH-043,CAR-020,Surat,Delhi,PICKED_UP,2,0,0,0,STALE,2026-09-03T16:25:00+00:00,2026-09-03T19:00:00+00:00
SHP-3933,SELLER-176,WH-046,CAR-087,Jaipur,Chennai,IN_TRANSIT,3,0,0,0,STALE,2026-09-02T16:11:00+00:00,2026-09-02T22:22:00+00:00
SHP-3934,SELLER-118,WH-010,CAR-094,Delhi,Jaipur,PICKED_UP,2,0,0,0,STALE,2026-09-06T00:05:00+00:00,2026-09-06T01:35:00+00:00
SHP-3935,SELLER-159,WH-018,CAR-016,Bengaluru,Surat,DELIVERED,5,0,0,0,STALE,2026-09-03T07:33:00+00:00,2026-09-03T13:46:00+00:00
SHP-3936,SELLER-135,WH-031,CAR-096,Ahmedabad,Bengaluru,PICKED_UP,2,0,0,0,STALE,2026-09-07T15:24:00+00:00,2026-09-07T18:03:00+00:00
SHP-3937,SELLER-034,WH-024,CAR-057,Mumbai,Delhi,CREATED,1,0,0,0,STALE,2026-09-03T17:32:00+00:00,2026-09-03T17:32:00+00:00
SHP-3938,SELLER-228,WH-050,CAR-074,Delhi,Hyderabad,DELIVERED,5,0,0,0,STALE,2026-09-02T00:46:00+00:00,2026-09-02T09:46:00+00:00
SHP-3939,SELLER-145,WH-005,CAR-071,Ahmedabad,Jaipur,OUT_FOR_DELIVERY,4,0,0,0,STALE,2026-09-07T03:27:00+00:00,2026-09-07T11:59:00+00:00
SHP-3940,SELLER-088,WH-050,CAR-076,Ahmedabad,Kolkata,OUT_FOR_DELIVERY,4,0,0,0,STALE,2026-09-07T05:06:00+00:00,2026-09-07T10:35:00+00:00
SHP-3941,SELLER-025,WH-025,CAR-045,Mumbai,Delhi,IN_TRANSIT,3,0,0,0,STALE,2026-09-07T08:14:00+00:00,2026-09-07T15:25:00+00:00
SHP-3942,SELLER-159,WH-039,CAR-054,Bengaluru,Pune,PICKED_UP,2,0,0,0,STALE,2026-09-07T09:59:00+00:00,2026-09-07T12:04:00+00:00
SHP-3943,SELLER-301,WH-048,CAR-043,Mumbai,Jaipur,OUT_FOR_DELIVERY,4,0,0,0,STALE,2026-09-01T03:55:00+00:00,2026-09-01T09:00:00+00:00
SHP-3944,SELLER-198,WH-015,CAR-021,Delhi,Surat,DELIVERED,5,0,0,0,STALE,2026-09-04T08:42:00+00:00,2026-09-04T15:03:00+00:00
SHP-3945,SELLER-123,WH-014,CAR-041,Jaipur,Delhi,PICKED_UP,2,0,0,0,STALE,2026-09-01T06:24:00+00:00,2026-09-01T07:38:00+00:00
SHP-3946,SELLER-427,WH-024,CAR-061,Bengaluru,Surat,DELIVERED,5,0,0,0,STALE,2026-09-07T00:56:00+00:00,2026-09-07T08:15:00+00:00
SHP-3947,SELLER-300,WH-008,CAR-092,Jaipur,Delhi,DELIVERED,5,0,0,0,STALE,2026-09-04T22:28:00+00:00,2026-09-05T06:41:00+00:00
SHP-3948,SELLER-281,WH-050,CAR-011,Jaipur,Mumbai,IN_TRANSIT,3,0,0,0,STALE,2026-09-06T20:13:00+00:00,2026-09-07T00:00:00+00:00
SHP-3949,SELLER-376,WH-048,CAR-077,Surat,Hyderabad,IN_TRANSIT,3,0,0,0,STALE,2026-09-07T11:29:00+00:00,2026-09-07T15:30:00+00:00
SHP-3950,SELLER-441,WH-023,CAR-044,Pune,Surat,PICKED_UP,2,0,0,1,STALE,2026-09-01T16:11:00+00:00,2026-09-01T17:16:00+00:00
SHP-3951,SELLER-279,WH-046,CAR-039,Ahmedabad,Delhi,IN_TRANSIT,3,0,0,0,STALE,2026-09-05T04:55:00+00:00,2026-09-05T10:05:00+00:00
SHP-3952,SELLER-190,WH-039,CAR-013,Hyderabad,Ahmedabad,CREATED,1,0,0,0,STALE,2026-09-02T21:40:00+00:00,2026-09-02T21:40:00+00:00
SHP-3953,SELLER-059,WH-047,CAR-034,Bengaluru,Jaipur,IN_TRANSIT,3,0,0,1,STALE,2026-09-06T18:17:00+00:00,2026-09-06T21:35:00+00:00
SHP-3954,SELLER-016,WH-036,CAR-093,Chennai,Mumbai,DELIVERED,5,0,0,0,STALE,2026-09-06T00:30:00+00:00,2026-09-06T10:34:00+00:00
SHP-3955,SELLER-443,WH-021,CAR-026,Mumbai,Jaipur,CANCELLED,2,0,0,0,STALE,2026-09-02T11:50:00+00:00,2026-09-02T13:56:00+00:00
SHP-3956,SELLER-012,WH-042,CAR-086,Bengaluru,Mumbai,CREATED,1,0,0,0,STALE,2026-09-07T12:42:00+00:00,2026-09-07T12:42:00+00:00
SHP-3957,SELLER-253,WH-046,CAR-043,Jaipur,Mumbai,IN_TRANSIT,3,0,0,0,STALE,2026-09-04T21:50:00+00:00,2026-09-05T01:47:00+00:00
SHP-3958,SELLER-191,WH-042,CAR-063,Jaipur,Hyderabad,DELIVERED,5,0,0,0,STALE,2026-09-03T14:30:00+00:00,2026-09-03T22:00:00+00:00
SHP-3959,SELLER-364,WH-033,CAR-039,Mumbai,Ahmedabad,OUT_FOR_DELIVERY,4,0,0,0,STALE,2026-09-04T04:01:00+00:00,2026-09-04T12:47:00+00:00
SHP-3960,SELLER-189,WH-006,CAR-047,Ahmedabad,Bengaluru,OUT_FOR_DELIVERY,4,0,0,1,STALE,2026-09-05T00:56:00+00:00,2026-09-05T11:32:00+00:00
SHP-3961,SELLER-354,WH-025,CAR-067,Ahmedabad,Hyderabad,PICKED_UP,2,0,0,0,STALE,2026-09-03T17:16:00+00:00,2026-09-03T18:38:00+00:00
SHP-3962,SELLER-074,WH-039,CAR-003,Chennai,Bengaluru,CREATED,1,0,0,0,STALE,2026-09-02T05:01:00+00:00,2026-09-02T05:01:00+00:00
SHP-3963,SELLER-114,WH-039,CAR-012,Mumbai,Delhi,IN_TRANSIT,3,0,0,0,STALE,2026-09-01T03:24:00+00:00,2026-09-01T10:05:00+00:00
SHP-3964,SELLER-465,WH-014,CAR-033,Jaipur,Hyderabad,OUT_FOR_DELIVERY,4,0,0,0,STALE,2026-09-04T06:37:00+00:00,2026-09-04T15:38:00+00:00
SHP-3965,SELLER-284,WH-010,CAR-068,Jaipur,Surat,CREATED,1,0,0,0,STALE,2026-09-05T11:37:00+00:00,2026-09-05T11:37:00+00:00
SHP-3966,SELLER-120,WH-030,CAR-084,Mumbai,Pune,OUT_FOR_DELIVERY,4,0,0,0,STALE,2026-09-07T02:11:00+00:00,2026-09-07T12:23:00+00:00
SHP-3967,SELLER-073,WH-035,CAR-040,Pune,Surat,DELIVERED,5,0,0,0,STALE,2026-09-03T10:37:00+00:00,2026-09-03T23:09:00+00:00
SHP-3968,SELLER-123,WH-009,CAR-062,Hyderabad,Bengaluru,PICKED_UP,2,0,0,0,STALE,2026-09-05T00:16:00+00:00,2026-09-05T03:06:00+00:00
SHP-3969,SELLER-475,WH-004,CAR-022,Chennai,Hyderabad,CREATED,1,0,0,0,STALE,2026-09-06T18:38:00+00:00,2026-09-06T18:38:00+00:00
SHP-3970,SELLER-259,WH-023,CAR-083,Hyderabad,Surat,OUT_FOR_DELIVERY,4,0,0,0,STALE,2026-09-04T16:57:00+00:00,2026-09-05T01:41:00+00:00
SHP-3971,SELLER-294,WH-017,CAR-085,Hyderabad,Jaipur,CANCELLED,2,0,0,0,STALE,2026-09-07T01:51:00+00:00,2026-09-07T03:12:00+00:00
SHP-3972,SELLER-209,WH-010,CAR-010,Hyderabad,Ahmedabad,CREATED,1,0,0,0,STALE,2026-09-03T11:08:00+00:00,2026-09-03T11:08:00+00:00
SHP-3973,SELLER-134,WH-029,CAR-025,Chennai,Jaipur,CREATED,1,0,0,0,STALE,2026-09-04T15:49:00+00:00,2026-09-04T15:49:00+00:00
SHP-3974,SELLER-178,WH-049,CAR-097,Pune,Chennai,PICKED_UP,2,0,0,0,STALE,2026-09-07T06:01:00+00:00,2026-09-07T07:38:00+00:00
SHP-3975,SELLER-233,WH-043,CAR-015,Jaipur,Bengaluru,OUT_FOR_DELIVERY,4,0,0,0,STALE,2026-09-03T20:44:00+00:00,2026-09-04T03:40:00+00:00
SHP-3976,SELLER-054,WH-041,CAR-034,Mumbai,Bengaluru,IN_TRANSIT,3,0,0,0,STALE,2026-09-03T01:17:00+00:00,2026-09-03T06:56:00+00:00
SHP-3977,SELLER-191,WH-002,CAR-063,Pune,Chennai,CANCELLED,2,0,0,0,STALE,2026-09-06T09:43:00+00:00,2026-09-06T11:59:00+00:00
SHP-3978,SELLER-486,WH-015,CAR-064,Mumbai,Chennai,CREATED,1,0,0,0,STALE,2026-09-05T11:37:00+00:00,2026-09-05T11:37:00+00:00
SHP-3979,SELLER-028,WH-032,CAR-008,Bengaluru,Pune,IN_TRANSIT,3,0,0,0,STALE,2026-09-01T05:39:00+00:00,2026-09-01T11:12:00+00:00
SHP-3980,SELLER-026,WH-012,CAR-052,Kolkata,Pune,DELIVERED,5,0,0,0,STALE,2026-09-06T15:45:00+00:00,2026-09-07T00:36:00+00:00
SHP-3981,SELLER-127,WH-020,CAR-006,Delhi,Surat,IN_TRANSIT,3,0,0,0,STALE,2026-09-04T04:16:00+00:00,2026-09-04T10:00:00+00:00
SHP-3982,SELLER-307,WH-013,CAR-047,Chennai,Pune,DELIVERED,5,0,0,0,STALE,2026-09-02T20:44:00+00:00,2026-09-03T08:19:00+00:00
SHP-3983,SELLER-032,WH-006,CAR-027,Pune,Mumbai,IN_TRANSIT,3,0,0,0,STALE,2026-09-05T16:36:00+00:00,2026-09-05T23:52:00+00:00
SHP-3984,SELLER-416,WH-005,CAR-039,Hyderabad,Jaipur,IN_TRANSIT,3,0,0,0,STALE,2026-09-03T00:41:00+00:00,2026-09-03T07:08:00+00:00
SHP-3985,SELLER-234,WH-039,CAR-013,Pune,Delhi,IN_TRANSIT,3,0,0,0,STALE,2026-09-02T17:03:00+00:00,2026-09-02T21:28:00+00:00
SHP-3986,SELLER-302,WH-034,CAR-023,Chennai,Hyderabad,IN_TRANSIT,3,0,0,0,STALE,2026-09-07T07:42:00+00:00,2026-09-07T12:37:00+00:00
SHP-3987,SELLER-039,WH-007,CAR-065,Ahmedabad,Surat,DELIVERED,5,0,0,0,STALE,2026-09-02T04:15:00+00:00,2026-09-02T13:21:00+00:00
SHP-3988,SELLER-237,WH-014,CAR-039,Hyderabad,Ahmedabad,IN_TRANSIT,3,0,0,0,STALE,2026-09-01T00:32:00+00:00,2026-09-01T04:40:00+00:00
SHP-3989,SELLER-205,WH-050,CAR-084,Mumbai,Ahmedabad,DELIVERED,5,0,0,0,STALE,2026-09-02T18:06:00+00:00,2026-09-03T04:25:00+00:00
SHP-3990,SELLER-320,WH-025,CAR-050,Chennai,Pune,CREATED,1,0,0,0,STALE,2026-09-03T17:10:00+00:00,2026-09-03T17:10:00+00:00
SHP-3991,SELLER-006,WH-002,CAR-058,Kolkata,Pune,CREATED,1,0,0,0,STALE,2026-09-01T02:28:00+00:00,2026-09-01T02:28:00+00:00
SHP-3992,SELLER-142,WH-008,CAR-091,Chennai,Surat,PICKED_UP,2,0,0,0,STALE,2026-09-06T16:40:00+00:00,2026-09-06T17:23:00+00:00
SHP-3993,SELLER-407,WH-035,CAR-083,Delhi,Bengaluru,DELIVERED,5,0,0,0,STALE,2026-09-06T08:06:00+00:00,2026-09-06T17:14:00+00:00
SHP-3994,SELLER-362,WH-005,CAR-054,Pune,Hyderabad,CREATED,1,0,0,0,STALE,2026-09-02T22:43:00+00:00,2026-09-02T22:43:00+00:00
SHP-3995,SELLER-329,WH-001,CAR-017,Jaipur,Bengaluru,CREATED,1,0,0,0,STALE,2026-09-03T01:01:00+00:00,2026-09-03T01:01:00+00:00
SHP-3996,SELLER-151,WH-025,CAR-056,Mumbai,Ahmedabad,PICKED_UP,2,0,0,0,STALE,2026-09-06T09:09:00+00:00,2026-09-06T12:02:00+00:00
SHP-3997,SELLER-182,WH-032,CAR-007,Hyderabad,Chennai,IN_TRANSIT,3,0,0,0,STALE,2026-09-07T00:42:00+00:00,2026-09-07T07:29:00+00:00
SHP-3998,SELLER-365,WH-008,CAR-024,Pune,Mumbai,IN_TRANSIT,3,0,0,0,STALE,2026-09-03T21:35:00+00:00,2026-09-04T03:14:00+00:00
SHP-3999,SELLER-135,WH-004,CAR-087,Ahmedabad,Bengaluru,OUT_FOR_DELIVERY,4,0,0,0,STALE,2026-09-04T15:54:00+00:00,2026-09-05T01:10:00+00:00
SHP-4000,SELLER-368,WH-039,CAR-033,Ahmedabad,Mumbai,IN_TRANSIT,3,0,0,0,STALE,2026-09-01T21:13:00+00:00,2026-09-02T01:25:00+00:00
SHP-4001,SELLER-470,WH-029,CAR-073,Ahmedabad,Jaipur,IN_TRANSIT,3,0,0,0,STALE,2026-09-01T12:41:00+00:00,2026-09-01T18:36:00+00:00
SHP-4002,SELLER-086,WH-009,CAR-032,Kolkata,Pune,PICKED_UP,2,0,0,0,STALE,2026-09-01T08:05:00+00:00,2026-09-01T09:54:00+00:00
SHP-4003,SELLER-206,WH-012,CAR-082,Mumbai,Chennai,OUT_FOR_DELIVERY,4,0,0,0,STALE,2026-09-01T06:19:00+00:00,2026-09-01T16:04:00+00:00
SHP-4004,SELLER-134,WH-023,CAR-021,Kolkata,Pune,CREATED,1,0,0,0,STALE,2026-09-05T10:21:00+00:00,2026-09-05T10:21:00+00:00
SHP-4005,SELLER-213,WH-046,CAR-079,Jaipur,Chennai,IN_TRANSIT,3,0,0,0,STALE,2026-09-07T20:22:00+00:00,2026-09-07T23:13:00+00:00
SHP-4006,SELLER-190,WH-044,CAR-063,Delhi,Bengaluru,DELIVERED,5,0,0,0,STALE,2026-09-03T04:19:00+00:00,2026-09-03T13:47:00+00:00
SHP-4007,SELLER-232,WH-003,CAR-077,Surat,Bengaluru,IN_TRANSIT,3,0,0,0,STALE,2026-09-07T13:05:00+00:00,2026-09-07T19:05:00+00:00
SHP-4008,SELLER-297,WH-004,CAR-064,Mumbai,Delhi,PICKED_UP,2,0,0,0,STALE,2026-09-05T19:17:00+00:00,2026-09-05T21:35:00+00:00
SHP-4009,SELLER-198,WH-046,CAR-069,Jaipur,Ahmedabad,IN_TRANSIT,3,0,0,0,STALE,2026-09-07T03:09:00+00:00,2026-09-07T09:34:00+00:00
SHP-4010,SELLER-344,WH-035,CAR-096,Ahmedabad,Kolkata,CREATED,1,0,0,0,STALE,2026-09-06T18:27:00+00:00,2026-09-06T18:27:00+00:00
SHP-4011,SELLER-175,WH-014,CAR-094,Hyderabad,Delhi,CANCELLED,2,0,0,0,STALE,2026-09-07T13:41:00+00:00,2026-09-07T14:24:00+00:00
SHP-4012,SELLER-403,WH-032,CAR-026,Chennai,Surat,CREATED,1,0,0,0,STALE,2026-09-01T08:20:00+00:00,2026-09-01T08:20:00+00:00
SHP-4013,SELLER-464,WH-006,CAR-033,Chennai,Delhi,OUT_FOR_DELIVERY,4,1,0,0,STALE,2026-09-05T18:05:00+00:00,2026-09-06T00:12:00+00:00
SHP-4014,SELLER-446,WH-044,CAR-071,Pune,Kolkata,IN_TRANSIT,3,0,0,0,STALE,2026-09-02T23:31:00+00:00,2026-09-03T03:55:00+00:00
SHP-4015,SELLER-033,WH-019,CAR-057,Hyderabad,Ahmedabad,IN_TRANSIT,3,0,0,0,STALE,2026-09-06T12:48:00+00:00,2026-09-06T15:56:00+00:00
SHP-4016,SELLER-476,WH-013,CAR-012,Delhi,Kolkata,PICKED_UP,2,0,0,0,STALE,2026-09-02T07:37:00+00:00,2026-09-02T10:04:00+00:00
SHP-4017,SELLER-415,WH-045,CAR-090,Pune,Mumbai,IN_TRANSIT,3,0,0,0,STALE,2026-09-01T13:14:00+00:00,2026-09-01T18:57:00+00:00
SHP-4018,SELLER-064,WH-029,CAR-020,Ahmedabad,Chennai,PICKED_UP,2,0,0,0,STALE,2026-09-05T10:46:00+00:00,2026-09-05T13:21:00+00:00
SHP-4019,SELLER-397,WH-012,CAR-050,Chennai,Bengaluru,DELIVERED,5,0,0,0,STALE,2026-09-02T04:04:00+00:00,2026-09-02T08:35:00+00:00
SHP-4020,SELLER-106,WH-030,CAR-004,Hyderabad,Pune,OUT_FOR_DELIVERY,4,0,0,0,STALE,2026-09-01T11:20:00+00:00,2026-09-01T20:41:00+00:00
SHP-4021,SELLER-396,WH-018,CAR-043,Mumbai,Chennai,IN_TRANSIT,3,0,0,0,STALE,2026-09-02T07:54:00+00:00,2026-09-02T14:07:00+00:00
SHP-4022,SELLER-369,WH-016,CAR-016,Pune,Bengaluru,IN_TRANSIT,3,0,0,0,STALE,2026-09-02T18:10:00+00:00,2026-09-03T01:36:00+00:00
SHP-4023,SELLER-469,WH-048,CAR-013,Delhi,Surat,DELIVERED,5,0,0,0,STALE,2026-09-05T15:28:00+00:00,2026-09-05T23:32:00+00:00
SHP-4024,SELLER-439,WH-008,CAR-043,Pune,Ahmedabad,IN_TRANSIT,3,0,0,0,STALE,2026-09-07T07:09:00+00:00,2026-09-07T11:38:00+00:00
SHP-4025,SELLER-267,WH-005,CAR-002,Hyderabad,Delhi,DELIVERED,5,0,0,0,STALE,2026-09-07T06:26:00+00:00,2026-09-07T15:46:00+00:00
SHP-4026,SELLER-266,WH-022,CAR-077,Jaipur,Bengaluru,IN_TRANSIT,3,0,0,0,STALE,2026-09-01T13:44:00+00:00,2026-09-01T20:51:00+00:00
SHP-4027,SELLER-328,WH-035,CAR-039,Hyderabad,Bengaluru,IN_TRANSIT,3,0,0,0,STALE,2026-09-02T15:53:00+00:00,2026-09-02T22:28:00+00:00
SHP-4028,SELLER-068,WH-007,CAR-073,Jaipur,Bengaluru,PICKED_UP,2,0,0,0,STALE,2026-09-01T00:14:00+00:00,2026-09-01T02:43:00+00:00
SHP-4029,SELLER-258,WH-006,CAR-043,Chennai,Bengaluru,PICKED_UP,2,0,0,0,STALE,2026-09-07T14:21:00+00:00,2026-09-07T15:43:00+00:00
SHP-4030,SELLER-230,WH-004,CAR-045,Delhi,Jaipur,IN_TRANSIT,3,0,0,0,STALE,2026-09-05T00:30:00+00:00,2026-09-05T08:07:00+00:00
SHP-4031,SELLER-074,WH-024,CAR-029,Chennai,Delhi,OUT_FOR_DELIVERY,4,0,0,0,STALE,2026-09-06T22:00:00+00:00,2026-09-07T04:52:00+00:00
SHP-4032,SELLER-071,WH-007,CAR-017,Mumbai,Delhi,OUT_FOR_DELIVERY,4,0,0,0,STALE,2026-09-04T17:02:00+00:00,2026-09-04T23:46:00+00:00
SHP-4033,SELLER-348,WH-045,CAR-010,Pune,Surat,CREATED,1,0,0,0,STALE,2026-09-01T00:57:00+00:00,2026-09-01T00:57:00+00:00
SHP-4034,SELLER-053,WH-016,CAR-062,Ahmedabad,Jaipur,PICKED_UP,2,1,0,0,STALE,2026-09-04T19:26:00+00:00,2026-09-04T21:13:00+00:00
SHP-4035,SELLER-098,WH-032,CAR-023,Bengaluru,Kolkata,CREATED,1,0,0,0,STALE,2026-09-03T00:36:00+00:00,2026-09-03T00:36:00+00:00
SHP-4036,SELLER-005,WH-019,CAR-039,Bengaluru,Delhi,PICKED_UP,2,0,0,0,STALE,2026-09-06T01:30:00+00:00,2026-09-06T03:27:00+00:00
SHP-4037,SELLER-106,WH-042,CAR-097,Hyderabad,Chennai,IN_TRANSIT,3,0,0,0,STALE,2026-09-04T02:47:00+00:00,2026-09-04T07:58:00+00:00
SHP-4038,SELLER-271,WH-028,CAR-069,Pune,Ahmedabad,IN_TRANSIT,3,0,0,0,STALE,2026-09-04T22:16:00+00:00,2026-09-05T02:44:00+00:00
SHP-4039,SELLER-078,WH-003,CAR-073,Hyderabad,Surat,OUT_FOR_DELIVERY,4,0,0,0,STALE,2026-09-05T14:59:00+00:00,2026-09-05T19:07:00+00:00
SHP-4040,SELLER-156,WH-025,CAR-015,Jaipur,Ahmedabad,DELIVERED,5,0,0,0,STALE,2026-09-01T15:31:00+00:00,2026-09-02T01:43:00+00:00
SHP-4041,SELLER-144,WH-011,CAR-043,Bengaluru,Surat,DELIVERED,5,0,0,0,STALE,2026-09-02T23:59:00+00:00,2026-09-03T12:10:00+00:00
SHP-4042,SELLER-486,WH-010,CAR-032,Ahmedabad,Delhi,PICKED_UP,2,0,0,0,STALE,2026-09-07T17:29:00+00:00,2026-09-07T18:41:00+00:00
SHP-4043,SELLER-486,WH-001,CAR-051,Mumbai,Surat,IN_TRANSIT,3,0,0,0,STALE,2026-09-04T06:48:00+00:00,2026-09-04T12:12:00+00:00
SHP-4044,SELLER-188,WH-047,CAR-090,Pune,Kolkata,OUT_FOR_DELIVERY,4,0,0,0,STALE,2026-09-02T21:51:00+00:00,2026-09-03T04:10:00+00:00
SHP-4045,SELLER-386,WH-005,CAR-020,Kolkata,Surat,DELIVERED,5,0,0,0,STALE,2026-09-03T02:37:00+00:00,2026-09-03T11:38:00+00:00
SHP-4046,SELLER-148,WH-010,CAR-089,Pune,Kolkata,IN_TRANSIT,3,0,0,0,STALE,2026-09-05T19:20:00+00:00,2026-09-05T22:44:00+00:00
SHP-4047,SELLER-461,WH-026,CAR-050,Bengaluru,Pune,OUT_FOR_DELIVERY,4,0,0,0,STALE,2026-09-03T11:30:00+00:00,2026-09-03T21:25:00+00:00
SHP-4048,SELLER-242,WH-047,CAR-062,Delhi,Kolkata,OUT_FOR_DELIVERY,4,0,0,0,STALE,2026-09-03T00:07:00+00:00,2026-09-03T05:17:00+00:00
SHP-4049,SELLER-377,WH-033,CAR-019,Pune,Mumbai,PICKED_UP,2,0,0,0,STALE,2026-09-07T15:15:00+00:00,2026-09-07T18:06:00+00:00
SHP-4050,SELLER-147,WH-043,CAR-065,Mumbai,Kolkata,OUT_FOR_DELIVERY,4,0,0,0,STALE,2026-09-01T10:09:00+00:00,2026-09-01T18:09:00+00:00
SHP-4051,SELLER-427,WH-013,CAR-019,Kolkata,Surat,DELIVERED,5,0,0,0,STALE,2026-09-06T17:26:00+00:00,2026-09-07T05:40:00+00:00
SHP-4052,SELLER-379,WH-027,CAR-041,Mumbai,Chennai,CREATED,1,0,0,0,STALE,2026-09-03T23:46:00+00:00,2026-09-03T23:46:00+00:00
SHP-4053,SELLER-182,WH-009,CAR-065,Bengaluru,Jaipur,IN_TRANSIT,3,0,0,1,STALE,2026-09-04T09:45:00+00:00,2026-09-04T14:28:00+00:00
SHP-4054,SELLER-099,WH-025,CAR-017,Ahmedabad,Bengaluru,IN_TRANSIT,3,0,0,0,STALE,2026-09-03T18:39:00+00:00,2026-09-03T23:45:00+00:00
SHP-4055,SELLER-442,WH-015,CAR-047,Mumbai,Chennai,IN_TRANSIT,3,0,0,0,STALE,2026-09-01T05:13:00+00:00,2026-09-01T12:57:00+00:00
SHP-4056,SELLER-071,WH-019,CAR-007,Kolkata,Bengaluru,CREATED,1,0,0,0,STALE,2026-09-04T14:17:00+00:00,2026-09-04T14:17:00+00:00
SHP-4057,SELLER-383,WH-002,CAR-094,Pune,Ahmedabad,OUT_FOR_DELIVERY,4,0,0,0,STALE,2026-09-01T03:27:00+00:00,2026-09-01T13:19:00+00:00
SHP-4058,SELLER-173,WH-034,CAR-081,Jaipur,Chennai,PICKED_UP,2,0,0,0,STALE,2026-09-05T06:18:00+00:00,2026-09-05T07:02:00+00:00
SHP-4059,SELLER-200,WH-026,CAR-086,Bengaluru,Chennai,DELIVERED,5,0,0,0,FRESH,2026-09-07T22:22:00+00:00,2026-09-08T10:18:00+00:00
SHP-4060,SELLER-057,WH-049,CAR-047,Hyderabad,Surat,OUT_FOR_DELIVERY,4,0,0,0,STALE,2026-09-05T08:50:00+00:00,2026-09-05T15:40:00+00:00
SHP-4061,SELLER-359,WH-019,CAR-030,Bengaluru,Hyderabad,PICKED_UP,2,0,0,0,STALE,2026-09-02T14:41:00+00:00,2026-09-02T17:10:00+00:00
SHP-4062,SELLER-411,WH-026,CAR-056,Mumbai,Delhi,OUT_FOR_DELIVERY,4,0,0,0,STALE,2026-09-04T23:36:00+00:00,2026-09-05T09:55:00+00:00
SHP-4063,SELLER-214,WH-002,CAR-098,Mumbai,Jaipur,DELIVERED,5,0,0,0,STALE,2026-09-02T19:01:00+00:00,2026-09-03T06:45:00+00:00
SHP-4064,SELLER-255,WH-047,CAR-092,Delhi,Jaipur,PICKED_UP,2,0,0,0,STALE,2026-09-02T06:32:00+00:00,2026-09-02T08:51:00+00:00
SHP-4065,SELLER-431,WH-024,CAR-020,Mumbai,Jaipur,PICKED_UP,2,0,0,0,STALE,2026-09-05T05:32:00+00:00,2026-09-05T07:22:00+00:00
SHP-4066,SELLER-137,WH-013,CAR-071,Pune,Surat,PICKED_UP,2,0,0,1,STALE,2026-09-04T10:49:00+00:00,2026-09-04T13:41:00+00:00
SHP-4067,SELLER-423,WH-020,CAR-048,Ahmedabad,Kolkata,CANCELLED,2,0,0,0,STALE,2026-09-06T04:06:00+00:00,2026-09-06T06:57:00+00:00
SHP-4068,SELLER-232,WH-037,CAR-077,Ahmedabad,Delhi,IN_TRANSIT,3,0,0,0,STALE,2026-09-04T21:52:00+00:00,2026-09-05T01:39:00+00:00
SHP-4069,SELLER-207,WH-014,CAR-077,Mumbai,Ahmedabad,OUT_FOR_DELIVERY,4,0,0,0,STALE,2026-09-04T05:34:00+00:00,2026-09-04T15:10:00+00:00
SHP-4070,SELLER-465,WH-027,CAR-038,Ahmedabad,Mumbai,IN_TRANSIT,3,0,0,0,STALE,2026-09-01T21:53:00+00:00,2026-09-02T01:49:00+00:00
SHP-4071,SELLER-323,WH-023,CAR-015,Mumbai,Jaipur,PICKED_UP,2,0,0,0,STALE,2026-09-03T11:34:00+00:00,2026-09-03T13:15:00+00:00
SHP-4072,SELLER-302,WH-007,CAR-050,Delhi,Ahmedabad,IN_TRANSIT,3,0,0,0,STALE,2026-09-05T18:36:00+00:00,2026-09-05T22:49:00+00:00
SHP-4073,SELLER-092,WH-025,CAR-027,Ahmedabad,Chennai,CREATED,1,0,0,0,STALE,2026-09-05T16:47:00+00:00,2026-09-05T16:47:00+00:00
SHP-4074,SELLER-090,WH-020,CAR-025,Pune,Surat,DELIVERED,5,0,0,0,STALE,2026-09-02T10:29:00+00:00,2026-09-02T16:35:00+00:00
SHP-4075,SELLER-371,WH-046,CAR-060,Bengaluru,Delhi,PICKED_UP,2,0,0,0,STALE,2026-09-07T04:16:00+00:00,2026-09-07T07:16:00+00:00
SHP-4076,SELLER-041,WH-025,CAR-036,Pune,Bengaluru,IN_TRANSIT,3,0,0,1,STALE,2026-09-02T05:21:00+00:00,2026-09-02T09:58:00+00:00
SHP-4077,SELLER-103,WH-004,CAR-005,Hyderabad,Pune,IN_TRANSIT,3,0,1,0,STALE,2026-09-06T19:02:00+00:00,2026-09-07T00:05:00+00:00
SHP-4078,SELLER-198,WH-023,CAR-093,Surat,Ahmedabad,IN_TRANSIT,3,0,0,0,STALE,2026-09-04T11:30:00+00:00,2026-09-04T14:17:00+00:00
SHP-4079,SELLER-001,WH-046,CAR-049,Jaipur,Ahmedabad,DELIVERED,5,0,0,1,STALE,2026-09-02T23:14:00+00:00,2026-09-03T12:32:00+00:00
SHP-4080,SELLER-199,WH-010,CAR-016,Mumbai,Ahmedabad,IN_TRANSIT,3,0,0,0,STALE,2026-09-02T16:05:00+00:00,2026-09-02T21:08:00+00:00
SHP-4081,SELLER-002,WH-048,CAR-096,Mumbai,Ahmedabad,OUT_FOR_DELIVERY,4,0,0,0,STALE,2026-09-05T01:44:00+00:00,2026-09-05T06:12:00+00:00
SHP-4082,SELLER-443,WH-005,CAR-088,Bengaluru,Chennai,CREATED,1,0,0,0,STALE,2026-09-01T05:42:00+00:00,2026-09-01T05:42:00+00:00
SHP-4083,SELLER-013,WH-037,CAR-049,Chennai,Kolkata,IN_TRANSIT,3,0,0,0,STALE,2026-09-03T05:01:00+00:00,2026-09-03T13:31:00+00:00
SHP-4084,SELLER-155,WH-001,CAR-095,Ahmedabad,Hyderabad,DELIVERED,5,0,0,0,STALE,2026-09-04T12:51:00+00:00,2026-09-04T22:49:00+00:00
SHP-4085,SELLER-088,WH-016,CAR-075,Delhi,Pune,CREATED,1,0,0,0,STALE,2026-09-07T16:21:00+00:00,2026-09-07T16:21:00+00:00
SHP-4086,SELLER-415,WH-025,CAR-011,Bengaluru,Hyderabad,CREATED,1,0,0,0,STALE,2026-09-02T03:56:00+00:00,2026-09-02T03:56:00+00:00
SHP-4087,SELLER-174,WH-033,CAR-091,Bengaluru,Surat,IN_TRANSIT,3,0,0,0,STALE,2026-09-05T07:21:00+00:00,2026-09-05T09:57:00+00:00
SHP-4088,SELLER-477,WH-044,CAR-008,Surat,Bengaluru,PICKED_UP,2,0,0,0,STALE,2026-09-06T19:25:00+00:00,2026-09-06T21:36:00+00:00
SHP-4089,SELLER-441,WH-006,CAR-077,Chennai,Bengaluru,PICKED_UP,2,0,0,0,STALE,2026-09-01T09:02:00+00:00,2026-09-01T11:55:00+00:00
SHP-4090,SELLER-245,WH-015,CAR-015,Mumbai,Surat,IN_TRANSIT,3,0,0,0,STALE,2026-09-05T11:28:00+00:00,2026-09-05T16:03:00+00:00
SHP-4091,SELLER-373,WH-002,CAR-090,Chennai,Surat,PICKED_UP,2,0,0,0,STALE,2026-09-01T14:54:00+00:00,2026-09-01T17:49:00+00:00
SHP-4092,SELLER-322,WH-046,CAR-024,Delhi,Chennai,PICKED_UP,2,0,0,0,STALE,2026-09-03T00:38:00+00:00,2026-09-03T02:13:00+00:00
SHP-4093,SELLER-205,WH-028,CAR-011,Kolkata,Delhi,OUT_FOR_DELIVERY,4,0,0,0,STALE,2026-09-02T12:39:00+00:00,2026-09-03T00:13:00+00:00
SHP-4094,SELLER-412,WH-022,CAR-089,Surat,Mumbai,PICKED_UP,2,0,0,0,STALE,2026-09-03T00:12:00+00:00,2026-09-03T01:11:00+00:00
SHP-4095,SELLER-377,WH-004,CAR-100,Kolkata,Mumbai,IN_TRANSIT,3,0,0,0,STALE,2026-09-01T15:08:00+00:00,2026-09-01T21:09:00+00:00
SHP-4096,SELLER-057,WH-013,CAR-044,Chennai,Surat,OUT_FOR_DELIVERY,4,0,0,0,STALE,2026-09-06T00:47:00+00:00,2026-09-06T08:48:00+00:00
SHP-4097,SELLER-393,WH-024,CAR-075,Delhi,Pune,IN_TRANSIT,3,0,0,0,STALE,2026-09-06T14:29:00+00:00,2026-09-06T18:01:00+00:00
SHP-4098,SELLER-488,WH-048,CAR-079,Jaipur,Mumbai,DELIVERED,5,0,0,0,STALE,2026-09-01T18:58:00+00:00,2026-09-02T01:19:00+00:00
SHP-4099,SELLER-419,WH-032,CAR-007,Delhi,Chennai,OUT_FOR_DELIVERY,4,0,0,0,STALE,2026-09-01T21:38:00+00:00,2026-09-02T01:00:00+00:00
SHP-4100,SELLER-364,WH-015,CAR-082,Mumbai,Hyderabad,IN_TRANSIT,3,0,0,0,STALE,2026-09-03T21:41:00+00:00,2026-09-04T04:59:00+00:00
SHP-4101,SELLER-421,WH-015,CAR-011,Chennai,Jaipur,CREATED,1,0,0,0,STALE,2026-09-07T03:43:00+00:00,2026-09-07T03:43:00+00:00
SHP-4102,SELLER-242,WH-012,CAR-068,Ahmedabad,Jaipur,CREATED,1,0,0,0,STALE,2026-09-01T11:09:00+00:00,2026-09-01T11:09:00+00:00
SHP-4103,SELLER-073,WH-015,CAR-065,Ahmedabad,Pune,IN_TRANSIT,3,0,0,1,STALE,2026-09-01T06:08:00+00:00,2026-09-01T11:33:00+00:00
SHP-4104,SELLER-236,WH-030,CAR-095,Bengaluru,Jaipur,IN_TRANSIT,3,0,0,0,STALE,2026-09-05T04:33:00+00:00,2026-09-05T08:11:00+00:00
SHP-4105,SELLER-158,WH-005,CAR-029,Mumbai,Jaipur,IN_TRANSIT,3,0,0,0,STALE,2026-09-03T23:18:00+00:00,2026-09-04T08:03:00+00:00
SHP-4106,SELLER-088,WH-043,CAR-029,Chennai,Kolkata,PICKED_UP,2,0,0,0,STALE,2026-09-02T23:50:00+00:00,2026-09-03T02:42:00+00:00
SHP-4107,SELLER-033,WH-001,CAR-068,Jaipur,Delhi,IN_TRANSIT,3,0,0,0,STALE,2026-09-02T04:14:00+00:00,2026-09-02T08:28:00+00:00
SHP-4108,SELLER-174,WH-039,CAR-081,Surat,Pune,PICKED_UP,2,0,0,0,STALE,2026-09-05T12:22:00+00:00,2026-09-05T15:15:00+00:00
SHP-4109,SELLER-174,WH-017,CAR-064,Ahmedabad,Jaipur,PICKED_UP,2,0,0,0,STALE,2026-09-06T19:39:00+00:00,2026-09-06T20:39:00+00:00
SHP-4110,SELLER-189,WH-013,CAR-017,Hyderabad,Jaipur,IN_TRANSIT,3,0,0,0,STALE,2026-09-02T06:34:00+00:00,2026-09-02T13:00:00+00:00
SHP-4111,SELLER-146,WH-027,CAR-075,Chennai,Mumbai,IN_TRANSIT,3,0,0,0,STALE,2026-09-02T00:15:00+00:00,2026-09-02T02:12:00+00:00
SHP-4112,SELLER-463,WH-018,CAR-044,Mumbai,Ahmedabad,PICKED_UP,2,0,0,0,STALE,2026-09-07T13:15:00+00:00,2026-09-07T14:46:00+00:00
SHP-4113,SELLER-034,WH-040,CAR-002,Mumbai,Jaipur,OUT_FOR_DELIVERY,4,0,0,0,STALE,2026-09-06T21:20:00+00:00,2026-09-07T06:05:00+00:00
SHP-4114,SELLER-468,WH-013,CAR-089,Surat,Bengaluru,OUT_FOR_DELIVERY,4,0,0,0,STALE,2026-09-06T10:52:00+00:00,2026-09-06T18:07:00+00:00
SHP-4115,SELLER-121,WH-013,CAR-029,Mumbai,Ahmedabad,OUT_FOR_DELIVERY,4,0,0,0,STALE,2026-09-05T05:46:00+00:00,2026-09-05T13:35:00+00:00
SHP-4116,SELLER-265,WH-013,CAR-085,Ahmedabad,Jaipur,IN_TRANSIT,3,0,0,0,STALE,2026-09-02T19:06:00+00:00,2026-09-03T02:11:00+00:00
SHP-4117,SELLER-073,WH-030,CAR-015,Pune,Ahmedabad,PICKED_UP,2,0,0,0,STALE,2026-09-04T04:57:00+00:00,2026-09-04T06:59:00+00:00
SHP-4118,SELLER-084,WH-034,CAR-034,Bengaluru,Hyderabad,DELIVERED,5,0,0,0,STALE,2026-09-06T12:58:00+00:00,2026-09-06T23:21:00+00:00
SHP-4119,SELLER-083,WH-033,CAR-025,Pune,Chennai,CREATED,1,0,0,0,STALE,2026-09-07T07:05:00+00:00,2026-09-07T07:05:00+00:00
SHP-4120,SELLER-038,WH-007,CAR-083,Jaipur,Ahmedabad,PICKED_UP,2,0,0,0,STALE,2026-09-03T03:49:00+00:00,2026-09-03T06:38:00+00:00
SHP-4121,SELLER-019,WH-045,CAR-004,Kolkata,Ahmedabad,IN_TRANSIT,3,0,0,0,STALE,2026-09-04T21:14:00+00:00,2026-09-05T02:54:00+00:00
SHP-4122,SELLER-220,WH-005,CAR-075,Mumbai,Hyderabad,DELIVERED,5,0,0,0,STALE,2026-09-05T21:44:00+00:00,2026-09-06T03:46:00+00:00
SHP-4123,SELLER-466,WH-032,CAR-031,Kolkata,Bengaluru,PICKED_UP,2,0,0,0,STALE,2026-09-02T09:01:00+00:00,2026-09-02T11:46:00+00:00
SHP-4124,SELLER-199,WH-015,CAR-024,Delhi,Surat,PICKED_UP,2,0,0,0,STALE,2026-09-05T14:58:00+00:00,2026-09-05T16:26:00+00:00
SHP-4125,SELLER-003,WH-012,CAR-029,Kolkata,Delhi,DELIVERED,5,0,0,0,STALE,2026-09-02T01:19:00+00:00,2026-09-02T13:04:00+00:00
SHP-4126,SELLER-011,WH-010,CAR-059,Mumbai,Bengaluru,IN_TRANSIT,3,0,0,0,STALE,2026-09-06T22:15:00+00:00,2026-09-07T01:18:00+00:00
SHP-4127,SELLER-463,WH-014,CAR-005,Surat,Hyderabad,IN_TRANSIT,3,0,0,0,STALE,2026-09-06T02:58:00+00:00,2026-09-06T09:56:00+00:00
SHP-4128,SELLER-313,WH-021,CAR-034,Pune,Chennai,DELIVERED,5,0,0,0,STALE,2026-09-06T10:12:00+00:00,2026-09-06T17:28:00+00:00
SHP-4129,SELLER-334,WH-012,CAR-047,Chennai,Bengaluru,CANCELLED,2,1,0,0,STALE,2026-09-02T10:20:00+00:00,2026-09-02T11:12:00+00:00
SHP-4130,SELLER-046,WH-009,CAR-076,Kolkata,Delhi,CREATED,1,0,0,0,STALE,2026-09-06T17:15:00+00:00,2026-09-06T17:15:00+00:00
SHP-4131,SELLER-275,WH-032,CAR-094,Hyderabad,Mumbai,PICKED_UP,2,0,0,0,STALE,2026-09-04T23:00:00+00:00,2026-09-05T01:16:00+00:00
SHP-4132,SELLER-324,WH-017,CAR-099,Chennai,Jaipur,PICKED_UP,2,0,0,0,STALE,2026-09-06T04:30:00+00:00,2026-09-06T05:20:00+00:00
SHP-4133,SELLER-180,WH-048,CAR-034,Pune,Delhi,CREATED,1,0,0,0,STALE,2026-09-07T02:12:00+00:00,2026-09-07T02:12:00+00:00
SHP-4134,SELLER-235,WH-049,CAR-052,Pune,Bengaluru,CREATED,1,0,0,0,STALE,2026-09-06T12:58:00+00:00,2026-09-06T12:58:00+00:00
SHP-4135,SELLER-401,WH-050,CAR-074,Bengaluru,Delhi,IN_TRANSIT,3,0,0,0,STALE,2026-09-05T07:55:00+00:00,2026-09-05T11:11:00+00:00
SHP-4136,SELLER-471,WH-020,CAR-008,Bengaluru,Kolkata,DELIVERED,5,0,0,0,FRESH,2026-09-07T21:19:00+00:00,2026-09-08T07:31:00+00:00
SHP-4137,SELLER-423,WH-030,CAR-060,Kolkata,Pune,IN_TRANSIT,3,0,0,0,STALE,2026-09-01T18:09:00+00:00,2026-09-01T23:28:00+00:00
SHP-4138,SELLER-452,WH-019,CAR-004,Mumbai,Pune,CREATED,1,0,0,0,STALE,2026-09-05T21:32:00+00:00,2026-09-05T21:32:00+00:00
SHP-4139,SELLER-304,WH-046,CAR-035,Delhi,Bengaluru,CREATED,1,0,0,0,STALE,2026-09-02T05:49:00+00:00,2026-09-02T05:49:00+00:00
SHP-4140,SELLER-070,WH-050,CAR-024,Bengaluru,Kolkata,PICKED_UP,2,0,0,0,STALE,2026-09-02T23:31:00+00:00,2026-09-03T00:07:00+00:00
SHP-4141,SELLER-044,WH-044,CAR-077,Jaipur,Kolkata,IN_TRANSIT,3,0,0,0,STALE,2026-09-06T19:49:00+00:00,2026-09-07T02:01:00+00:00
SHP-4142,SELLER-360,WH-030,CAR-029,Kolkata,Jaipur,CREATED,1,0,0,0,STALE,2026-09-03T09:52:00+00:00,2026-09-03T09:52:00+00:00
SHP-4143,SELLER-377,WH-005,CAR-065,Ahmedabad,Jaipur,PICKED_UP,2,0,0,0,STALE,2026-09-06T15:48:00+00:00,2026-09-06T17:50:00+00:00
SHP-4144,SELLER-465,WH-011,CAR-042,Jaipur,Kolkata,DELIVERED,5,0,0,0,STALE,2026-09-04T14:56:00+00:00,2026-09-05T00:57:00+00:00
SHP-4145,SELLER-456,WH-019,CAR-031,Bengaluru,Surat,IN_TRANSIT,3,0,0,0,STALE,2026-09-07T08:28:00+00:00,2026-09-07T12:38:00+00:00
SHP-4146,SELLER-414,WH-045,CAR-007,Surat,Pune,IN_TRANSIT,3,0,0,0,STALE,2026-09-03T19:46:00+00:00,2026-09-04T01:27:00+00:00
SHP-4147,SELLER-001,WH-028,CAR-026,Surat,Kolkata,IN_TRANSIT,3,0,0,1,STALE,2026-09-04T18:44:00+00:00,2026-09-04T23:14:00+00:00
SHP-4148,SELLER-024,WH-017,CAR-061,Pune,Surat,DELIVERED,5,0,0,0,FRESH,2026-09-07T22:05:00+00:00,2026-09-08T07:58:00+00:00
SHP-4149,SELLER-094,WH-030,CAR-047,Kolkata,Hyderabad,IN_TRANSIT,3,0,0,0,STALE,2026-09-01T14:26:00+00:00,2026-09-01T19:09:00+00:00
SHP-4150,SELLER-195,WH-035,CAR-029,Hyderabad,Bengaluru,PICKED_UP,2,0,0,0,STALE,2026-09-02T04:01:00+00:00,2026-09-02T04:38:00+00:00
SHP-4151,SELLER-022,WH-041,CAR-081,Hyderabad,Ahmedabad,CREATED,1,0,0,0,STALE,2026-09-05T02:09:00+00:00,2026-09-05T02:09:00+00:00
SHP-4152,SELLER-465,WH-020,CAR-082,Surat,Chennai,CREATED,1,0,0,0,STALE,2026-09-05T19:30:00+00:00,2026-09-05T19:30:00+00:00
SHP-4153,SELLER-444,WH-028,CAR-026,Hyderabad,Mumbai,IN_TRANSIT,3,0,0,0,STALE,2026-09-01T14:42:00+00:00,2026-09-01T17:54:00+00:00
SHP-4154,SELLER-152,WH-013,CAR-054,Delhi,Hyderabad,PICKED_UP,2,0,0,0,STALE,2026-09-07T19:59:00+00:00,2026-09-07T20:47:00+00:00
SHP-4155,SELLER-285,WH-008,CAR-016,Bengaluru,Hyderabad,IN_TRANSIT,3,0,0,1,STALE,2026-09-06T08:41:00+00:00,2026-09-06T17:17:00+00:00
SHP-4156,SELLER-354,WH-026,CAR-071,Ahmedabad,Bengaluru,OUT_FOR_DELIVERY,4,0,0,0,STALE,2026-09-05T17:40:00+00:00,2026-09-06T02:12:00+00:00
SHP-4157,SELLER-116,WH-035,CAR-009,Delhi,Jaipur,CREATED,1,0,0,0,STALE,2026-09-04T08:07:00+00:00,2026-09-04T08:07:00+00:00
SHP-4158,SELLER-383,WH-003,CAR-014,Hyderabad,Bengaluru,IN_TRANSIT,3,0,0,0,STALE,2026-09-03T06:24:00+00:00,2026-09-03T11:07:00+00:00
SHP-4159,SELLER-145,WH-016,CAR-076,Kolkata,Chennai,DELIVERED,5,0,0,1,STALE,2026-09-03T00:35:00+00:00,2026-09-03T09:50:00+00:00
SHP-4160,SELLER-431,WH-015,CAR-005,Delhi,Bengaluru,CREATED,1,0,0,0,STALE,2026-09-07T22:06:00+00:00,2026-09-07T22:06:00+00:00
SHP-4161,SELLER-195,WH-043,CAR-069,Pune,Bengaluru,DELIVERED,5,0,0,0,STALE,2026-09-06T14:07:00+00:00,2026-09-06T20:42:00+00:00
SHP-4162,SELLER-155,WH-011,CAR-050,Pune,Delhi,PICKED_UP,2,0,0,0,STALE,2026-09-03T13:52:00+00:00,2026-09-03T16:28:00+00:00
SHP-4163,SELLER-323,WH-050,CAR-090,Mumbai,Delhi,CREATED,1,0,0,0,STALE,2026-09-01T10:59:00+00:00,2026-09-01T10:59:00+00:00
SHP-4164,SELLER-324,WH-012,CAR-083,Pune,Hyderabad,IN_TRANSIT,3,0,0,0,STALE,2026-09-03T07:24:00+00:00,2026-09-03T14:51:00+00:00
SHP-4165,SELLER-252,WH-022,CAR-096,Chennai,Mumbai,IN_TRANSIT,3,0,0,0,STALE,2026-09-07T15:31:00+00:00,2026-09-07T20:05:00+00:00
SHP-4166,SELLER-458,WH-014,CAR-064,Chennai,Kolkata,PICKED_UP,2,1,0,0,STALE,2026-09-04T11:56:00+00:00,2026-09-04T14:47:00+00:00
SHP-4167,SELLER-426,WH-049,CAR-004,Bengaluru,Chennai,PICKED_UP,2,1,0,0,STALE,2026-09-01T06:03:00+00:00,2026-09-01T07:06:00+00:00
SHP-4168,SELLER-493,WH-026,CAR-018,Kolkata,Pune,DELIVERED,5,0,0,0,STALE,2026-09-06T08:34:00+00:00,2026-09-06T18:26:00+00:00
SHP-4169,SELLER-130,WH-050,CAR-081,Delhi,Mumbai,CANCELLED,2,0,0,0,STALE,2026-09-03T21:57:00+00:00,2026-09-03T23:40:00+00:00
SHP-4170,SELLER-435,WH-043,CAR-012,Chennai,Ahmedabad,IN_TRANSIT,3,0,0,0,STALE,2026-09-05T23:14:00+00:00,2026-09-06T06:47:00+00:00
SHP-4171,SELLER-325,WH-010,CAR-050,Chennai,Surat,OUT_FOR_DELIVERY,4,0,0,0,STALE,2026-09-02T10:39:00+00:00,2026-09-02T18:17:00+00:00
SHP-4172,SELLER-309,WH-034,CAR-062,Bengaluru,Hyderabad,DELIVERED,5,0,0,0,STALE,2026-09-06T20:20:00+00:00,2026-09-07T04:12:00+00:00
SHP-4173,SELLER-484,WH-025,CAR-027,Hyderabad,Ahmedabad,PICKED_UP,2,0,0,0,STALE,2026-09-03T22:18:00+00:00,2026-09-04T00:38:00+00:00
SHP-4174,SELLER-043,WH-001,CAR-010,Kolkata,Delhi,DELIVERED,5,0,0,0,STALE,2026-09-01T20:12:00+00:00,2026-09-02T06:41:00+00:00
SHP-4175,SELLER-017,WH-033,CAR-085,Jaipur,Delhi,PICKED_UP,2,0,0,0,STALE,2026-09-03T16:45:00+00:00,2026-09-03T17:40:00+00:00
SHP-4176,SELLER-085,WH-012,CAR-042,Hyderabad,Kolkata,IN_TRANSIT,3,0,0,0,STALE,2026-09-01T05:15:00+00:00,2026-09-01T07:49:00+00:00
SHP-4177,SELLER-028,WH-031,CAR-025,Bengaluru,Surat,CREATED,1,0,0,0,STALE,2026-09-01T21:30:00+00:00,2026-09-01T21:30:00+00:00
SHP-4178,SELLER-093,WH-015,CAR-057,Kolkata,Jaipur,DELIVERED,5,0,0,0,STALE,2026-09-04T21:45:00+00:00,2026-09-05T06:32:00+00:00
SHP-4179,SELLER-189,WH-029,CAR-068,Mumbai,Pune,OUT_FOR_DELIVERY,4,0,0,0,STALE,2026-09-01T20:05:00+00:00,2026-09-02T02:41:00+00:00
SHP-4180,SELLER-040,WH-050,CAR-028,Pune,Bengaluru,DELIVERED,5,0,0,0,STALE,2026-09-06T11:07:00+00:00,2026-09-06T20:03:00+00:00
SHP-4181,SELLER-289,WH-026,CAR-091,Kolkata,Mumbai,IN_TRANSIT,3,0,0,0,STALE,2026-09-04T07:21:00+00:00,2026-09-04T11:16:00+00:00
SHP-4182,SELLER-116,WH-034,CAR-095,Bengaluru,Kolkata,OUT_FOR_DELIVERY,4,0,0,0,STALE,2026-09-01T05:11:00+00:00,2026-09-01T15:08:00+00:00
SHP-4183,SELLER-295,WH-045,CAR-011,Chennai,Mumbai,CREATED,1,0,0,0,STALE,2026-09-06T16:25:00+00:00,2026-09-06T16:25:00+00:00
SHP-4184,SELLER-500,WH-043,CAR-067,Ahmedabad,Surat,OUT_FOR_DELIVERY,4,0,0,0,STALE,2026-09-04T19:03:00+00:00,2026-09-05T04:37:00+00:00
SHP-4185,SELLER-346,WH-037,CAR-068,Pune,Ahmedabad,IN_TRANSIT,3,0,0,0,STALE,2026-09-07T05:19:00+00:00,2026-09-07T09:56:00+00:00
SHP-4186,SELLER-265,WH-024,CAR-060,Surat,Hyderabad,DELIVERED,5,0,0,0,STALE,2026-09-01T18:01:00+00:00,2026-09-02T00:48:00+00:00
SHP-4187,SELLER-284,WH-042,CAR-012,Mumbai,Ahmedabad,OUT_FOR_DELIVERY,4,0,0,0,STALE,2026-09-06T13:51:00+00:00,2026-09-06T22:53:00+00:00
SHP-4188,SELLER-192,WH-030,CAR-085,Mumbai,Ahmedabad,IN_TRANSIT,3,0,0,0,STALE,2026-09-04T07:18:00+00:00,2026-09-04T11:50:00+00:00
SHP-4189,SELLER-314,WH-042,CAR-100,Pune,Kolkata,IN_TRANSIT,3,0,0,0,STALE,2026-09-03T12:02:00+00:00,2026-09-03T17:31:00+00:00
SHP-4190,SELLER-087,WH-047,CAR-035,Bengaluru,Chennai,PICKED_UP,2,0,0,1,STALE,2026-09-06T01:32:00+00:00,2026-09-06T02:50:00+00:00
SHP-4191,SELLER-375,WH-030,CAR-051,Bengaluru,Kolkata,CREATED,1,0,0,0,STALE,2026-09-05T12:10:00+00:00,2026-09-05T12:10:00+00:00
SHP-4192,SELLER-378,WH-028,CAR-019,Surat,Delhi,PICKED_UP,2,0,0,0,STALE,2026-09-07T11:03:00+00:00,2026-09-07T12:24:00+00:00
SHP-4193,SELLER-371,WH-037,CAR-071,Kolkata,Chennai,PICKED_UP,2,0,0,0,STALE,2026-09-06T01:28:00+00:00,2026-09-06T03:50:00+00:00
SHP-4194,SELLER-238,WH-024,CAR-036,Surat,Bengaluru,IN_TRANSIT,3,0,0,0,STALE,2026-09-07T13:39:00+00:00,2026-09-07T18:06:00+00:00
SHP-4195,SELLER-404,WH-045,CAR-008,Jaipur,Surat,PICKED_UP,2,0,0,0,STALE,2026-09-05T13:24:00+00:00,2026-09-05T14:29:00+00:00
SHP-4196,SELLER-473,WH-004,CAR-036,Surat,Pune,IN_TRANSIT,3,0,0,0,STALE,2026-09-07T15:25:00+00:00,2026-09-07T22:28:00+00:00
SHP-4197,SELLER-446,WH-014,CAR-058,Surat,Jaipur,OUT_FOR_DELIVERY,4,1,0,0,STALE,2026-09-01T07:59:00+00:00,2026-09-01T17:02:00+00:00
SHP-4198,SELLER-471,WH-032,CAR-001,Jaipur,Ahmedabad,IN_TRANSIT,3,0,0,0,STALE,2026-09-01T18:52:00+00:00,2026-09-01T23:21:00+00:00
SHP-4199,SELLER-473,WH-009,CAR-080,Surat,Chennai,DELIVERED,5,0,0,0,STALE,2026-09-02T01:50:00+00:00,2026-09-02T08:22:00+00:00
SHP-4200,SELLER-407,WH-038,CAR-066,Chennai,Mumbai,OUT_FOR_DELIVERY,4,0,0,0,STALE,2026-09-06T20:22:00+00:00,2026-09-07T07:24:00+00:00
SHP-4201,SELLER-478,WH-022,CAR-096,Hyderabad,Pune,CREATED,1,0,0,0,STALE,2026-09-07T06:00:00+00:00,2026-09-07T06:00:00+00:00
SHP-4202,SELLER-474,WH-032,CAR-082,Kolkata,Surat,DELIVERED,5,0,0,0,STALE,2026-09-05T12:17:00+00:00,2026-09-05T21:16:00+00:00
SHP-4203,SELLER-280,WH-010,CAR-022,Chennai,Delhi,OUT_FOR_DELIVERY,4,0,0,0,STALE,2026-09-05T12:50:00+00:00,2026-09-05T21:37:00+00:00
SHP-4204,SELLER-279,WH-020,CAR-007,Pune,Ahmedabad,OUT_FOR_DELIVERY,4,0,0,1,STALE,2026-09-02T16:59:00+00:00,2026-09-02T22:17:00+00:00
SHP-4205,SELLER-052,WH-045,CAR-053,Bengaluru,Jaipur,IN_TRANSIT,3,0,0,0,STALE,2026-09-02T03:38:00+00:00,2026-09-02T09:00:00+00:00
SHP-4206,SELLER-288,WH-018,CAR-061,Delhi,Bengaluru,PICKED_UP,2,0,0,0,STALE,2026-09-05T07:40:00+00:00,2026-09-05T08:27:00+00:00
SHP-4207,SELLER-303,WH-009,CAR-036,Hyderabad,Chennai,PICKED_UP,2,0,0,0,STALE,2026-09-05T01:33:00+00:00,2026-09-05T02:04:00+00:00
SHP-4208,SELLER-360,WH-025,CAR-037,Delhi,Ahmedabad,OUT_FOR_DELIVERY,4,0,0,0,STALE,2026-09-06T14:13:00+00:00,2026-09-06T21:25:00+00:00
SHP-4209,SELLER-223,WH-004,CAR-040,Hyderabad,Ahmedabad,CREATED,1,0,0,0,STALE,2026-09-03T09:33:00+00:00,2026-09-03T09:33:00+00:00
SHP-4210,SELLER-145,WH-019,CAR-094,Kolkata,Jaipur,CREATED,1,0,0,0,STALE,2026-09-01T20:48:00+00:00,2026-09-01T20:48:00+00:00
SHP-4211,SELLER-349,WH-031,CAR-026,Hyderabad,Delhi,DELIVERED,5,1,0,0,STALE,2026-09-01T20:12:00+00:00,2026-09-02T08:29:00+00:00
SHP-4212,SELLER-423,WH-038,CAR-002,Ahmedabad,Bengaluru,PICKED_UP,2,0,0,0,STALE,2026-09-03T12:32:00+00:00,2026-09-03T14:16:00+00:00
SHP-4213,SELLER-373,WH-017,CAR-019,Hyderabad,Jaipur,CREATED,1,0,0,0,STALE,2026-09-04T09:11:00+00:00,2026-09-04T09:11:00+00:00
SHP-4214,SELLER-069,WH-009,CAR-017,Kolkata,Jaipur,OUT_FOR_DELIVERY,4,0,0,1,STALE,2026-09-02T02:33:00+00:00,2026-09-02T12:17:00+00:00
SHP-4215,SELLER-144,WH-046,CAR-092,Kolkata,Ahmedabad,PICKED_UP,2,0,0,0,STALE,2026-09-05T11:44:00+00:00,2026-09-05T14:17:00+00:00
SHP-4216,SELLER-072,WH-047,CAR-006,Pune,Chennai,PICKED_UP,2,0,0,0,STALE,2026-09-06T14:55:00+00:00,2026-09-06T17:53:00+00:00
SHP-4217,SELLER-240,WH-021,CAR-052,Ahmedabad,Kolkata,IN_TRANSIT,3,0,0,0,STALE,2026-09-05T07:24:00+00:00,2026-09-05T15:54:00+00:00
SHP-4218,SELLER-262,WH-007,CAR-051,Surat,Hyderabad,DELIVERED,5,0,0,0,STALE,2026-09-03T10:01:00+00:00,2026-09-03T19:47:00+00:00
SHP-4219,SELLER-062,WH-020,CAR-052,Mumbai,Bengaluru,CREATED,1,0,0,0,STALE,2026-09-07T12:14:00+00:00,2026-09-07T12:14:00+00:00
SHP-4220,SELLER-099,WH-021,CAR-080,Bengaluru,Mumbai,PICKED_UP,2,0,0,0,STALE,2026-09-06T17:08:00+00:00,2026-09-06T20:01:00+00:00
SHP-4221,SELLER-205,WH-038,CAR-008,Kolkata,Mumbai,IN_TRANSIT,3,0,0,0,STALE,2026-09-03T13:57:00+00:00,2026-09-03T17:28:00+00:00
SHP-4222,SELLER-276,WH-014,CAR-098,Hyderabad,Mumbai,CREATED,1,0,0,0,STALE,2026-09-01T13:30:00+00:00,2026-09-01T13:30:00+00:00
SHP-4223,SELLER-184,WH-003,CAR-076,Kolkata,Bengaluru,OUT_FOR_DELIVERY,4,0,0,0,STALE,2026-09-03T09:47:00+00:00,2026-09-03T20:04:00+00:00
SHP-4224,SELLER-496,WH-047,CAR-020,Bengaluru,Surat,PICKED_UP,2,0,0,0,STALE,2026-09-04T15:44:00+00:00,2026-09-04T17:02:00+00:00
SHP-4225,SELLER-358,WH-007,CAR-047,Kolkata,Pune,IN_TRANSIT,3,0,0,0,STALE,2026-09-05T04:35:00+00:00,2026-09-05T07:45:00+00:00
SHP-4226,SELLER-466,WH-014,CAR-049,Bengaluru,Delhi,IN_TRANSIT,3,0,0,0,STALE,2026-09-02T05:48:00+00:00,2026-09-02T08:35:00+00:00
SHP-4227,SELLER-204,WH-005,CAR-037,Hyderabad,Mumbai,IN_TRANSIT,3,0,0,0,STALE,2026-09-02T18:36:00+00:00,2026-09-03T02:32:00+00:00
SHP-4228,SELLER-486,WH-019,CAR-053,Jaipur,Ahmedabad,DELIVERED,5,0,0,0,STALE,2026-09-05T07:35:00+00:00,2026-09-05T15:37:00+00:00
SHP-4229,SELLER-167,WH-041,CAR-075,Surat,Pune,DELIVERED,5,0,0,0,STALE,2026-09-03T13:04:00+00:00,2026-09-03T21:41:00+00:00
SHP-4230,SELLER-066,WH-039,CAR-015,Chennai,Ahmedabad,DELIVERED,5,1,0,0,STALE,2026-09-01T21:22:00+00:00,2026-09-02T05:54:00+00:00
SHP-4231,SELLER-005,WH-022,CAR-092,Jaipur,Hyderabad,IN_TRANSIT,3,0,0,0,STALE,2026-09-04T04:50:00+00:00,2026-09-04T08:46:00+00:00
SHP-4232,SELLER-056,WH-013,CAR-088,Chennai,Pune,PICKED_UP,2,0,0,0,STALE,2026-09-03T18:46:00+00:00,2026-09-03T20:26:00+00:00
SHP-4233,SELLER-016,WH-044,CAR-001,Ahmedabad,Kolkata,IN_TRANSIT,3,0,0,0,STALE,2026-09-07T02:10:00+00:00,2026-09-07T09:25:00+00:00
SHP-4234,SELLER-466,WH-025,CAR-012,Delhi,Hyderabad,DELIVERED,5,1,0,0,STALE,2026-09-04T20:56:00+00:00,2026-09-05T05:33:00+00:00
SHP-4235,SELLER-161,WH-025,CAR-032,Pune,Ahmedabad,IN_TRANSIT,3,0,0,0,STALE,2026-09-03T04:54:00+00:00,2026-09-03T11:43:00+00:00
SHP-4236,SELLER-296,WH-030,CAR-043,Hyderabad,Jaipur,CREATED,1,0,0,0,STALE,2026-09-01T21:41:00+00:00,2026-09-01T21:41:00+00:00
SHP-4237,SELLER-043,WH-019,CAR-026,Kolkata,Chennai,DELIVERED,5,0,0,0,STALE,2026-09-03T14:04:00+00:00,2026-09-03T22:20:00+00:00
SHP-4238,SELLER-389,WH-025,CAR-002,Hyderabad,Bengaluru,PICKED_UP,2,0,0,0,STALE,2026-09-06T06:52:00+00:00,2026-09-06T08:40:00+00:00
SHP-4239,SELLER-278,WH-006,CAR-027,Chennai,Pune,IN_TRANSIT,3,0,0,0,STALE,2026-09-02T19:16:00+00:00,2026-09-03T00:22:00+00:00
SHP-4240,SELLER-208,WH-035,CAR-067,Hyderabad,Chennai,OUT_FOR_DELIVERY,4,0,0,0,STALE,2026-09-03T19:39:00+00:00,2026-09-04T00:09:00+00:00
SHP-4241,SELLER-076,WH-015,CAR-080,Mumbai,Chennai,IN_TRANSIT,3,0,0,0,STALE,2026-09-06T08:24:00+00:00,2026-09-06T15:28:00+00:00
SHP-4242,SELLER-333,WH-041,CAR-070,Pune,Surat,DELIVERED,5,0,0,0,STALE,2026-09-05T09:16:00+00:00,2026-09-05T18:40:00+00:00
SHP-4243,SELLER-267,WH-009,CAR-059,Ahmedabad,Mumbai,IN_TRANSIT,3,0,0,0,STALE,2026-09-04T22:55:00+00:00,2026-09-05T02:59:00+00:00
SHP-4244,SELLER-159,WH-044,CAR-058,Ahmedabad,Delhi,IN_TRANSIT,3,0,0,0,STALE,2026-09-02T08:35:00+00:00,2026-09-02T13:12:00+00:00
SHP-4245,SELLER-001,WH-036,CAR-023,Chennai,Mumbai,OUT_FOR_DELIVERY,4,0,0,0,STALE,2026-09-05T06:56:00+00:00,2026-09-05T13:17:00+00:00
SHP-4246,SELLER-328,WH-033,CAR-004,Hyderabad,Pune,PICKED_UP,2,0,0,0,STALE,2026-09-02T00:59:00+00:00,2026-09-02T03:47:00+00:00
SHP-4247,SELLER-083,WH-007,CAR-082,Ahmedabad,Hyderabad,OUT_FOR_DELIVERY,4,0,0,0,STALE,2026-09-04T12:11:00+00:00,2026-09-04T20:31:00+00:00
SHP-4248,SELLER-156,WH-030,CAR-006,Delhi,Hyderabad,DELIVERED,5,0,0,1,STALE,2026-09-02T09:37:00+00:00,2026-09-02T18:22:00+00:00
SHP-4249,SELLER-499,WH-050,CAR-079,Ahmedabad,Kolkata,CREATED,1,0,0,0,STALE,2026-09-05T22:06:00+00:00,2026-09-05T22:06:00+00:00
SHP-4250,SELLER-360,WH-017,CAR-048,Delhi,Kolkata,CREATED,1,0,0,0,STALE,2026-09-05T02:53:00+00:00,2026-09-05T02:53:00+00:00
SHP-4251,SELLER-290,WH-030,CAR-023,Chennai,Pune,IN_TRANSIT,3,0,0,0,STALE,2026-09-07T11:11:00+00:00,2026-09-07T16:12:00+00:00
SHP-4252,SELLER-225,WH-031,CAR-005,Delhi,Pune,IN_TRANSIT,3,0,0,0,STALE,2026-09-07T06:33:00+00:00,2026-09-07T10:42:00+00:00
SHP-4253,SELLER-374,WH-033,CAR-093,Ahmedabad,Delhi,DELIVERED,5,0,0,0,STALE,2026-09-07T13:47:00+00:00,2026-09-08T02:25:00+00:00
SHP-4254,SELLER-234,WH-002,CAR-081,Pune,Chennai,CREATED,1,0,0,0,STALE,2026-09-01T13:58:00+00:00,2026-09-01T13:58:00+00:00
SHP-4255,SELLER-321,WH-005,CAR-057,Mumbai,Pune,DELIVERED,5,0,0,0,STALE,2026-09-05T01:13:00+00:00,2026-09-05T09:23:00+00:00
SHP-4256,SELLER-408,WH-036,CAR-095,Pune,Chennai,IN_TRANSIT,3,0,0,0,STALE,2026-09-06T14:10:00+00:00,2026-09-06T21:04:00+00:00
SHP-4257,SELLER-321,WH-033,CAR-059,Mumbai,Jaipur,PICKED_UP,2,0,0,0,STALE,2026-09-06T17:15:00+00:00,2026-09-06T17:50:00+00:00
SHP-4258,SELLER-283,WH-027,CAR-043,Jaipur,Kolkata,PICKED_UP,2,0,0,0,STALE,2026-09-06T18:24:00+00:00,2026-09-06T20:54:00+00:00
SHP-4259,SELLER-140,WH-027,CAR-008,Bengaluru,Hyderabad,DELIVERED,5,0,0,0,STALE,2026-09-02T00:32:00+00:00,2026-09-02T11:13:00+00:00
SHP-4260,SELLER-302,WH-018,CAR-086,Surat,Ahmedabad,PICKED_UP,2,0,0,1,STALE,2026-09-01T04:07:00+00:00,2026-09-01T06:39:00+00:00
SHP-4261,SELLER-026,WH-045,CAR-061,Mumbai,Chennai,OUT_FOR_DELIVERY,4,0,0,0,STALE,2026-09-03T14:27:00+00:00,2026-09-03T22:10:00+00:00
SHP-4262,SELLER-414,WH-044,CAR-094,Delhi,Bengaluru,CREATED,1,0,0,0,STALE,2026-09-07T06:51:00+00:00,2026-09-07T06:51:00+00:00
SHP-4263,SELLER-059,WH-015,CAR-004,Jaipur,Chennai,IN_TRANSIT,3,0,0,0,STALE,2026-09-03T04:02:00+00:00,2026-09-03T06:54:00+00:00
SHP-4264,SELLER-387,WH-014,CAR-034,Kolkata,Bengaluru,DELIVERED,5,0,0,1,STALE,2026-09-07T06:19:00+00:00,2026-09-07T15:58:00+00:00
SHP-4265,SELLER-197,WH-049,CAR-002,Pune,Bengaluru,DELIVERED,5,0,0,1,STALE,2026-09-01T16:21:00+00:00,2026-09-02T01:31:00+00:00
SHP-4266,SELLER-021,WH-030,CAR-080,Bengaluru,Kolkata,PICKED_UP,2,0,0,0,STALE,2026-09-06T20:56:00+00:00,2026-09-06T22:15:00+00:00
SHP-4267,SELLER-075,WH-019,CAR-056,Mumbai,Pune,DELIVERED,5,0,0,0,STALE,2026-09-05T01:50:00+00:00,2026-09-05T09:31:00+00:00
SHP-4268,SELLER-290,WH-009,CAR-050,Kolkata,Surat,OUT_FOR_DELIVERY,4,0,0,0,STALE,2026-09-04T17:33:00+00:00,2026-09-05T01:38:00+00:00
SHP-4269,SELLER-138,WH-021,CAR-097,Pune,Surat,IN_TRANSIT,3,0,0,0,STALE,2026-09-04T02:46:00+00:00,2026-09-04T07:40:00+00:00
SHP-4270,SELLER-220,WH-022,CAR-073,Mumbai,Chennai,DELIVERED,5,0,0,0,STALE,2026-09-03T18:39:00+00:00,2026-09-04T04:22:00+00:00
SHP-4271,SELLER-440,WH-033,CAR-034,Hyderabad,Bengaluru,OUT_FOR_DELIVERY,4,0,0,0,STALE,2026-09-02T22:02:00+00:00,2026-09-03T03:32:00+00:00
SHP-4272,SELLER-217,WH-001,CAR-010,Mumbai,Surat,PICKED_UP,2,0,0,1,STALE,2026-09-05T15:34:00+00:00,2026-09-05T16:21:00+00:00
SHP-4273,SELLER-280,WH-046,CAR-077,Jaipur,Mumbai,OUT_FOR_DELIVERY,4,0,0,0,STALE,2026-09-03T11:48:00+00:00,2026-09-03T17:38:00+00:00
SHP-4274,SELLER-439,WH-015,CAR-100,Delhi,Pune,IN_TRANSIT,3,0,0,0,STALE,2026-09-02T12:33:00+00:00,2026-09-02T15:03:00+00:00
SHP-4275,SELLER-372,WH-044,CAR-087,Delhi,Ahmedabad,IN_TRANSIT,3,0,0,0,STALE,2026-09-06T23:27:00+00:00,2026-09-07T04:57:00+00:00
SHP-4276,SELLER-004,WH-035,CAR-066,Jaipur,Surat,OUT_FOR_DELIVERY,4,0,0,0,STALE,2026-09-06T08:44:00+00:00,2026-09-06T17:51:00+00:00
SHP-4277,SELLER-404,WH-038,CAR-093,Chennai,Mumbai,DELIVERED,5,0,0,0,STALE,2026-09-04T04:10:00+00:00,2026-09-04T11:33:00+00:00
SHP-4278,SELLER-370,WH-003,CAR-031,Ahmedabad,Jaipur,IN_TRANSIT,3,0,0,0,STALE,2026-09-02T00:08:00+00:00,2026-09-02T03:18:00+00:00
SHP-4279,SELLER-298,WH-015,CAR-027,Kolkata,Surat,PICKED_UP,2,1,0,0,STALE,2026-09-04T22:44:00+00:00,2026-09-05T00:29:00+00:00
SHP-4280,SELLER-136,WH-028,CAR-061,Delhi,Hyderabad,IN_TRANSIT,3,0,0,0,STALE,2026-09-06T22:28:00+00:00,2026-09-07T00:42:00+00:00
SHP-4281,SELLER-391,WH-044,CAR-005,Kolkata,Pune,DELIVERED,5,0,0,0,STALE,2026-09-07T02:11:00+00:00,2026-09-07T11:26:00+00:00
SHP-4282,SELLER-431,WH-024,CAR-035,Surat,Pune,IN_TRANSIT,3,0,0,0,STALE,2026-09-06T12:40:00+00:00,2026-09-06T19:08:00+00:00
SHP-4283,SELLER-185,WH-030,CAR-015,Delhi,Mumbai,IN_TRANSIT,3,0,0,0,STALE,2026-09-05T23:01:00+00:00,2026-09-06T03:41:00+00:00
SHP-4284,SELLER-269,WH-037,CAR-008,Hyderabad,Delhi,IN_TRANSIT,3,0,0,0,STALE,2026-09-04T16:38:00+00:00,2026-09-04T22:48:00+00:00
SHP-4285,SELLER-480,WH-033,CAR-078,Surat,Chennai,CANCELLED,2,0,0,0,STALE,2026-09-01T19:12:00+00:00,2026-09-01T20:01:00+00:00
SHP-4286,SELLER-376,WH-003,CAR-036,Hyderabad,Delhi,CREATED,1,0,0,0,STALE,2026-09-07T21:12:00+00:00,2026-09-07T21:12:00+00:00
SHP-4287,SELLER-108,WH-020,CAR-089,Jaipur,Kolkata,IN_TRANSIT,3,1,0,0,STALE,2026-09-04T23:35:00+00:00,2026-09-05T04:55:00+00:00
SHP-4288,SELLER-111,WH-006,CAR-055,Pune,Hyderabad,DELIVERED,5,0,0,0,STALE,2026-09-06T12:57:00+00:00,2026-09-06T18:45:00+00:00
SHP-4289,SELLER-412,WH-044,CAR-051,Bengaluru,Pune,DELIVERED,5,0,0,0,STALE,2026-09-06T16:42:00+00:00,2026-09-07T02:07:00+00:00
SHP-4290,SELLER-006,WH-029,CAR-019,Hyderabad,Delhi,DELIVERED,5,0,0,1,STALE,2026-09-06T10:21:00+00:00,2026-09-06T21:21:00+00:00
SHP-4291,SELLER-116,WH-018,CAR-080,Kolkata,Surat,OUT_FOR_DELIVERY,4,0,0,0,STALE,2026-09-05T23:08:00+00:00,2026-09-06T07:37:00+00:00
SHP-4292,SELLER-150,WH-045,CAR-050,Kolkata,Mumbai,IN_TRANSIT,3,0,0,0,STALE,2026-09-06T15:32:00+00:00,2026-09-06T20:28:00+00:00
SHP-4293,SELLER-063,WH-033,CAR-054,Ahmedabad,Bengaluru,OUT_FOR_DELIVERY,4,0,0,0,STALE,2026-09-05T21:30:00+00:00,2026-09-06T03:17:00+00:00
SHP-4294,SELLER-449,WH-021,CAR-034,Ahmedabad,Mumbai,PICKED_UP,2,0,0,0,STALE,2026-09-02T12:36:00+00:00,2026-09-02T15:27:00+00:00
SHP-4295,SELLER-130,WH-036,CAR-012,Chennai,Bengaluru,DELIVERED,5,0,0,0,STALE,2026-09-04T10:55:00+00:00,2026-09-04T23:40:00+00:00
SHP-4296,SELLER-404,WH-006,CAR-069,Ahmedabad,Pune,PICKED_UP,2,1,0,0,STALE,2026-09-04T05:02:00+00:00,2026-09-04T06:43:00+00:00
SHP-4297,SELLER-033,WH-003,CAR-056,Mumbai,Pune,OUT_FOR_DELIVERY,4,0,0,0,STALE,2026-09-01T18:35:00+00:00,2026-09-02T03:54:00+00:00
SHP-4298,SELLER-058,WH-020,CAR-046,Bengaluru,Delhi,IN_TRANSIT,3,0,0,0,STALE,2026-09-07T09:18:00+00:00,2026-09-07T15:45:00+00:00
SHP-4299,SELLER-091,WH-022,CAR-009,Hyderabad,Delhi,OUT_FOR_DELIVERY,4,0,0,0,STALE,2026-09-05T09:43:00+00:00,2026-09-05T15:19:00+00:00
SHP-4300,SELLER-280,WH-030,CAR-027,Bengaluru,Mumbai,OUT_FOR_DELIVERY,4,0,0,0,STALE,2026-09-01T10:37:00+00:00,2026-09-01T18:48:00+00:00
SHP-4301,SELLER-487,WH-048,CAR-096,Hyderabad,Mumbai,CREATED,1,0,0,0,STALE,2026-09-07T17:11:00+00:00,2026-09-07T17:11:00+00:00
SHP-4302,SELLER-190,WH-009,CAR-005,Ahmedabad,Delhi,DELIVERED,5,0,0,0,STALE,2026-09-04T20:09:00+00:00,2026-09-05T07:12:00+00:00
SHP-4303,SELLER-375,WH-021,CAR-047,Delhi,Chennai,DELIVERED,5,0,0,0,STALE,2026-09-04T16:24:00+00:00,2026-09-04T23:19:00+00:00
SHP-4304,SELLER-271,WH-050,CAR-056,Mumbai,Hyderabad,PICKED_UP,2,0,0,0,STALE,2026-09-03T03:49:00+00:00,2026-09-03T04:21:00+00:00
SHP-4305,SELLER-462,WH-015,CAR-014,Mumbai,Delhi,OUT_FOR_DELIVERY,4,0,0,0,STALE,2026-09-03T18:39:00+00:00,2026-09-04T02:15:00+00:00
SHP-4306,SELLER-445,WH-024,CAR-093,Delhi,Chennai,CREATED,1,0,0,0,STALE,2026-09-02T08:00:00+00:00,2026-09-02T08:00:00+00:00
SHP-4307,SELLER-054,WH-034,CAR-075,Bengaluru,Surat,PICKED_UP,2,0,0,0,STALE,2026-09-01T13:20:00+00:00,2026-09-01T15:53:00+00:00
SHP-4308,SELLER-308,WH-042,CAR-009,Chennai,Surat,DELIVERED,5,0,0,0,FRESH,2026-09-07T21:07:00+00:00,2026-09-08T05:52:00+00:00
SHP-4309,SELLER-337,WH-043,CAR-094,Jaipur,Mumbai,IN_TRANSIT,3,0,0,0,STALE,2026-09-04T00:37:00+00:00,2026-09-04T07:24:00+00:00
SHP-4310,SELLER-128,WH-024,CAR-065,Jaipur,Bengaluru,IN_TRANSIT,3,0,0,0,STALE,2026-09-07T04:12:00+00:00,2026-09-07T07:55:00+00:00
SHP-4311,SELLER-292,WH-004,CAR-023,Hyderabad,Kolkata,IN_TRANSIT,3,0,0,0,STALE,2026-09-04T02:39:00+00:00,2026-09-04T08:15:00+00:00
SHP-4312,SELLER-354,WH-047,CAR-100,Surat,Delhi,OUT_FOR_DELIVERY,4,0,0,0,STALE,2026-09-06T08:49:00+00:00,2026-09-06T16:49:00+00:00
SHP-4313,SELLER-299,WH-036,CAR-005,Mumbai,Kolkata,IN_TRANSIT,3,0,0,0,STALE,2026-09-07T03:41:00+00:00,2026-09-07T09:08:00+00:00
SHP-4314,SELLER-201,WH-023,CAR-098,Jaipur,Pune,IN_TRANSIT,3,0,0,0,STALE,2026-09-06T23:18:00+00:00,2026-09-07T04:06:00+00:00
SHP-4315,SELLER-216,WH-030,CAR-073,Chennai,Delhi,DELIVERED,5,0,0,0,STALE,2026-09-03T03:53:00+00:00,2026-09-03T11:07:00+00:00
SHP-4316,SELLER-157,WH-043,CAR-055,Pune,Kolkata,IN_TRANSIT,3,0,0,0,STALE,2026-09-04T01:12:00+00:00,2026-09-04T05:56:00+00:00
SHP-4317,SELLER-023,WH-025,CAR-015,Mumbai,Kolkata,DELIVERED,5,0,0,0,STALE,2026-09-03T00:01:00+00:00,2026-09-03T09:53:00+00:00
SHP-4318,SELLER-455,WH-049,CAR-076,Kolkata,Bengaluru,IN_TRANSIT,3,0,0,0,STALE,2026-09-04T10:09:00+00:00,2026-09-04T16:56:00+00:00
SHP-4319,SELLER-366,WH-044,CAR-051,Mumbai,Surat,CREATED,1,0,0,0,STALE,2026-09-04T05:36:00+00:00,2026-09-04T05:36:00+00:00
SHP-4320,SELLER-226,WH-048,CAR-041,Ahmedabad,Pune,IN_TRANSIT,3,0,0,0,STALE,2026-09-02T11:29:00+00:00,2026-09-02T14:11:00+00:00
SHP-4321,SELLER-483,WH-015,CAR-083,Bengaluru,Hyderabad,IN_TRANSIT,3,0,0,0,STALE,2026-09-01T09:34:00+00:00,2026-09-01T14:53:00+00:00
SHP-4322,SELLER-291,WH-046,CAR-088,Ahmedabad,Bengaluru,PICKED_UP,2,0,0,0,STALE,2026-09-04T20:05:00+00:00,2026-09-04T21:03:00+00:00
SHP-4323,SELLER-100,WH-050,CAR-038,Chennai,Mumbai,CANCELLED,2,0,0,0,STALE,2026-09-06T08:19:00+00:00,2026-09-06T10:53:00+00:00
SHP-4324,SELLER-050,WH-033,CAR-065,Kolkata,Chennai,OUT_FOR_DELIVERY,4,0,0,0,STALE,2026-09-01T05:31:00+00:00,2026-09-01T13:08:00+00:00
SHP-4325,SELLER-463,WH-011,CAR-027,Mumbai,Bengaluru,IN_TRANSIT,3,0,0,0,STALE,2026-09-06T22:02:00+00:00,2026-09-07T02:44:00+00:00
SHP-4326,SELLER-069,WH-002,CAR-096,Mumbai,Delhi,IN_TRANSIT,3,0,0,0,STALE,2026-09-05T11:11:00+00:00,2026-09-05T13:48:00+00:00
SHP-4327,SELLER-145,WH-037,CAR-057,Ahmedabad,Hyderabad,CREATED,1,0,0,0,STALE,2026-09-01T20:21:00+00:00,2026-09-01T20:21:00+00:00
SHP-4328,SELLER-353,WH-009,CAR-060,Mumbai,Pune,DELIVERED,5,0,0,0,STALE,2026-09-02T04:11:00+00:00,2026-09-02T14:27:00+00:00
SHP-4329,SELLER-222,WH-015,CAR-048,Ahmedabad,Mumbai,IN_TRANSIT,3,0,0,0,STALE,2026-09-07T00:21:00+00:00,2026-09-07T06:06:00+00:00
SHP-4330,SELLER-057,WH-020,CAR-089,Ahmedabad,Delhi,IN_TRANSIT,3,0,0,0,STALE,2026-09-06T04:19:00+00:00,2026-09-06T11:16:00+00:00
SHP-4331,SELLER-127,WH-013,CAR-055,Ahmedabad,Surat,CREATED,1,0,0,0,STALE,2026-09-02T15:35:00+00:00,2026-09-02T15:35:00+00:00
SHP-4332,SELLER-170,WH-023,CAR-035,Delhi,Hyderabad,IN_TRANSIT,3,0,0,0,STALE,2026-09-07T16:51:00+00:00,2026-09-07T21:08:00+00:00
SHP-4333,SELLER-277,WH-035,CAR-053,Mumbai,Hyderabad,IN_TRANSIT,3,0,0,0,STALE,2026-09-03T05:09:00+00:00,2026-09-03T08:46:00+00:00
SHP-4334,SELLER-388,WH-022,CAR-034,Jaipur,Hyderabad,CREATED,1,0,0,0,STALE,2026-09-01T04:15:00+00:00,2026-09-01T04:15:00+00:00
SHP-4335,SELLER-077,WH-005,CAR-001,Surat,Ahmedabad,IN_TRANSIT,3,0,0,0,STALE,2026-09-06T21:56:00+00:00,2026-09-07T05:43:00+00:00
SHP-4336,SELLER-498,WH-025,CAR-088,Ahmedabad,Chennai,DELIVERED,5,0,0,0,STALE,2026-09-07T10:36:00+00:00,2026-09-07T17:25:00+00:00
SHP-4337,SELLER-485,WH-039,CAR-081,Delhi,Bengaluru,IN_TRANSIT,3,0,0,0,STALE,2026-09-07T13:24:00+00:00,2026-09-07T16:00:00+00:00
SHP-4338,SELLER-067,WH-018,CAR-001,Jaipur,Chennai,CREATED,1,0,0,0,STALE,2026-09-04T19:17:00+00:00,2026-09-04T19:17:00+00:00
SHP-4339,SELLER-367,WH-046,CAR-049,Hyderabad,Ahmedabad,IN_TRANSIT,3,0,0,0,STALE,2026-09-03T20:52:00+00:00,2026-09-04T01:38:00+00:00
SHP-4340,SELLER-157,WH-042,CAR-049,Ahmedabad,Surat,DELIVERED,5,0,0,0,STALE,2026-09-04T06:37:00+00:00,2026-09-04T16:16:00+00:00
SHP-4341,SELLER-273,WH-037,CAR-095,Delhi,Hyderabad,PICKED_UP,2,0,0,0,STALE,2026-09-03T12:18:00+00:00,2026-09-03T13:12:00+00:00
SHP-4342,SELLER-146,WH-013,CAR-087,Jaipur,Surat,CREATED,1,0,0,0,STALE,2026-09-02T09:31:00+00:00,2026-09-02T09:31:00+00:00
SHP-4343,SELLER-467,WH-047,CAR-060,Delhi,Kolkata,IN_TRANSIT,3,0,0,0,STALE,2026-09-07T02:12:00+00:00,2026-09-07T08:23:00+00:00
SHP-4344,SELLER-271,WH-044,CAR-044,Chennai,Jaipur,PICKED_UP,2,0,0,1,STALE,2026-09-02T05:47:00+00:00,2026-09-02T06:55:00+00:00
SHP-4345,SELLER-163,WH-037,CAR-087,Jaipur,Bengaluru,PICKED_UP,2,0,0,0,STALE,2026-09-01T01:30:00+00:00,2026-09-01T02:47:00+00:00
SHP-4346,SELLER-087,WH-042,CAR-089,Mumbai,Hyderabad,OUT_FOR_DELIVERY,4,0,0,0,STALE,2026-09-03T04:05:00+00:00,2026-09-03T12:40:00+00:00
SHP-4347,SELLER-421,WH-015,CAR-072,Kolkata,Pune,IN_TRANSIT,3,1,0,0,STALE,2026-09-05T23:49:00+00:00,2026-09-06T06:38:00+00:00
SHP-4348,SELLER-154,WH-018,CAR-088,Surat,Mumbai,PICKED_UP,2,0,0,0,STALE,2026-09-05T08:43:00+00:00,2026-09-05T09:13:00+00:00
SHP-4349,SELLER-029,WH-018,CAR-016,Surat,Chennai,IN_TRANSIT,3,0,0,0,STALE,2026-09-01T00:29:00+00:00,2026-09-01T04:12:00+00:00
SHP-4350,SELLER-148,WH-008,CAR-029,Delhi,Pune,CREATED,1,0,0,0,STALE,2026-09-01T06:57:00+00:00,2026-09-01T06:57:00+00:00
SHP-4351,SELLER-126,WH-012,CAR-025,Delhi,Mumbai,PICKED_UP,2,0,0,0,STALE,2026-09-07T13:44:00+00:00,2026-09-07T16:32:00+00:00
SHP-4352,SELLER-062,WH-019,CAR-024,Ahmedabad,Chennai,PICKED_UP,2,0,0,0,STALE,2026-09-02T22:59:00+00:00,2026-09-02T23:54:00+00:00
SHP-4353,SELLER-201,WH-006,CAR-007,Mumbai,Pune,PICKED_UP,2,0,0,0,STALE,2026-09-02T14:45:00+00:00,2026-09-02T15:15:00+00:00
SHP-4354,SELLER-340,WH-012,CAR-085,Jaipur,Mumbai,OUT_FOR_DELIVERY,4,0,0,0,STALE,2026-09-03T19:23:00+00:00,2026-09-04T01:42:00+00:00
SHP-4355,SELLER-209,WH-016,CAR-003,Mumbai,Delhi,CREATED,1,0,0,0,STALE,2026-09-04T03:27:00+00:00,2026-09-04T03:27:00+00:00
SHP-4356,SELLER-375,WH-008,CAR-056,Ahmedabad,Bengaluru,CREATED,1,0,0,0,STALE,2026-09-04T07:50:00+00:00,2026-09-04T07:50:00+00:00
SHP-4357,SELLER-484,WH-001,CAR-039,Jaipur,Surat,CREATED,1,0,0,0,STALE,2026-09-01T07:28:00+00:00,2026-09-01T07:28:00+00:00
SHP-4358,SELLER-135,WH-043,CAR-045,Pune,Delhi,IN_TRANSIT,3,0,0,0,STALE,2026-09-01T08:06:00+00:00,2026-09-01T15:37:00+00:00
SHP-4359,SELLER-343,WH-037,CAR-027,Surat,Ahmedabad,CREATED,1,0,0,0,STALE,2026-09-02T10:28:00+00:00,2026-09-02T10:28:00+00:00
SHP-4360,SELLER-381,WH-041,CAR-041,Pune,Kolkata,IN_TRANSIT,3,0,0,0,STALE,2026-09-06T06:47:00+00:00,2026-09-06T09:17:00+00:00
SHP-4361,SELLER-489,WH-040,CAR-040,Hyderabad,Bengaluru,CREATED,1,0,0,0,STALE,2026-09-01T05:56:00+00:00,2026-09-01T05:56:00+00:00
SHP-4362,SELLER-296,WH-029,CAR-017,Kolkata,Chennai,PICKED_UP,2,0,0,0,STALE,2026-09-02T21:04:00+00:00,2026-09-03T00:03:00+00:00
SHP-4363,SELLER-009,WH-026,CAR-072,Pune,Surat,IN_TRANSIT,3,0,0,0,STALE,2026-09-07T06:29:00+00:00,2026-09-07T09:37:00+00:00
SHP-4364,SELLER-148,WH-003,CAR-035,Bengaluru,Chennai,IN_TRANSIT,3,0,0,0,STALE,2026-09-02T01:12:00+00:00,2026-09-02T04:52:00+00:00
SHP-4365,SELLER-384,WH-042,CAR-017,Delhi,Pune,OUT_FOR_DELIVERY,4,1,0,0,STALE,2026-09-03T23:30:00+00:00,2026-09-04T07:39:00+00:00
SHP-4366,SELLER-461,WH-031,CAR-005,Kolkata,Ahmedabad,PICKED_UP,2,0,0,0,STALE,2026-09-06T05:53:00+00:00,2026-09-06T08:26:00+00:00
SHP-4367,SELLER-263,WH-007,CAR-041,Chennai,Hyderabad,PICKED_UP,2,1,0,0,STALE,2026-09-05T02:07:00+00:00,2026-09-05T03:26:00+00:00
SHP-4368,SELLER-327,WH-009,CAR-054,Surat,Ahmedabad,IN_TRANSIT,3,0,0,0,STALE,2026-09-03T05:51:00+00:00,2026-09-03T08:16:00+00:00
SHP-4369,SELLER-023,WH-042,CAR-047,Pune,Hyderabad,PICKED_UP,2,0,0,0,STALE,2026-09-06T22:58:00+00:00,2026-09-07T00:16:00+00:00
SHP-4370,SELLER-184,WH-028,CAR-046,Surat,Kolkata,CREATED,1,0,0,0,STALE,2026-09-06T08:33:00+00:00,2026-09-06T08:33:00+00:00
SHP-4371,SELLER-358,WH-016,CAR-100,Surat,Kolkata,DELIVERED,5,0,0,0,STALE,2026-09-03T20:33:00+00:00,2026-09-04T04:29:00+00:00
SHP-4372,SELLER-094,WH-049,CAR-068,Chennai,Mumbai,DELIVERED,5,0,0,0,STALE,2026-09-06T03:37:00+00:00,2026-09-06T12:29:00+00:00
SHP-4373,SELLER-448,WH-019,CAR-020,Ahmedabad,Pune,OUT_FOR_DELIVERY,4,0,0,0,STALE,2026-09-01T00:57:00+00:00,2026-09-01T09:01:00+00:00
SHP-4374,SELLER-452,WH-028,CAR-026,Jaipur,Surat,DELIVERED,5,0,0,0,STALE,2026-09-06T18:14:00+00:00,2026-09-07T00:32:00+00:00
SHP-4375,SELLER-196,WH-011,CAR-032,Mumbai,Delhi,IN_TRANSIT,3,0,0,0,STALE,2026-09-05T06:40:00+00:00,2026-09-05T11:37:00+00:00
SHP-4376,SELLER-152,WH-044,CAR-025,Chennai,Pune,IN_TRANSIT,3,0,0,0,STALE,2026-09-01T11:04:00+00:00,2026-09-01T17:09:00+00:00
SHP-4377,SELLER-435,WH-006,CAR-034,Pune,Jaipur,CANCELLED,2,0,0,0,STALE,2026-09-04T20:53:00+00:00,2026-09-04T22:00:00+00:00
SHP-4378,SELLER-316,WH-025,CAR-020,Kolkata,Jaipur,DELIVERED,5,0,0,0,STALE,2026-09-03T23:33:00+00:00,2026-09-04T09:08:00+00:00
SHP-4379,SELLER-109,WH-016,CAR-050,Kolkata,Pune,IN_TRANSIT,3,0,0,0,STALE,2026-09-02T07:16:00+00:00,2026-09-02T13:10:00+00:00
SHP-4380,SELLER-316,WH-012,CAR-036,Surat,Pune,DELIVERED,5,0,0,0,STALE,2026-09-03T13:52:00+00:00,2026-09-04T00:05:00+00:00
SHP-4381,SELLER-228,WH-029,CAR-081,Hyderabad,Mumbai,IN_TRANSIT,3,0,0,0,STALE,2026-09-03T10:55:00+00:00,2026-09-03T17:28:00+00:00
SHP-4382,SELLER-396,WH-044,CAR-006,Kolkata,Chennai,PICKED_UP,2,0,0,0,STALE,2026-09-04T19:25:00+00:00,2026-09-04T20:47:00+00:00
SHP-4383,SELLER-498,WH-007,CAR-055,Kolkata,Hyderabad,IN_TRANSIT,3,0,1,0,STALE,2026-09-07T03:29:00+00:00,2026-09-07T11:22:00+00:00
SHP-4384,SELLER-268,WH-043,CAR-048,Ahmedabad,Pune,PICKED_UP,2,0,0,0,STALE,2026-09-01T07:00:00+00:00,2026-09-01T09:06:00+00:00
SHP-4385,SELLER-145,WH-009,CAR-069,Pune,Ahmedabad,PICKED_UP,2,0,0,0,STALE,2026-09-06T16:20:00+00:00,2026-09-06T17:26:00+00:00
SHP-4386,SELLER-486,WH-022,CAR-056,Pune,Jaipur,PICKED_UP,2,0,0,0,STALE,2026-09-07T21:51:00+00:00,2026-09-07T23:57:00+00:00
SHP-4387,SELLER-251,WH-011,CAR-064,Ahmedabad,Delhi,DELIVERED,5,0,0,0,STALE,2026-09-03T05:19:00+00:00,2026-09-03T16:11:00+00:00
SHP-4388,SELLER-460,WH-011,CAR-021,Pune,Mumbai,DELIVERED,5,0,0,0,STALE,2026-09-02T10:43:00+00:00,2026-09-02T19:33:00+00:00
SHP-4389,SELLER-276,WH-046,CAR-024,Pune,Mumbai,PICKED_UP,2,0,0,0,STALE,2026-09-06T23:26:00+00:00,2026-09-07T00:02:00+00:00
SHP-4390,SELLER-245,WH-033,CAR-010,Jaipur,Chennai,PICKED_UP,2,0,0,0,STALE,2026-09-01T04:37:00+00:00,2026-09-01T05:10:00+00:00
SHP-4391,SELLER-202,WH-049,CAR-054,Ahmedabad,Bengaluru,PICKED_UP,2,0,0,0,STALE,2026-09-03T19:50:00+00:00,2026-09-03T22:36:00+00:00
SHP-4392,SELLER-279,WH-044,CAR-050,Bengaluru,Ahmedabad,IN_TRANSIT,3,0,0,0,STALE,2026-09-03T01:54:00+00:00,2026-09-03T06:28:00+00:00
SHP-4393,SELLER-007,WH-035,CAR-076,Ahmedabad,Kolkata,IN_TRANSIT,3,0,0,0,STALE,2026-09-03T10:08:00+00:00,2026-09-03T14:02:00+00:00
SHP-4394,SELLER-208,WH-041,CAR-083,Mumbai,Hyderabad,OUT_FOR_DELIVERY,4,0,0,0,STALE,2026-09-05T12:30:00+00:00,2026-09-05T22:08:00+00:00
SHP-4395,SELLER-288,WH-001,CAR-041,Ahmedabad,Hyderabad,CANCELLED,2,0,0,0,STALE,2026-09-07T15:06:00+00:00,2026-09-07T17:40:00+00:00
SHP-4396,SELLER-435,WH-004,CAR-022,Hyderabad,Chennai,IN_TRANSIT,3,0,0,0,STALE,2026-09-01T18:11:00+00:00,2026-09-01T23:55:00+00:00
SHP-4397,SELLER-425,WH-017,CAR-088,Hyderabad,Pune,OUT_FOR_DELIVERY,4,0,0,0,STALE,2026-09-07T03:50:00+00:00,2026-09-07T10:41:00+00:00
SHP-4398,SELLER-203,WH-005,CAR-099,Hyderabad,Pune,OUT_FOR_DELIVERY,4,0,0,0,STALE,2026-09-06T01:34:00+00:00,2026-09-06T09:55:00+00:00
SHP-4399,SELLER-265,WH-006,CAR-053,Chennai,Jaipur,IN_TRANSIT,3,0,0,0,STALE,2026-09-05T22:54:00+00:00,2026-09-06T02:27:00+00:00
SHP-4400,SELLER-323,WH-016,CAR-051,Surat,Kolkata,IN_TRANSIT,3,0,0,0,STALE,2026-09-01T16:22:00+00:00,2026-09-01T21:00:00+00:00
SHP-4401,SELLER-091,WH-013,CAR-094,Kolkata,Ahmedabad,PICKED_UP,2,0,0,0,STALE,2026-09-03T17:09:00+00:00,2026-09-03T18:28:00+00:00
SHP-4402,SELLER-089,WH-002,CAR-042,Ahmedabad,Hyderabad,IN_TRANSIT,3,0,0,0,STALE,2026-09-01T18:48:00+00:00,2026-09-02T02:24:00+00:00
SHP-4403,SELLER-073,WH-017,CAR-048,Pune,Hyderabad,OUT_FOR_DELIVERY,4,0,0,0,STALE,2026-09-04T17:23:00+00:00,2026-09-05T04:14:00+00:00
SHP-4404,SELLER-282,WH-037,CAR-056,Ahmedabad,Hyderabad,PICKED_UP,2,0,0,0,STALE,2026-09-04T16:10:00+00:00,2026-09-04T17:37:00+00:00
SHP-4405,SELLER-209,WH-045,CAR-087,Mumbai,Pune,DELIVERED,5,0,0,0,STALE,2026-09-05T20:14:00+00:00,2026-09-06T01:32:00+00:00
SHP-4406,SELLER-117,WH-026,CAR-064,Delhi,Ahmedabad,IN_TRANSIT,3,0,0,0,STALE,2026-09-06T00:28:00+00:00,2026-09-06T03:49:00+00:00
SHP-4407,SELLER-383,WH-018,CAR-017,Bengaluru,Ahmedabad,CREATED,1,0,0,0,STALE,2026-09-07T22:37:00+00:00,2026-09-07T22:37:00+00:00
SHP-4408,SELLER-374,WH-034,CAR-096,Bengaluru,Kolkata,CREATED,1,0,0,0,STALE,2026-09-07T07:24:00+00:00,2026-09-07T07:24:00+00:00
SHP-4409,SELLER-417,WH-007,CAR-081,Mumbai,Ahmedabad,IN_TRANSIT,3,0,0,0,STALE,2026-09-07T08:27:00+00:00,2026-09-07T14:32:00+00:00
SHP-4410,SELLER-271,WH-029,CAR-030,Chennai,Kolkata,IN_TRANSIT,3,0,0,0,STALE,2026-09-06T11:44:00+00:00,2026-09-06T15:09:00+00:00
SHP-4411,SELLER-123,WH-033,CAR-058,Ahmedabad,Hyderabad,DELIVERED,5,0,0,0,STALE,2026-09-04T01:23:00+00:00,2026-09-04T09:39:00+00:00
SHP-4412,SELLER-084,WH-036,CAR-032,Kolkata,Surat,IN_TRANSIT,3,0,0,0,STALE,2026-09-06T10:54:00+00:00,2026-09-06T17:46:00+00:00
SHP-4413,SELLER-352,WH-030,CAR-076,Hyderabad,Surat,IN_TRANSIT,3,0,0,0,STALE,2026-09-03T15:27:00+00:00,2026-09-03T22:01:00+00:00
SHP-4414,SELLER-366,WH-015,CAR-074,Chennai,Surat,DELIVERED,5,0,0,0,STALE,2026-09-05T06:37:00+00:00,2026-09-05T16:27:00+00:00
SHP-4415,SELLER-150,WH-048,CAR-068,Surat,Hyderabad,IN_TRANSIT,3,0,0,0,STALE,2026-09-03T11:02:00+00:00,2026-09-03T16:04:00+00:00
SHP-4416,SELLER-469,WH-041,CAR-011,Pune,Jaipur,IN_TRANSIT,3,0,0,0,STALE,2026-09-03T22:21:00+00:00,2026-09-04T04:50:00+00:00
SHP-4417,SELLER-300,WH-011,CAR-048,Jaipur,Delhi,DELIVERED,5,0,0,0,STALE,2026-09-07T14:28:00+00:00,2026-09-08T03:28:00+00:00
SHP-4418,SELLER-178,WH-034,CAR-062,Pune,Surat,IN_TRANSIT,3,0,0,0,STALE,2026-09-07T20:13:00+00:00,2026-09-08T02:36:00+00:00
SHP-4419,SELLER-054,WH-043,CAR-064,Jaipur,Ahmedabad,OUT_FOR_DELIVERY,4,0,0,0,STALE,2026-09-02T08:19:00+00:00,2026-09-02T13:51:00+00:00
SHP-4420,SELLER-175,WH-049,CAR-095,Ahmedabad,Surat,OUT_FOR_DELIVERY,4,0,0,0,STALE,2026-09-04T20:01:00+00:00,2026-09-05T02:22:00+00:00
SHP-4421,SELLER-327,WH-044,CAR-092,Delhi,Kolkata,PICKED_UP,2,0,0,0,STALE,2026-09-05T21:16:00+00:00,2026-09-05T23:17:00+00:00
SHP-4422,SELLER-260,WH-020,CAR-034,Mumbai,Surat,OUT_FOR_DELIVERY,4,0,0,0,STALE,2026-09-01T18:06:00+00:00,2026-09-02T02:09:00+00:00
SHP-4423,SELLER-469,WH-015,CAR-063,Mumbai,Bengaluru,IN_TRANSIT,3,0,0,0,STALE,2026-09-05T18:21:00+00:00,2026-09-05T22:54:00+00:00
SHP-4424,SELLER-252,WH-012,CAR-017,Hyderabad,Chennai,OUT_FOR_DELIVERY,4,0,0,0,STALE,2026-09-06T13:38:00+00:00,2026-09-06T22:11:00+00:00
SHP-4425,SELLER-258,WH-024,CAR-010,Mumbai,Kolkata,OUT_FOR_DELIVERY,4,0,0,0,STALE,2026-09-06T00:37:00+00:00,2026-09-06T09:29:00+00:00
SHP-4426,SELLER-377,WH-030,CAR-066,Pune,Mumbai,CREATED,1,0,0,0,STALE,2026-09-07T12:40:00+00:00,2026-09-07T12:40:00+00:00
SHP-4427,SELLER-290,WH-011,CAR-072,Chennai,Kolkata,OUT_FOR_DELIVERY,4,0,0,0,STALE,2026-09-04T01:18:00+00:00,2026-09-04T11:01:00+00:00
SHP-4428,SELLER-325,WH-041,CAR-028,Kolkata,Hyderabad,CREATED,1,0,0,0,STALE,2026-09-06T19:00:00+00:00,2026-09-06T19:00:00+00:00
SHP-4429,SELLER-397,WH-036,CAR-038,Delhi,Bengaluru,PICKED_UP,2,0,0,0,STALE,2026-09-05T02:57:00+00:00,2026-09-05T04:12:00+00:00
SHP-4430,SELLER-222,WH-029,CAR-041,Chennai,Surat,IN_TRANSIT,3,0,0,0,STALE,2026-09-07T09:03:00+00:00,2026-09-07T11:58:00+00:00
SHP-4431,SELLER-408,WH-013,CAR-096,Chennai,Jaipur,PICKED_UP,2,0,0,0,STALE,2026-09-02T23:17:00+00:00,2026-09-03T01:04:00+00:00
SHP-4432,SELLER-154,WH-020,CAR-037,Jaipur,Bengaluru,OUT_FOR_DELIVERY,4,0,0,0,STALE,2026-09-02T15:49:00+00:00,2026-09-03T01:52:00+00:00
SHP-4433,SELLER-343,WH-033,CAR-055,Hyderabad,Kolkata,OUT_FOR_DELIVERY,4,0,0,0,STALE,2026-09-02T20:33:00+00:00,2026-09-03T03:42:00+00:00
SHP-4434,SELLER-025,WH-025,CAR-021,Hyderabad,Ahmedabad,CANCELLED,2,0,0,0,STALE,2026-09-05T05:44:00+00:00,2026-09-05T06:30:00+00:00
SHP-4435,SELLER-181,WH-026,CAR-020,Hyderabad,Kolkata,PICKED_UP,2,0,0,0,STALE,2026-09-05T17:16:00+00:00,2026-09-05T18:25:00+00:00
SHP-4436,SELLER-473,WH-023,CAR-034,Kolkata,Ahmedabad,DELIVERED,5,0,0,0,STALE,2026-09-05T18:50:00+00:00,2026-09-06T01:41:00+00:00
SHP-4437,SELLER-120,WH-033,CAR-068,Delhi,Pune,OUT_FOR_DELIVERY,4,0,0,0,STALE,2026-09-06T03:43:00+00:00,2026-09-06T14:19:00+00:00
SHP-4438,SELLER-055,WH-045,CAR-009,Ahmedabad,Surat,CREATED,1,0,0,0,STALE,2026-09-07T08:59:00+00:00,2026-09-07T08:59:00+00:00
SHP-4439,SELLER-411,WH-022,CAR-065,Mumbai,Pune,IN_TRANSIT,3,0,0,0,STALE,2026-09-02T08:39:00+00:00,2026-09-02T14:14:00+00:00
SHP-4440,SELLER-035,WH-037,CAR-047,Ahmedabad,Mumbai,PICKED_UP,2,1,0,1,STALE,2026-09-05T13:51:00+00:00,2026-09-05T14:48:00+00:00
SHP-4441,SELLER-463,WH-032,CAR-091,Mumbai,Kolkata,CREATED,1,0,0,0,STALE,2026-09-04T17:42:00+00:00,2026-09-04T17:42:00+00:00
SHP-4442,SELLER-265,WH-022,CAR-076,Bengaluru,Mumbai,PICKED_UP,2,0,0,0,STALE,2026-09-06T01:17:00+00:00,2026-09-06T04:05:00+00:00
SHP-4443,SELLER-155,WH-028,CAR-027,Surat,Mumbai,CREATED,1,0,0,0,STALE,2026-09-06T05:34:00+00:00,2026-09-06T05:34:00+00:00
SHP-4444,SELLER-089,WH-014,CAR-061,Jaipur,Chennai,IN_TRANSIT,3,0,0,0,STALE,2026-09-05T19:39:00+00:00,2026-09-05T22:56:00+00:00
SHP-4445,SELLER-383,WH-024,CAR-053,Delhi,Chennai,IN_TRANSIT,3,0,0,0,STALE,2026-09-07T16:33:00+00:00,2026-09-07T21:00:00+00:00
SHP-4446,SELLER-129,WH-046,CAR-066,Ahmedabad,Pune,PICKED_UP,2,0,0,0,STALE,2026-09-02T16:12:00+00:00,2026-09-02T18:50:00+00:00
SHP-4447,SELLER-283,WH-002,CAR-026,Mumbai,Ahmedabad,OUT_FOR_DELIVERY,4,0,0,0,STALE,2026-09-07T04:20:00+00:00,2026-09-07T13:09:00+00:00
SHP-4448,SELLER-471,WH-034,CAR-090,Jaipur,Delhi,PICKED_UP,2,0,0,0,STALE,2026-09-02T10:00:00+00:00,2026-09-02T12:43:00+00:00
SHP-4449,SELLER-291,WH-008,CAR-063,Delhi,Hyderabad,OUT_FOR_DELIVERY,4,0,0,0,STALE,2026-09-07T07:10:00+00:00,2026-09-07T15:06:00+00:00
SHP-4450,SELLER-026,WH-024,CAR-041,Hyderabad,Kolkata,CREATED,1,0,0,0,STALE,2026-09-04T19:36:00+00:00,2026-09-04T19:36:00+00:00
SHP-4451,SELLER-249,WH-021,CAR-046,Chennai,Delhi,PICKED_UP,2,0,0,0,STALE,2026-09-02T06:47:00+00:00,2026-09-02T09:04:00+00:00
SHP-4452,SELLER-018,WH-011,CAR-093,Hyderabad,Mumbai,PICKED_UP,2,0,0,0,STALE,2026-09-02T04:42:00+00:00,2026-09-02T07:12:00+00:00
SHP-4453,SELLER-264,WH-037,CAR-054,Ahmedabad,Kolkata,OUT_FOR_DELIVERY,4,0,0,0,STALE,2026-09-05T08:30:00+00:00,2026-09-05T14:10:00+00:00
SHP-4454,SELLER-118,WH-030,CAR-028,Ahmedabad,Chennai,PICKED_UP,2,0,0,0,STALE,2026-09-05T12:16:00+00:00,2026-09-05T14:14:00+00:00
SHP-4455,SELLER-292,WH-031,CAR-093,Mumbai,Chennai,DELIVERED,5,0,0,0,STALE,2026-09-05T07:07:00+00:00,2026-09-05T13:43:00+00:00
SHP-4456,SELLER-178,WH-046,CAR-066,Kolkata,Chennai,DELIVERED,5,0,0,0,STALE,2026-09-01T13:57:00+00:00,2026-09-02T02:08:00+00:00
SHP-4457,SELLER-442,WH-032,CAR-035,Jaipur,Pune,DELIVERED,5,0,0,0,STALE,2026-09-07T08:01:00+00:00,2026-09-07T16:17:00+00:00
SHP-4458,SELLER-151,WH-043,CAR-039,Ahmedabad,Hyderabad,CANCELLED,2,0,0,0,STALE,2026-09-04T17:27:00+00:00,2026-09-04T19:20:00+00:00
SHP-4459,SELLER-007,WH-027,CAR-098,Bengaluru,Hyderabad,DELIVERED,5,0,0,0,STALE,2026-09-05T18:38:00+00:00,2026-09-06T05:17:00+00:00
SHP-4460,SELLER-322,WH-024,CAR-032,Ahmedabad,Delhi,IN_TRANSIT,3,0,0,0,STALE,2026-09-02T02:14:00+00:00,2026-09-02T10:32:00+00:00
SHP-4461,SELLER-227,WH-024,CAR-085,Chennai,Mumbai,OUT_FOR_DELIVERY,4,0,0,0,STALE,2026-09-02T08:04:00+00:00,2026-09-02T15:50:00+00:00
SHP-4462,SELLER-198,WH-030,CAR-001,Bengaluru,Jaipur,PICKED_UP,2,0,0,0,STALE,2026-09-02T04:41:00+00:00,2026-09-02T07:31:00+00:00
SHP-4463,SELLER-352,WH-046,CAR-063,Kolkata,Jaipur,DELIVERED,5,0,0,0,STALE,2026-09-07T16:27:00+00:00,2026-09-08T01:35:00+00:00
SHP-4464,SELLER-195,WH-021,CAR-071,Hyderabad,Mumbai,OUT_FOR_DELIVERY,4,0,0,0,STALE,2026-09-03T05:40:00+00:00,2026-09-03T10:28:00+00:00
SHP-4465,SELLER-334,WH-028,CAR-063,Delhi,Surat,PICKED_UP,2,1,0,0,STALE,2026-09-01T23:10:00+00:00,2026-09-02T00:58:00+00:00
SHP-4466,SELLER-439,WH-033,CAR-090,Delhi,Ahmedabad,PICKED_UP,2,0,0,0,STALE,2026-09-06T19:31:00+00:00,2026-09-06T20:46:00+00:00
SHP-4467,SELLER-378,WH-010,CAR-099,Jaipur,Bengaluru,PICKED_UP,2,0,0,0,STALE,2026-09-04T22:36:00+00:00,2026-09-04T23:47:00+00:00
SHP-4468,SELLER-270,WH-006,CAR-090,Ahmedabad,Jaipur,PICKED_UP,2,0,0,0,STALE,2026-09-03T02:23:00+00:00,2026-09-03T04:52:00+00:00
SHP-4469,SELLER-272,WH-007,CAR-017,Chennai,Bengaluru,PICKED_UP,2,0,0,0,STALE,2026-09-03T12:07:00+00:00,2026-09-03T14:00:00+00:00
SHP-4470,SELLER-046,WH-035,CAR-082,Mumbai,Chennai,DELIVERED,5,0,0,0,STALE,2026-09-03T18:44:00+00:00,2026-09-04T01:06:00+00:00
SHP-4471,SELLER-180,WH-009,CAR-013,Bengaluru,Delhi,CREATED,1,0,0,0,STALE,2026-09-04T02:28:00+00:00,2026-09-04T02:28:00+00:00
SHP-4472,SELLER-092,WH-004,CAR-093,Kolkata,Bengaluru,CREATED,1,0,0,0,STALE,2026-09-07T13:27:00+00:00,2026-09-07T13:27:00+00:00
SHP-4473,SELLER-035,WH-039,CAR-081,Ahmedabad,Mumbai,PICKED_UP,2,0,0,0,STALE,2026-09-01T07:40:00+00:00,2026-09-01T09:45:00+00:00
SHP-4474,SELLER-450,WH-021,CAR-003,Hyderabad,Mumbai,PICKED_UP,2,0,0,0,STALE,2026-09-02T20:07:00+00:00,2026-09-02T20:52:00+00:00
SHP-4475,SELLER-234,WH-050,CAR-098,Kolkata,Bengaluru,CANCELLED,2,0,0,0,STALE,2026-09-03T01:37:00+00:00,2026-09-03T04:06:00+00:00
SHP-4476,SELLER-249,WH-016,CAR-072,Bengaluru,Jaipur,IN_TRANSIT,3,0,0,0,STALE,2026-09-02T01:51:00+00:00,2026-09-02T04:38:00+00:00
SHP-4477,SELLER-063,WH-017,CAR-049,Jaipur,Surat,OUT_FOR_DELIVERY,4,0,0,0,STALE,2026-09-02T09:00:00+00:00,2026-09-02T18:36:00+00:00
SHP-4478,SELLER-034,WH-011,CAR-060,Kolkata,Chennai,DELIVERED,5,0,0,0,STALE,2026-09-03T02:28:00+00:00,2026-09-03T12:24:00+00:00
SHP-4479,SELLER-413,WH-050,CAR-098,Surat,Mumbai,DELIVERED,5,0,0,0,STALE,2026-09-07T06:21:00+00:00,2026-09-07T14:33:00+00:00
SHP-4480,SELLER-280,WH-024,CAR-045,Ahmedabad,Jaipur,CREATED,1,0,0,0,STALE,2026-09-01T06:23:00+00:00,2026-09-01T06:23:00+00:00
SHP-4481,SELLER-432,WH-029,CAR-047,Ahmedabad,Pune,CANCELLED,2,0,0,0,STALE,2026-09-05T22:20:00+00:00,2026-09-06T00:48:00+00:00
SHP-4482,SELLER-053,WH-003,CAR-037,Delhi,Bengaluru,PICKED_UP,2,0,0,0,STALE,2026-09-06T09:05:00+00:00,2026-09-06T11:04:00+00:00
SHP-4483,SELLER-257,WH-005,CAR-042,Surat,Ahmedabad,IN_TRANSIT,3,0,0,0,STALE,2026-09-01T02:33:00+00:00,2026-09-01T06:57:00+00:00
SHP-4484,SELLER-366,WH-030,CAR-042,Kolkata,Bengaluru,OUT_FOR_DELIVERY,4,0,0,0,STALE,2026-09-04T09:15:00+00:00,2026-09-04T15:07:00+00:00
SHP-4485,SELLER-090,WH-027,CAR-099,Chennai,Pune,CREATED,1,0,0,0,STALE,2026-09-06T22:37:00+00:00,2026-09-06T22:37:00+00:00
SHP-4486,SELLER-366,WH-015,CAR-069,Chennai,Hyderabad,PICKED_UP,2,0,0,0,STALE,2026-09-04T11:04:00+00:00,2026-09-04T12:55:00+00:00
SHP-4487,SELLER-433,WH-040,CAR-021,Ahmedabad,Jaipur,IN_TRANSIT,3,0,0,0,STALE,2026-09-06T03:56:00+00:00,2026-09-06T09:44:00+00:00
SHP-4488,SELLER-042,WH-014,CAR-014,Mumbai,Hyderabad,DELIVERED,5,0,0,0,STALE,2026-09-06T14:30:00+00:00,2026-09-07T00:17:00+00:00
SHP-4489,SELLER-488,WH-031,CAR-019,Kolkata,Surat,PICKED_UP,2,0,0,0,STALE,2026-09-01T14:08:00+00:00,2026-09-01T14:39:00+00:00
SHP-4490,SELLER-300,WH-050,CAR-035,Pune,Ahmedabad,OUT_FOR_DELIVERY,4,0,0,0,STALE,2026-09-01T01:01:00+00:00,2026-09-01T07:13:00+00:00
SHP-4491,SELLER-385,WH-039,CAR-059,Chennai,Jaipur,IN_TRANSIT,3,0,0,0,STALE,2026-09-03T23:54:00+00:00,2026-09-04T04:45:00+00:00
SHP-4492,SELLER-348,WH-050,CAR-014,Ahmedabad,Jaipur,CANCELLED,2,0,0,0,STALE,2026-09-03T04:06:00+00:00,2026-09-03T07:01:00+00:00
SHP-4493,SELLER-434,WH-001,CAR-043,Chennai,Hyderabad,OUT_FOR_DELIVERY,4,0,1,0,STALE,2026-09-02T07:38:00+00:00,2026-09-02T16:42:00+00:00
SHP-4494,SELLER-398,WH-021,CAR-006,Delhi,Hyderabad,CREATED,1,0,0,0,STALE,2026-09-06T02:49:00+00:00,2026-09-06T02:49:00+00:00
SHP-4495,SELLER-364,WH-018,CAR-063,Mumbai,Pune,DELIVERED,5,0,0,0,STALE,2026-09-05T01:48:00+00:00,2026-09-05T08:18:00+00:00
SHP-4496,SELLER-276,WH-010,CAR-008,Mumbai,Chennai,CREATED,1,0,0,0,STALE,2026-09-02T05:21:00+00:00,2026-09-02T05:21:00+00:00
SHP-4497,SELLER-414,WH-010,CAR-052,Delhi,Bengaluru,IN_TRANSIT,3,0,0,0,STALE,2026-09-05T20:12:00+00:00,2026-09-06T04:04:00+00:00
SHP-4498,SELLER-308,WH-029,CAR-019,Kolkata,Bengaluru,DELIVERED,5,0,0,0,STALE,2026-09-05T23:07:00+00:00,2026-09-06T13:02:00+00:00
SHP-4499,SELLER-056,WH-008,CAR-002,Jaipur,Mumbai,DELIVERED,5,0,0,0,STALE,2026-09-06T19:57:00+00:00,2026-09-07T01:35:00+00:00
SHP-4500,SELLER-210,WH-024,CAR-065,Jaipur,Mumbai,IN_TRANSIT,3,0,0,0,STALE,2026-09-06T19:17:00+00:00,2026-09-07T02:36:00+00:00
SHP-4501,SELLER-175,WH-045,CAR-008,Ahmedabad,Kolkata,IN_TRANSIT,3,0,0,0,STALE,2026-09-07T12:39:00+00:00,2026-09-07T18:12:00+00:00
SHP-4502,SELLER-490,WH-013,CAR-035,Hyderabad,Kolkata,PICKED_UP,2,0,0,0,STALE,2026-09-01T16:46:00+00:00,2026-09-01T19:28:00+00:00
SHP-4503,SELLER-305,WH-006,CAR-008,Jaipur,Ahmedabad,IN_TRANSIT,3,0,0,0,STALE,2026-09-06T13:23:00+00:00,2026-09-06T21:41:00+00:00
SHP-4504,SELLER-260,WH-005,CAR-069,Pune,Surat,PICKED_UP,2,0,0,0,STALE,2026-09-01T16:39:00+00:00,2026-09-01T19:08:00+00:00
SHP-4505,SELLER-202,WH-022,CAR-038,Chennai,Jaipur,CREATED,1,0,0,0,STALE,2026-09-02T09:27:00+00:00,2026-09-02T09:27:00+00:00
SHP-4506,SELLER-494,WH-026,CAR-077,Surat,Delhi,IN_TRANSIT,3,0,0,0,STALE,2026-09-06T05:20:00+00:00,2026-09-06T09:16:00+00:00
SHP-4507,SELLER-330,WH-044,CAR-049,Bengaluru,Delhi,PICKED_UP,2,0,0,0,STALE,2026-09-01T06:04:00+00:00,2026-09-01T08:50:00+00:00
SHP-4508,SELLER-041,WH-008,CAR-041,Ahmedabad,Mumbai,IN_TRANSIT,3,0,0,0,STALE,2026-09-02T14:02:00+00:00,2026-09-02T17:01:00+00:00
SHP-4509,SELLER-217,WH-028,CAR-046,Pune,Kolkata,IN_TRANSIT,3,0,0,0,STALE,2026-09-01T08:52:00+00:00,2026-09-01T11:40:00+00:00
SHP-4510,SELLER-482,WH-029,CAR-025,Pune,Hyderabad,IN_TRANSIT,3,0,0,0,STALE,2026-09-06T15:21:00+00:00,2026-09-06T22:13:00+00:00
SHP-4511,SELLER-155,WH-005,CAR-042,Kolkata,Jaipur,DELIVERED,5,0,0,0,STALE,2026-09-02T13:11:00+00:00,2026-09-02T21:29:00+00:00
SHP-4512,SELLER-087,WH-033,CAR-021,Surat,Ahmedabad,IN_TRANSIT,3,0,0,0,STALE,2026-09-03T00:10:00+00:00,2026-09-03T02:23:00+00:00
SHP-4513,SELLER-329,WH-046,CAR-030,Chennai,Ahmedabad,IN_TRANSIT,3,0,0,0,STALE,2026-09-07T17:11:00+00:00,2026-09-07T23:57:00+00:00
SHP-4514,SELLER-097,WH-011,CAR-038,Kolkata,Jaipur,CREATED,1,0,0,0,STALE,2026-09-07T12:16:00+00:00,2026-09-07T12:16:00+00:00
SHP-4515,SELLER-488,WH-024,CAR-035,Surat,Pune,IN_TRANSIT,3,0,0,0,STALE,2026-09-06T09:52:00+00:00,2026-09-06T14:47:00+00:00
SHP-4516,SELLER-057,WH-032,CAR-012,Pune,Hyderabad,PICKED_UP,2,0,0,0,STALE,2026-09-03T02:35:00+00:00,2026-09-03T03:53:00+00:00
SHP-4517,SELLER-253,WH-003,CAR-002,Hyderabad,Delhi,IN_TRANSIT,3,0,0,0,STALE,2026-09-05T05:26:00+00:00,2026-09-05T08:23:00+00:00
SHP-4518,SELLER-046,WH-025,CAR-072,Bengaluru,Surat,CREATED,1,0,0,0,STALE,2026-09-07T09:05:00+00:00,2026-09-07T09:05:00+00:00
SHP-4519,SELLER-139,WH-010,CAR-032,Surat,Ahmedabad,IN_TRANSIT,3,0,0,0,STALE,2026-09-05T10:58:00+00:00,2026-09-05T15:42:00+00:00
SHP-4520,SELLER-360,WH-022,CAR-078,Surat,Bengaluru,IN_TRANSIT,3,0,0,0,STALE,2026-09-07T00:34:00+00:00,2026-09-07T06:55:00+00:00
SHP-4521,SELLER-152,WH-044,CAR-099,Mumbai,Delhi,DELIVERED,5,0,0,0,STALE,2026-09-06T22:30:00+00:00,2026-09-07T05:35:00+00:00
SHP-4522,SELLER-123,WH-033,CAR-010,Bengaluru,Ahmedabad,PICKED_UP,2,0,0,0,STALE,2026-09-01T01:13:00+00:00,2026-09-01T02:26:00+00:00
SHP-4523,SELLER-071,WH-026,CAR-009,Pune,Chennai,PICKED_UP,2,0,0,0,STALE,2026-09-04T21:50:00+00:00,2026-09-04T23:59:00+00:00
SHP-4524,SELLER-315,WH-002,CAR-097,Mumbai,Jaipur,PICKED_UP,2,0,0,0,STALE,2026-09-02T22:33:00+00:00,2026-09-02T23:18:00+00:00
SHP-4525,SELLER-186,WH-002,CAR-038,Surat,Chennai,PICKED_UP,2,1,0,0,STALE,2026-09-07T05:41:00+00:00,2026-09-07T07:24:00+00:00
SHP-4526,SELLER-430,WH-047,CAR-047,Chennai,Hyderabad,DELIVERED,5,0,0,0,STALE,2026-09-06T22:13:00+00:00,2026-09-07T04:21:00+00:00
SHP-4527,SELLER-143,WH-042,CAR-006,Bengaluru,Jaipur,PICKED_UP,2,0,0,0,STALE,2026-09-02T15:09:00+00:00,2026-09-02T16:21:00+00:00
SHP-4528,SELLER-086,WH-015,CAR-085,Ahmedabad,Pune,CREATED,1,0,0,0,STALE,2026-09-03T10:09:00+00:00,2026-09-03T10:09:00+00:00
SHP-4529,SELLER-194,WH-031,CAR-018,Surat,Hyderabad,PICKED_UP,2,0,0,0,STALE,2026-09-02T15:44:00+00:00,2026-09-02T18:17:00+00:00
SHP-4530,SELLER-147,WH-031,CAR-020,Jaipur,Chennai,IN_TRANSIT,3,0,0,0,STALE,2026-09-03T11:52:00+00:00,2026-09-03T16:13:00+00:00
SHP-4531,SELLER-229,WH-022,CAR-049,Mumbai,Jaipur,OUT_FOR_DELIVERY,4,0,0,0,STALE,2026-09-05T00:38:00+00:00,2026-09-05T10:04:00+00:00
SHP-4532,SELLER-406,WH-033,CAR-097,Mumbai,Chennai,PICKED_UP,2,0,0,0,STALE,2026-09-02T14:50:00+00:00,2026-09-02T15:48:00+00:00
SHP-4533,SELLER-116,WH-023,CAR-078,Ahmedabad,Kolkata,PICKED_UP,2,0,0,0,STALE,2026-09-06T20:00:00+00:00,2026-09-06T21:28:00+00:00
SHP-4534,SELLER-251,WH-050,CAR-034,Surat,Jaipur,CREATED,1,0,0,0,STALE,2026-09-01T07:15:00+00:00,2026-09-01T07:15:00+00:00
SHP-4535,SELLER-091,WH-040,CAR-030,Pune,Jaipur,IN_TRANSIT,3,0,0,0,STALE,2026-09-05T04:25:00+00:00,2026-09-05T09:44:00+00:00
SHP-4536,SELLER-073,WH-039,CAR-083,Ahmedabad,Chennai,IN_TRANSIT,3,0,0,0,STALE,2026-09-05T20:58:00+00:00,2026-09-06T01:25:00+00:00
SHP-4537,SELLER-345,WH-023,CAR-048,Ahmedabad,Chennai,IN_TRANSIT,3,0,0,0,STALE,2026-09-04T20:55:00+00:00,2026-09-05T02:43:00+00:00
SHP-4538,SELLER-441,WH-027,CAR-033,Kolkata,Ahmedabad,OUT_FOR_DELIVERY,4,0,0,0,STALE,2026-09-05T07:16:00+00:00,2026-09-05T15:43:00+00:00
SHP-4539,SELLER-466,WH-015,CAR-029,Chennai,Pune,IN_TRANSIT,3,0,0,0,STALE,2026-09-05T05:33:00+00:00,2026-09-05T08:04:00+00:00
SHP-4540,SELLER-043,WH-005,CAR-030,Ahmedabad,Chennai,DELIVERED,5,0,0,0,STALE,2026-09-02T13:55:00+00:00,2026-09-02T22:53:00+00:00
SHP-4541,SELLER-357,WH-048,CAR-083,Pune,Ahmedabad,PICKED_UP,2,0,0,0,STALE,2026-09-06T11:14:00+00:00,2026-09-06T13:29:00+00:00
SHP-4542,SELLER-117,WH-039,CAR-096,Surat,Jaipur,DELIVERED,5,0,0,0,STALE,2026-09-04T13:24:00+00:00,2026-09-04T22:37:00+00:00
SHP-4543,SELLER-298,WH-042,CAR-027,Jaipur,Chennai,PICKED_UP,2,0,0,0,STALE,2026-09-07T11:15:00+00:00,2026-09-07T12:22:00+00:00
SHP-4544,SELLER-369,WH-025,CAR-078,Hyderabad,Surat,OUT_FOR_DELIVERY,4,0,0,0,STALE,2026-09-03T04:11:00+00:00,2026-09-03T07:52:00+00:00
SHP-4545,SELLER-308,WH-045,CAR-051,Surat,Mumbai,DELIVERED,5,0,0,0,STALE,2026-09-07T08:23:00+00:00,2026-09-07T16:44:00+00:00
SHP-4546,SELLER-474,WH-027,CAR-043,Surat,Delhi,PICKED_UP,2,1,0,0,STALE,2026-09-05T17:25:00+00:00,2026-09-05T19:55:00+00:00
SHP-4547,SELLER-270,WH-001,CAR-001,Hyderabad,Jaipur,CREATED,1,0,0,0,STALE,2026-09-03T03:09:00+00:00,2026-09-03T03:09:00+00:00
SHP-4548,SELLER-214,WH-003,CAR-096,Bengaluru,Surat,IN_TRANSIT,3,0,0,0,STALE,2026-09-07T01:05:00+00:00,2026-09-07T05:39:00+00:00
SHP-4549,SELLER-454,WH-002,CAR-047,Chennai,Surat,IN_TRANSIT,3,1,0,0,STALE,2026-09-07T19:57:00+00:00,2026-09-08T00:11:00+00:00
SHP-4550,SELLER-420,WH-010,CAR-031,Pune,Mumbai,IN_TRANSIT,3,0,0,0,STALE,2026-09-01T23:19:00+00:00,2026-09-02T04:39:00+00:00
SHP-4551,SELLER-434,WH-048,CAR-082,Mumbai,Bengaluru,CREATED,1,0,0,0,STALE,2026-09-05T02:49:00+00:00,2026-09-05T02:49:00+00:00
SHP-4552,SELLER-003,WH-027,CAR-007,Surat,Ahmedabad,DELIVERED,5,0,0,0,STALE,2026-09-04T10:35:00+00:00,2026-09-04T19:07:00+00:00
SHP-4553,SELLER-053,WH-003,CAR-007,Surat,Hyderabad,PICKED_UP,2,0,0,0,STALE,2026-09-01T20:57:00+00:00,2026-09-01T22:38:00+00:00
SHP-4554,SELLER-381,WH-016,CAR-022,Ahmedabad,Mumbai,PICKED_UP,2,0,0,1,STALE,2026-09-06T11:30:00+00:00,2026-09-06T13:28:00+00:00
SHP-4555,SELLER-117,WH-009,CAR-100,Ahmedabad,Kolkata,CREATED,1,0,0,0,STALE,2026-09-04T02:36:00+00:00,2026-09-04T02:36:00+00:00
SHP-4556,SELLER-419,WH-017,CAR-066,Chennai,Mumbai,IN_TRANSIT,3,0,0,0,STALE,2026-09-04T06:13:00+00:00,2026-09-04T12:00:00+00:00
SHP-4557,SELLER-243,WH-048,CAR-092,Pune,Chennai,OUT_FOR_DELIVERY,4,0,0,0,STALE,2026-09-06T12:24:00+00:00,2026-09-06T21:46:00+00:00
SHP-4558,SELLER-061,WH-029,CAR-005,Mumbai,Hyderabad,OUT_FOR_DELIVERY,4,0,0,1,STALE,2026-09-07T08:11:00+00:00,2026-09-07T18:43:00+00:00
SHP-4559,SELLER-347,WH-022,CAR-068,Pune,Delhi,PICKED_UP,2,0,0,0,STALE,2026-09-02T14:40:00+00:00,2026-09-02T16:08:00+00:00
SHP-4560,SELLER-214,WH-020,CAR-010,Bengaluru,Delhi,PICKED_UP,2,0,0,0,STALE,2026-09-04T03:00:00+00:00,2026-09-04T04:19:00+00:00
SHP-4561,SELLER-402,WH-022,CAR-097,Ahmedabad,Jaipur,IN_TRANSIT,3,0,0,0,STALE,2026-09-05T14:16:00+00:00,2026-09-05T18:58:00+00:00
SHP-4562,SELLER-160,WH-016,CAR-079,Jaipur,Surat,DELIVERED,5,0,0,0,STALE,2026-09-03T06:35:00+00:00,2026-09-03T13:11:00+00:00
SHP-4563,SELLER-244,WH-019,CAR-096,Jaipur,Kolkata,CREATED,1,0,0,0,STALE,2026-09-02T04:03:00+00:00,2026-09-02T04:03:00+00:00
SHP-4564,SELLER-424,WH-028,CAR-085,Pune,Mumbai,CREATED,1,0,0,0,STALE,2026-09-06T14:14:00+00:00,2026-09-06T14:14:00+00:00
SHP-4565,SELLER-472,WH-042,CAR-071,Kolkata,Jaipur,IN_TRANSIT,3,0,0,0,STALE,2026-09-04T10:29:00+00:00,2026-09-04T14:43:00+00:00
SHP-4566,SELLER-243,WH-030,CAR-090,Hyderabad,Ahmedabad,IN_TRANSIT,3,0,0,0,STALE,2026-09-04T03:50:00+00:00,2026-09-04T09:20:00+00:00
SHP-4567,SELLER-232,WH-043,CAR-072,Delhi,Bengaluru,CREATED,1,0,0,0,STALE,2026-09-03T04:18:00+00:00,2026-09-03T04:18:00+00:00
SHP-4568,SELLER-340,WH-025,CAR-066,Chennai,Pune,DELIVERED,5,0,0,0,STALE,2026-09-02T19:28:00+00:00,2026-09-03T00:06:00+00:00
SHP-4569,SELLER-326,WH-004,CAR-044,Ahmedabad,Delhi,IN_TRANSIT,3,0,0,0,STALE,2026-09-06T15:09:00+00:00,2026-09-06T19:29:00+00:00
SHP-4570,SELLER-138,WH-013,CAR-026,Bengaluru,Jaipur,IN_TRANSIT,3,0,0,0,STALE,2026-09-01T04:50:00+00:00,2026-09-01T08:22:00+00:00
SHP-4571,SELLER-159,WH-004,CAR-073,Surat,Kolkata,IN_TRANSIT,3,0,0,0,STALE,2026-09-01T02:40:00+00:00,2026-09-01T06:33:00+00:00
SHP-4572,SELLER-146,WH-018,CAR-096,Jaipur,Bengaluru,IN_TRANSIT,3,0,0,0,STALE,2026-09-06T02:52:00+00:00,2026-09-06T05:47:00+00:00
SHP-4573,SELLER-179,WH-006,CAR-017,Pune,Kolkata,DELIVERED,5,0,0,0,STALE,2026-09-03T20:17:00+00:00,2026-09-04T02:26:00+00:00
SHP-4574,SELLER-253,WH-004,CAR-099,Bengaluru,Mumbai,IN_TRANSIT,3,0,0,0,STALE,2026-09-04T21:08:00+00:00,2026-09-05T03:00:00+00:00
SHP-4575,SELLER-106,WH-033,CAR-084,Mumbai,Chennai,PICKED_UP,2,0,0,0,STALE,2026-09-04T16:27:00+00:00,2026-09-04T17:46:00+00:00
SHP-4576,SELLER-494,WH-026,CAR-020,Bengaluru,Hyderabad,IN_TRANSIT,3,0,0,0,STALE,2026-09-05T16:44:00+00:00,2026-09-05T22:35:00+00:00
SHP-4577,SELLER-203,WH-027,CAR-069,Bengaluru,Hyderabad,CREATED,1,0,0,0,STALE,2026-09-07T22:16:00+00:00,2026-09-07T22:16:00+00:00
SHP-4578,SELLER-223,WH-002,CAR-058,Surat,Bengaluru,PICKED_UP,2,0,0,1,STALE,2026-09-05T08:59:00+00:00,2026-09-05T09:34:00+00:00
SHP-4579,SELLER-379,WH-005,CAR-075,Surat,Hyderabad,IN_TRANSIT,3,0,0,0,STALE,2026-09-03T03:22:00+00:00,2026-09-03T09:19:00+00:00
SHP-4580,SELLER-096,WH-036,CAR-057,Surat,Jaipur,DELIVERED,5,0,0,0,STALE,2026-09-05T17:44:00+00:00,2026-09-06T02:33:00+00:00
SHP-4581,SELLER-020,WH-028,CAR-050,Bengaluru,Hyderabad,IN_TRANSIT,3,0,0,0,STALE,2026-09-04T00:32:00+00:00,2026-09-04T05:11:00+00:00
SHP-4582,SELLER-126,WH-013,CAR-032,Pune,Chennai,PICKED_UP,2,0,0,0,STALE,2026-09-02T23:07:00+00:00,2026-09-02T23:44:00+00:00
SHP-4583,SELLER-389,WH-025,CAR-033,Hyderabad,Kolkata,DELIVERED,5,0,0,0,STALE,2026-09-06T19:27:00+00:00,2026-09-07T03:30:00+00:00
SHP-4584,SELLER-212,WH-030,CAR-039,Bengaluru,Jaipur,OUT_FOR_DELIVERY,4,0,0,0,STALE,2026-09-07T16:27:00+00:00,2026-09-07T23:55:00+00:00
SHP-4585,SELLER-177,WH-029,CAR-008,Pune,Bengaluru,PICKED_UP,2,0,0,0,STALE,2026-09-07T00:59:00+00:00,2026-09-07T02:06:00+00:00
SHP-4586,SELLER-225,WH-005,CAR-040,Ahmedabad,Bengaluru,CANCELLED,2,0,0,0,STALE,2026-09-06T13:18:00+00:00,2026-09-06T15:28:00+00:00
SHP-4587,SELLER-397,WH-044,CAR-085,Bengaluru,Chennai,DELIVERED,5,0,0,0,STALE,2026-09-07T11:25:00+00:00,2026-09-07T22:31:00+00:00
SHP-4588,SELLER-204,WH-005,CAR-019,Hyderabad,Ahmedabad,IN_TRANSIT,3,0,0,0,STALE,2026-09-04T18:43:00+00:00,2026-09-05T02:17:00+00:00
SHP-4589,SELLER-016,WH-012,CAR-049,Mumbai,Kolkata,PICKED_UP,2,0,0,0,STALE,2026-09-02T17:32:00+00:00,2026-09-02T19:16:00+00:00
SHP-4590,SELLER-177,WH-008,CAR-027,Pune,Surat,CREATED,1,0,0,0,STALE,2026-09-04T02:50:00+00:00,2026-09-04T02:50:00+00:00
SHP-4591,SELLER-012,WH-042,CAR-036,Hyderabad,Ahmedabad,PICKED_UP,2,0,0,0,STALE,2026-09-04T19:55:00+00:00,2026-09-04T20:34:00+00:00
SHP-4592,SELLER-478,WH-029,CAR-018,Surat,Mumbai,IN_TRANSIT,3,0,0,0,STALE,2026-09-04T00:48:00+00:00,2026-09-04T05:42:00+00:00
SHP-4593,SELLER-258,WH-019,CAR-009,Surat,Chennai,DELIVERED,5,0,0,0,STALE,2026-09-02T21:59:00+00:00,2026-09-03T05:28:00+00:00
SHP-4594,SELLER-484,WH-009,CAR-014,Surat,Chennai,IN_TRANSIT,3,0,0,0,STALE,2026-09-04T21:32:00+00:00,2026-09-05T00:09:00+00:00
SHP-4595,SELLER-041,WH-006,CAR-047,Hyderabad,Jaipur,DELIVERED,5,0,0,0,STALE,2026-09-07T14:55:00+00:00,2026-09-07T23:59:00+00:00
SHP-4596,SELLER-194,WH-043,CAR-005,Kolkata,Chennai,IN_TRANSIT,3,0,0,0,STALE,2026-09-04T12:38:00+00:00,2026-09-04T15:29:00+00:00
SHP-4597,SELLER-289,WH-014,CAR-069,Ahmedabad,Surat,DELIVERED,5,0,0,1,STALE,2026-09-04T01:49:00+00:00,2026-09-04T08:50:00+00:00
SHP-4598,SELLER-450,WH-001,CAR-075,Delhi,Bengaluru,DELIVERED,5,0,0,0,STALE,2026-09-02T03:40:00+00:00,2026-09-02T14:18:00+00:00
SHP-4599,SELLER-194,WH-012,CAR-066,Bengaluru,Delhi,OUT_FOR_DELIVERY,4,0,0,0,STALE,2026-09-07T03:38:00+00:00,2026-09-07T15:44:00+00:00
SHP-4600,SELLER-252,WH-010,CAR-010,Jaipur,Surat,IN_TRANSIT,3,0,0,0,STALE,2026-09-01T05:03:00+00:00,2026-09-01T11:11:00+00:00
SHP-4601,SELLER-120,WH-018,CAR-003,Bengaluru,Chennai,IN_TRANSIT,3,0,0,0,STALE,2026-09-06T14:38:00+00:00,2026-09-06T20:35:00+00:00
SHP-4602,SELLER-476,WH-022,CAR-034,Chennai,Mumbai,OUT_FOR_DELIVERY,4,0,0,0,STALE,2026-09-05T20:48:00+00:00,2026-09-06T04:25:00+00:00
SHP-4603,SELLER-476,WH-016,CAR-007,Bengaluru,Kolkata,OUT_FOR_DELIVERY,4,0,0,0,STALE,2026-09-04T02:57:00+00:00,2026-09-04T12:30:00+00:00
SHP-4604,SELLER-064,WH-008,CAR-069,Kolkata,Jaipur,CREATED,1,0,0,0,STALE,2026-09-01T13:30:00+00:00,2026-09-01T13:30:00+00:00
SHP-4605,SELLER-426,WH-002,CAR-074,Delhi,Bengaluru,DELIVERED,5,0,0,0,STALE,2026-09-06T09:45:00+00:00,2026-09-06T20:07:00+00:00
SHP-4606,SELLER-098,WH-017,CAR-009,Chennai,Surat,IN_TRANSIT,3,0,0,0,STALE,2026-09-04T13:37:00+00:00,2026-09-04T19:02:00+00:00
SHP-4607,SELLER-088,WH-023,CAR-076,Bengaluru,Ahmedabad,DELIVERED,5,0,0,0,STALE,2026-09-04T22:00:00+00:00,2026-09-05T06:17:00+00:00
SHP-4608,SELLER-270,WH-012,CAR-094,Hyderabad,Surat,DELIVERED,5,0,0,0,STALE,2026-09-05T22:06:00+00:00,2026-09-06T08:49:00+00:00
SHP-4609,SELLER-086,WH-004,CAR-088,Hyderabad,Pune,DELIVERED,5,0,0,0,STALE,2026-09-07T14:28:00+00:00,2026-09-08T01:34:00+00:00
SHP-4610,SELLER-442,WH-026,CAR-070,Mumbai,Ahmedabad,IN_TRANSIT,3,0,0,0,STALE,2026-09-03T04:28:00+00:00,2026-09-03T09:58:00+00:00
SHP-4611,SELLER-417,WH-003,CAR-067,Mumbai,Pune,CREATED,1,0,0,0,STALE,2026-09-07T02:56:00+00:00,2026-09-07T02:56:00+00:00
SHP-4612,SELLER-482,WH-047,CAR-059,Ahmedabad,Surat,PICKED_UP,2,0,0,0,STALE,2026-09-05T20:32:00+00:00,2026-09-05T21:49:00+00:00
SHP-4613,SELLER-156,WH-026,CAR-034,Kolkata,Pune,IN_TRANSIT,3,0,0,0,STALE,2026-09-03T12:39:00+00:00,2026-09-03T18:03:00+00:00
SHP-4614,SELLER-159,WH-012,CAR-061,Kolkata,Jaipur,DELIVERED,5,0,0,0,STALE,2026-09-04T02:39:00+00:00,2026-09-04T09:42:00+00:00
SHP-4615,SELLER-232,WH-017,CAR-002,Mumbai,Pune,IN_TRANSIT,3,0,0,0,STALE,2026-09-05T16:44:00+00:00,2026-09-06T00:15:00+00:00
SHP-4616,SELLER-435,WH-050,CAR-022,Jaipur,Chennai,DELIVERED,5,0,0,0,STALE,2026-09-02T16:41:00+00:00,2026-09-03T03:50:00+00:00
SHP-4617,SELLER-054,WH-048,CAR-041,Bengaluru,Delhi,CREATED,1,0,0,0,STALE,2026-09-03T19:24:00+00:00,2026-09-03T19:24:00+00:00
SHP-4618,SELLER-153,WH-008,CAR-040,Delhi,Bengaluru,CREATED,1,0,0,0,STALE,2026-09-07T11:13:00+00:00,2026-09-07T11:13:00+00:00
SHP-4619,SELLER-021,WH-008,CAR-057,Ahmedabad,Hyderabad,IN_TRANSIT,3,0,1,0,STALE,2026-09-02T02:39:00+00:00,2026-09-02T08:02:00+00:00
SHP-4620,SELLER-367,WH-028,CAR-090,Ahmedabad,Bengaluru,OUT_FOR_DELIVERY,4,0,0,0,STALE,2026-09-03T00:22:00+00:00,2026-09-03T06:57:00+00:00
SHP-4621,SELLER-074,WH-039,CAR-061,Hyderabad,Ahmedabad,IN_TRANSIT,3,0,0,0,STALE,2026-09-03T09:03:00+00:00,2026-09-03T16:39:00+00:00
SHP-4622,SELLER-300,WH-045,CAR-087,Delhi,Jaipur,IN_TRANSIT,3,0,0,0,STALE,2026-09-01T07:37:00+00:00,2026-09-01T14:11:00+00:00
SHP-4623,SELLER-487,WH-016,CAR-039,Kolkata,Jaipur,DELIVERED,5,0,0,0,STALE,2026-09-03T04:05:00+00:00,2026-09-03T13:36:00+00:00
SHP-4624,SELLER-241,WH-018,CAR-041,Pune,Hyderabad,PICKED_UP,2,0,0,0,STALE,2026-09-03T13:16:00+00:00,2026-09-03T14:38:00+00:00
SHP-4625,SELLER-192,WH-025,CAR-010,Chennai,Ahmedabad,IN_TRANSIT,3,0,0,0,STALE,2026-09-03T11:52:00+00:00,2026-09-03T17:39:00+00:00
SHP-4626,SELLER-198,WH-044,CAR-086,Ahmedabad,Hyderabad,CREATED,1,0,0,0,STALE,2026-09-02T12:23:00+00:00,2026-09-02T12:23:00+00:00
SHP-4627,SELLER-417,WH-050,CAR-068,Bengaluru,Delhi,IN_TRANSIT,3,0,0,0,STALE,2026-09-07T21:11:00+00:00,2026-09-08T03:43:00+00:00
SHP-4628,SELLER-478,WH-045,CAR-021,Ahmedabad,Jaipur,OUT_FOR_DELIVERY,4,0,0,0,STALE,2026-09-01T19:45:00+00:00,2026-09-02T01:41:00+00:00
SHP-4629,SELLER-156,WH-004,CAR-051,Chennai,Delhi,DELIVERED,5,0,0,0,STALE,2026-09-03T04:57:00+00:00,2026-09-03T14:15:00+00:00
SHP-4630,SELLER-244,WH-015,CAR-054,Pune,Mumbai,OUT_FOR_DELIVERY,4,0,0,0,FRESH,2026-09-07T19:43:00+00:00,2026-09-08T04:34:00+00:00
SHP-4631,SELLER-251,WH-007,CAR-097,Hyderabad,Mumbai,IN_TRANSIT,3,0,0,0,STALE,2026-09-07T05:00:00+00:00,2026-09-07T08:41:00+00:00
SHP-4632,SELLER-467,WH-008,CAR-018,Ahmedabad,Mumbai,OUT_FOR_DELIVERY,4,0,0,0,STALE,2026-09-02T14:23:00+00:00,2026-09-02T18:59:00+00:00
SHP-4633,SELLER-105,WH-017,CAR-073,Surat,Delhi,IN_TRANSIT,3,0,1,0,STALE,2026-09-03T22:41:00+00:00,2026-09-04T05:50:00+00:00
SHP-4634,SELLER-154,WH-035,CAR-045,Mumbai,Chennai,CREATED,1,0,0,0,STALE,2026-09-02T04:54:00+00:00,2026-09-02T04:54:00+00:00
SHP-4635,SELLER-378,WH-025,CAR-066,Ahmedabad,Chennai,IN_TRANSIT,3,0,0,0,STALE,2026-09-02T05:03:00+00:00,2026-09-02T11:48:00+00:00
SHP-4636,SELLER-440,WH-039,CAR-096,Delhi,Jaipur,IN_TRANSIT,3,0,0,0,STALE,2026-09-02T02:47:00+00:00,2026-09-02T10:36:00+00:00
SHP-4637,SELLER-455,WH-047,CAR-086,Surat,Chennai,IN_TRANSIT,3,0,0,0,STALE,2026-09-05T18:50:00+00:00,2026-09-05T22:08:00+00:00
SHP-4638,SELLER-301,WH-047,CAR-009,Delhi,Surat,OUT_FOR_DELIVERY,4,0,0,0,STALE,2026-09-06T10:51:00+00:00,2026-09-06T21:20:00+00:00
SHP-4639,SELLER-481,WH-011,CAR-054,Hyderabad,Delhi,IN_TRANSIT,3,0,0,0,STALE,2026-09-05T17:21:00+00:00,2026-09-05T22:27:00+00:00
SHP-4640,SELLER-315,WH-044,CAR-035,Chennai,Kolkata,CREATED,1,0,0,0,STALE,2026-09-06T04:59:00+00:00,2026-09-06T04:59:00+00:00
SHP-4641,SELLER-359,WH-048,CAR-096,Pune,Delhi,OUT_FOR_DELIVERY,4,0,0,0,STALE,2026-09-06T12:30:00+00:00,2026-09-06T20:48:00+00:00
SHP-4642,SELLER-497,WH-008,CAR-030,Mumbai,Bengaluru,IN_TRANSIT,3,0,0,0,STALE,2026-09-05T11:24:00+00:00,2026-09-05T16:08:00+00:00
SHP-4643,SELLER-373,WH-023,CAR-053,Bengaluru,Mumbai,CREATED,1,0,0,0,STALE,2026-09-03T23:07:00+00:00,2026-09-03T23:07:00+00:00
SHP-4644,SELLER-008,WH-026,CAR-071,Mumbai,Bengaluru,DELIVERED,5,0,0,0,STALE,2026-09-04T20:29:00+00:00,2026-09-05T03:43:00+00:00
SHP-4645,SELLER-378,WH-041,CAR-038,Chennai,Delhi,DELIVERED,5,0,0,0,STALE,2026-09-05T18:30:00+00:00,2026-09-06T03:26:00+00:00
SHP-4646,SELLER-305,WH-048,CAR-034,Kolkata,Surat,IN_TRANSIT,3,0,0,0,STALE,2026-09-01T14:51:00+00:00,2026-09-01T17:37:00+00:00
SHP-4647,SELLER-380,WH-002,CAR-053,Ahmedabad,Hyderabad,CREATED,1,0,0,0,STALE,2026-09-06T23:17:00+00:00,2026-09-06T23:17:00+00:00
SHP-4648,SELLER-254,WH-040,CAR-041,Delhi,Kolkata,OUT_FOR_DELIVERY,4,0,0,0,STALE,2026-09-07T02:35:00+00:00,2026-09-07T11:09:00+00:00
SHP-4649,SELLER-296,WH-025,CAR-081,Chennai,Delhi,CREATED,1,0,0,0,STALE,2026-09-07T07:31:00+00:00,2026-09-07T07:31:00+00:00
SHP-4650,SELLER-292,WH-026,CAR-040,Delhi,Kolkata,OUT_FOR_DELIVERY,4,0,0,0,STALE,2026-09-01T16:51:00+00:00,2026-09-01T21:34:00+00:00
SHP-4651,SELLER-219,WH-044,CAR-043,Pune,Jaipur,DELIVERED,5,0,0,0,STALE,2026-09-02T18:49:00+00:00,2026-09-03T01:46:00+00:00
SHP-4652,SELLER-276,WH-040,CAR-091,Pune,Kolkata,DELIVERED,5,0,0,0,STALE,2026-09-07T08:29:00+00:00,2026-09-07T16:37:00+00:00
SHP-4653,SELLER-246,WH-018,CAR-012,Delhi,Chennai,OUT_FOR_DELIVERY,4,0,0,1,STALE,2026-09-06T09:16:00+00:00,2026-09-06T19:07:00+00:00
SHP-4654,SELLER-459,WH-039,CAR-007,Hyderabad,Bengaluru,IN_TRANSIT,3,0,0,0,STALE,2026-09-06T18:34:00+00:00,2026-09-06T22:37:00+00:00
SHP-4655,SELLER-052,WH-019,CAR-024,Ahmedabad,Bengaluru,IN_TRANSIT,3,0,0,0,STALE,2026-09-01T22:53:00+00:00,2026-09-02T03:35:00+00:00
SHP-4656,SELLER-172,WH-014,CAR-081,Delhi,Kolkata,CREATED,1,0,0,0,STALE,2026-09-05T19:47:00+00:00,2026-09-05T19:47:00+00:00
SHP-4657,SELLER-207,WH-045,CAR-023,Bengaluru,Ahmedabad,IN_TRANSIT,3,0,0,0,STALE,2026-09-04T17:09:00+00:00,2026-09-04T20:25:00+00:00
SHP-4658,SELLER-408,WH-020,CAR-009,Mumbai,Delhi,OUT_FOR_DELIVERY,4,0,0,0,STALE,2026-09-02T11:56:00+00:00,2026-09-02T16:40:00+00:00
SHP-4659,SELLER-475,WH-045,CAR-058,Mumbai,Kolkata,CREATED,1,0,0,0,STALE,2026-09-01T14:08:00+00:00,2026-09-01T14:08:00+00:00
SHP-4660,SELLER-470,WH-023,CAR-018,Jaipur,Surat,IN_TRANSIT,3,0,0,0,STALE,2026-09-04T07:15:00+00:00,2026-09-04T11:06:00+00:00
SHP-4661,SELLER-080,WH-025,CAR-004,Kolkata,Mumbai,DELIVERED,5,0,0,0,STALE,2026-09-06T17:03:00+00:00,2026-09-07T01:30:00+00:00
SHP-4662,SELLER-107,WH-005,CAR-039,Hyderabad,Surat,IN_TRANSIT,3,0,0,0,STALE,2026-09-03T14:31:00+00:00,2026-09-03T20:06:00+00:00
SHP-4663,SELLER-493,WH-037,CAR-091,Surat,Ahmedabad,PICKED_UP,2,0,0,0,STALE,2026-09-03T02:18:00+00:00,2026-09-03T04:16:00+00:00
SHP-4664,SELLER-030,WH-023,CAR-053,Delhi,Surat,OUT_FOR_DELIVERY,4,0,0,0,STALE,2026-09-04T05:29:00+00:00,2026-09-04T15:45:00+00:00
SHP-4665,SELLER-315,WH-044,CAR-032,Surat,Kolkata,OUT_FOR_DELIVERY,4,0,0,0,STALE,2026-09-05T22:24:00+00:00,2026-09-06T04:28:00+00:00
SHP-4666,SELLER-409,WH-010,CAR-002,Surat,Pune,DELIVERED,5,0,0,1,STALE,2026-09-06T19:58:00+00:00,2026-09-07T04:36:00+00:00
SHP-4667,SELLER-295,WH-044,CAR-037,Ahmedabad,Pune,PICKED_UP,2,0,0,0,STALE,2026-09-05T15:33:00+00:00,2026-09-05T16:19:00+00:00
SHP-4668,SELLER-408,WH-024,CAR-080,Bengaluru,Pune,CREATED,1,0,0,0,STALE,2026-09-07T06:23:00+00:00,2026-09-07T06:23:00+00:00
SHP-4669,SELLER-301,WH-021,CAR-077,Surat,Bengaluru,IN_TRANSIT,3,0,0,0,STALE,2026-09-01T04:49:00+00:00,2026-09-01T07:59:00+00:00
SHP-4670,SELLER-050,WH-024,CAR-032,Bengaluru,Surat,IN_TRANSIT,3,0,0,1,STALE,2026-09-01T09:08:00+00:00,2026-09-01T15:41:00+00:00
SHP-4671,SELLER-284,WH-042,CAR-072,Ahmedabad,Bengaluru,IN_TRANSIT,3,0,0,0,STALE,2026-09-04T08:12:00+00:00,2026-09-04T09:59:00+00:00
SHP-4672,SELLER-315,WH-047,CAR-056,Ahmedabad,Delhi,PICKED_UP,2,0,0,0,STALE,2026-09-06T23:57:00+00:00,2026-09-07T01:56:00+00:00
SHP-4673,SELLER-481,WH-013,CAR-034,Chennai,Kolkata,OUT_FOR_DELIVERY,4,0,0,0,STALE,2026-09-02T01:19:00+00:00,2026-09-02T09:19:00+00:00
SHP-4674,SELLER-113,WH-042,CAR-040,Surat,Hyderabad,PICKED_UP,2,0,0,0,STALE,2026-09-06T13:11:00+00:00,2026-09-06T15:46:00+00:00
SHP-4675,SELLER-286,WH-022,CAR-027,Surat,Delhi,IN_TRANSIT,3,0,0,0,STALE,2026-09-03T07:58:00+00:00,2026-09-03T12:37:00+00:00
SHP-4676,SELLER-215,WH-018,CAR-013,Pune,Kolkata,DELIVERED,5,0,0,0,STALE,2026-09-05T21:49:00+00:00,2026-09-06T02:47:00+00:00
SHP-4677,SELLER-438,WH-036,CAR-023,Ahmedabad,Delhi,PICKED_UP,2,0,0,1,STALE,2026-09-03T19:18:00+00:00,2026-09-03T20:51:00+00:00
SHP-4678,SELLER-457,WH-044,CAR-020,Hyderabad,Mumbai,CREATED,1,0,0,0,STALE,2026-09-06T09:21:00+00:00,2026-09-06T09:21:00+00:00
SHP-4679,SELLER-189,WH-023,CAR-091,Chennai,Ahmedabad,DELIVERED,5,0,0,0,STALE,2026-09-03T18:07:00+00:00,2026-09-04T05:58:00+00:00
SHP-4680,SELLER-454,WH-016,CAR-054,Bengaluru,Jaipur,CREATED,1,0,0,0,STALE,2026-09-03T03:55:00+00:00,2026-09-03T03:55:00+00:00
SHP-4681,SELLER-318,WH-024,CAR-047,Mumbai,Hyderabad,CREATED,1,0,0,0,STALE,2026-09-03T17:41:00+00:00,2026-09-03T17:41:00+00:00
SHP-4682,SELLER-276,WH-028,CAR-099,Jaipur,Surat,DELIVERED,5,0,0,0,STALE,2026-09-05T21:19:00+00:00,2026-09-06T07:51:00+00:00
SHP-4683,SELLER-019,WH-039,CAR-051,Hyderabad,Delhi,CREATED,1,0,0,0,STALE,2026-09-05T16:56:00+00:00,2026-09-05T16:56:00+00:00
SHP-4684,SELLER-261,WH-050,CAR-047,Mumbai,Ahmedabad,CREATED,1,0,0,0,STALE,2026-09-03T06:09:00+00:00,2026-09-03T06:09:00+00:00
SHP-4685,SELLER-080,WH-005,CAR-100,Surat,Mumbai,PICKED_UP,2,0,0,0,STALE,2026-09-02T12:08:00+00:00,2026-09-02T14:56:00+00:00
SHP-4686,SELLER-030,WH-016,CAR-018,Ahmedabad,Hyderabad,CREATED,1,0,0,0,STALE,2026-09-03T21:35:00+00:00,2026-09-03T21:35:00+00:00
SHP-4687,SELLER-129,WH-012,CAR-020,Kolkata,Pune,IN_TRANSIT,3,1,0,0,STALE,2026-09-02T13:15:00+00:00,2026-09-02T17:37:00+00:00
SHP-4688,SELLER-151,WH-044,CAR-067,Pune,Delhi,IN_TRANSIT,3,0,0,0,STALE,2026-09-06T12:57:00+00:00,2026-09-06T18:00:00+00:00
SHP-4689,SELLER-085,WH-049,CAR-074,Mumbai,Ahmedabad,IN_TRANSIT,3,0,0,0,STALE,2026-09-01T15:37:00+00:00,2026-09-01T17:24:00+00:00
SHP-4690,SELLER-116,WH-048,CAR-055,Jaipur,Ahmedabad,CREATED,1,0,0,0,STALE,2026-09-06T08:21:00+00:00,2026-09-06T08:21:00+00:00
SHP-4691,SELLER-039,WH-024,CAR-089,Mumbai,Surat,DELIVERED,5,0,0,0,STALE,2026-09-06T07:16:00+00:00,2026-09-06T15:28:00+00:00
SHP-4692,SELLER-080,WH-029,CAR-022,Hyderabad,Kolkata,OUT_FOR_DELIVERY,4,0,0,0,STALE,2026-09-05T02:01:00+00:00,2026-09-05T09:50:00+00:00
SHP-4693,SELLER-435,WH-021,CAR-026,Ahmedabad,Jaipur,IN_TRANSIT,3,0,0,0,STALE,2026-09-03T01:19:00+00:00,2026-09-03T06:44:00+00:00
SHP-4694,SELLER-184,WH-019,CAR-093,Pune,Delhi,IN_TRANSIT,3,0,0,0,STALE,2026-09-04T16:09:00+00:00,2026-09-04T22:53:00+00:00
SHP-4695,SELLER-376,WH-041,CAR-068,Surat,Bengaluru,PICKED_UP,2,0,0,0,STALE,2026-09-04T01:07:00+00:00,2026-09-04T03:34:00+00:00
SHP-4696,SELLER-296,WH-023,CAR-072,Kolkata,Chennai,OUT_FOR_DELIVERY,4,0,0,0,STALE,2026-09-02T04:38:00+00:00,2026-09-02T09:37:00+00:00
SHP-4697,SELLER-458,WH-049,CAR-083,Ahmedabad,Pune,CREATED,1,0,0,0,STALE,2026-09-02T00:58:00+00:00,2026-09-02T00:58:00+00:00
SHP-4698,SELLER-234,WH-014,CAR-087,Mumbai,Bengaluru,CREATED,1,0,0,0,STALE,2026-09-07T20:08:00+00:00,2026-09-07T20:08:00+00:00
SHP-4699,SELLER-326,WH-016,CAR-028,Mumbai,Chennai,IN_TRANSIT,3,0,0,1,STALE,2026-09-02T14:34:00+00:00,2026-09-02T21:07:00+00:00
SHP-4700,SELLER-461,WH-001,CAR-046,Hyderabad,Surat,PICKED_UP,2,0,0,0,STALE,2026-09-04T02:48:00+00:00,2026-09-04T05:40:00+00:00
SHP-4701,SELLER-210,WH-027,CAR-043,Jaipur,Mumbai,PICKED_UP,2,0,0,0,STALE,2026-09-03T09:01:00+00:00,2026-09-03T10:34:00+00:00
SHP-4702,SELLER-449,WH-016,CAR-099,Chennai,Hyderabad,IN_TRANSIT,3,0,1,0,STALE,2026-09-05T21:15:00+00:00,2026-09-06T03:18:00+00:00
SHP-4703,SELLER-154,WH-034,CAR-072,Jaipur,Kolkata,CREATED,1,0,0,0,STALE,2026-09-03T09:59:00+00:00,2026-09-03T09:59:00+00:00
SHP-4704,SELLER-189,WH-030,CAR-077,Mumbai,Ahmedabad,PICKED_UP,2,0,0,0,STALE,2026-09-01T15:32:00+00:00,2026-09-01T18:04:00+00:00
SHP-4705,SELLER-108,WH-009,CAR-006,Surat,Pune,IN_TRANSIT,3,0,0,0,STALE,2026-09-06T03:27:00+00:00,2026-09-06T06:43:00+00:00
SHP-4706,SELLER-244,WH-024,CAR-067,Jaipur,Delhi,CREATED,1,0,0,0,STALE,2026-09-06T10:47:00+00:00,2026-09-06T10:47:00+00:00
SHP-4707,SELLER-348,WH-020,CAR-066,Kolkata,Chennai,DELIVERED,5,0,0,0,STALE,2026-09-06T15:09:00+00:00,2026-09-07T01:50:00+00:00
SHP-4708,SELLER-356,WH-026,CAR-057,Ahmedabad,Bengaluru,OUT_FOR_DELIVERY,4,0,0,0,STALE,2026-09-06T11:17:00+00:00,2026-09-06T20:55:00+00:00
SHP-4709,SELLER-207,WH-048,CAR-048,Bengaluru,Delhi,PICKED_UP,2,0,0,0,STALE,2026-09-04T19:53:00+00:00,2026-09-04T22:37:00+00:00
SHP-4710,SELLER-140,WH-040,CAR-095,Ahmedabad,Bengaluru,DELIVERED,5,0,0,0,STALE,2026-09-03T12:07:00+00:00,2026-09-03T19:18:00+00:00
SHP-4711,SELLER-478,WH-041,CAR-038,Kolkata,Hyderabad,CREATED,1,0,0,0,STALE,2026-09-07T02:25:00+00:00,2026-09-07T02:25:00+00:00
SHP-4712,SELLER-195,WH-033,CAR-097,Bengaluru,Surat,IN_TRANSIT,3,1,0,0,STALE,2026-09-06T23:35:00+00:00,2026-09-07T04:39:00+00:00
SHP-4713,SELLER-392,WH-005,CAR-061,Kolkata,Pune,DELIVERED,5,0,0,0,STALE,2026-09-04T19:39:00+00:00,2026-09-05T03:31:00+00:00
SHP-4714,SELLER-473,WH-013,CAR-094,Ahmedabad,Pune,CREATED,1,0,0,0,STALE,2026-09-02T23:38:00+00:00,2026-09-02T23:38:00+00:00
SHP-4715,SELLER-494,WH-034,CAR-061,Bengaluru,Hyderabad,DELIVERED,5,0,0,0,STALE,2026-09-03T20:14:00+00:00,2026-09-04T05:04:00+00:00
SHP-4716,SELLER-377,WH-028,CAR-060,Hyderabad,Chennai,DELIVERED,5,0,0,0,STALE,2026-09-05T09:01:00+00:00,2026-09-05T19:36:00+00:00
SHP-4717,SELLER-004,WH-028,CAR-006,Surat,Hyderabad,OUT_FOR_DELIVERY,4,0,0,0,STALE,2026-09-06T06:54:00+00:00,2026-09-06T15:58:00+00:00
SHP-4718,SELLER-063,WH-050,CAR-036,Delhi,Ahmedabad,IN_TRANSIT,3,0,0,0,STALE,2026-09-03T06:44:00+00:00,2026-09-03T13:27:00+00:00
SHP-4719,SELLER-152,WH-025,CAR-010,Bengaluru,Jaipur,IN_TRANSIT,3,0,0,0,STALE,2026-09-02T03:00:00+00:00,2026-09-02T10:26:00+00:00
SHP-4720,SELLER-164,WH-033,CAR-079,Jaipur,Surat,CREATED,1,0,0,0,STALE,2026-09-07T19:41:00+00:00,2026-09-07T19:41:00+00:00
SHP-4721,SELLER-210,WH-046,CAR-019,Ahmedabad,Bengaluru,PICKED_UP,2,0,0,0,STALE,2026-09-02T03:30:00+00:00,2026-09-02T04:30:00+00:00
SHP-4722,SELLER-434,WH-009,CAR-031,Chennai,Hyderabad,IN_TRANSIT,3,0,0,0,STALE,2026-09-03T16:37:00+00:00,2026-09-03T23:40:00+00:00
SHP-4723,SELLER-445,WH-004,CAR-095,Surat,Hyderabad,CREATED,1,0,0,0,STALE,2026-09-05T01:41:00+00:00,2026-09-05T01:41:00+00:00
SHP-4724,SELLER-101,WH-004,CAR-063,Hyderabad,Pune,IN_TRANSIT,3,0,0,0,STALE,2026-09-07T19:40:00+00:00,2026-09-07T21:22:00+00:00
SHP-4725,SELLER-447,WH-003,CAR-071,Chennai,Delhi,DELIVERED,5,0,0,0,STALE,2026-09-02T18:23:00+00:00,2026-09-03T05:34:00+00:00
SHP-4726,SELLER-142,WH-050,CAR-094,Pune,Mumbai,CREATED,1,0,0,0,STALE,2026-09-05T00:22:00+00:00,2026-09-05T00:22:00+00:00
SHP-4727,SELLER-313,WH-035,CAR-085,Mumbai,Chennai,PICKED_UP,2,0,0,0,STALE,2026-09-02T08:03:00+00:00,2026-09-02T08:40:00+00:00
SHP-4728,SELLER-308,WH-012,CAR-087,Kolkata,Ahmedabad,PICKED_UP,2,0,0,0,STALE,2026-09-01T21:47:00+00:00,2026-09-01T23:31:00+00:00
SHP-4729,SELLER-180,WH-014,CAR-007,Jaipur,Bengaluru,DELIVERED,5,0,0,0,STALE,2026-09-01T15:06:00+00:00,2026-09-02T02:59:00+00:00
SHP-4730,SELLER-142,WH-024,CAR-033,Delhi,Chennai,OUT_FOR_DELIVERY,4,0,0,0,STALE,2026-09-03T08:07:00+00:00,2026-09-03T16:10:00+00:00
SHP-4731,SELLER-334,WH-028,CAR-044,Ahmedabad,Bengaluru,IN_TRANSIT,3,0,0,0,STALE,2026-09-02T17:11:00+00:00,2026-09-02T20:14:00+00:00
SHP-4732,SELLER-043,WH-002,CAR-049,Mumbai,Delhi,DELIVERED,5,0,0,0,STALE,2026-09-01T18:54:00+00:00,2026-09-02T02:19:00+00:00
SHP-4733,SELLER-130,WH-023,CAR-016,Pune,Mumbai,CANCELLED,2,0,0,0,STALE,2026-09-04T11:54:00+00:00,2026-09-04T13:49:00+00:00
SHP-4734,SELLER-112,WH-048,CAR-066,Ahmedabad,Surat,DELIVERED,5,0,0,0,STALE,2026-09-03T01:58:00+00:00,2026-09-03T12:19:00+00:00
SHP-4735,SELLER-182,WH-045,CAR-100,Mumbai,Jaipur,CREATED,1,0,0,0,STALE,2026-09-03T04:28:00+00:00,2026-09-03T04:28:00+00:00
SHP-4736,SELLER-257,WH-035,CAR-012,Delhi,Mumbai,IN_TRANSIT,3,0,0,0,STALE,2026-09-04T23:36:00+00:00,2026-09-05T06:31:00+00:00
SHP-4737,SELLER-389,WH-007,CAR-052,Mumbai,Surat,IN_TRANSIT,3,0,0,0,STALE,2026-09-01T07:17:00+00:00,2026-09-01T10:10:00+00:00
SHP-4738,SELLER-344,WH-045,CAR-082,Bengaluru,Ahmedabad,OUT_FOR_DELIVERY,4,0,0,0,STALE,2026-09-01T13:15:00+00:00,2026-09-01T22:34:00+00:00
SHP-4739,SELLER-401,WH-013,CAR-014,Pune,Chennai,OUT_FOR_DELIVERY,4,0,0,0,STALE,2026-09-03T10:44:00+00:00,2026-09-03T17:52:00+00:00
SHP-4740,SELLER-227,WH-007,CAR-041,Kolkata,Ahmedabad,PICKED_UP,2,0,0,0,STALE,2026-09-07T13:04:00+00:00,2026-09-07T14:38:00+00:00
SHP-4741,SELLER-201,WH-038,CAR-050,Chennai,Mumbai,DELIVERED,5,0,0,0,STALE,2026-09-02T03:29:00+00:00,2026-09-02T11:24:00+00:00
SHP-4742,SELLER-081,WH-002,CAR-037,Jaipur,Delhi,PICKED_UP,2,0,0,0,STALE,2026-09-02T06:25:00+00:00,2026-09-02T07:32:00+00:00
SHP-4743,SELLER-026,WH-005,CAR-085,Jaipur,Ahmedabad,PICKED_UP,2,0,0,0,STALE,2026-09-03T08:10:00+00:00,2026-09-03T09:52:00+00:00
SHP-4744,SELLER-175,WH-036,CAR-075,Surat,Pune,OUT_FOR_DELIVERY,4,0,0,0,STALE,2026-09-03T15:53:00+00:00,2026-09-03T22:18:00+00:00
SHP-4745,SELLER-443,WH-035,CAR-033,Bengaluru,Jaipur,PICKED_UP,2,0,0,0,STALE,2026-09-04T06:56:00+00:00,2026-09-04T07:47:00+00:00
SHP-4746,SELLER-182,WH-041,CAR-058,Chennai,Kolkata,IN_TRANSIT,3,0,0,0,STALE,2026-09-06T20:48:00+00:00,2026-09-07T00:47:00+00:00
SHP-4747,SELLER-374,WH-019,CAR-020,Delhi,Jaipur,CREATED,1,0,0,0,STALE,2026-09-05T04:25:00+00:00,2026-09-05T04:25:00+00:00
SHP-4748,SELLER-244,WH-030,CAR-084,Delhi,Bengaluru,DELIVERED,5,0,0,0,STALE,2026-09-01T12:48:00+00:00,2026-09-01T19:35:00+00:00
SHP-4749,SELLER-432,WH-035,CAR-023,Bengaluru,Delhi,IN_TRANSIT,3,0,0,0,STALE,2026-09-06T13:32:00+00:00,2026-09-06T19:14:00+00:00
SHP-4750,SELLER-190,WH-015,CAR-081,Bengaluru,Delhi,CREATED,1,0,0,0,STALE,2026-09-06T14:48:00+00:00,2026-09-06T14:48:00+00:00
SHP-4751,SELLER-413,WH-029,CAR-025,Pune,Ahmedabad,PICKED_UP,2,0,0,0,STALE,2026-09-05T15:48:00+00:00,2026-09-05T18:25:00+00:00
SHP-4752,SELLER-007,WH-037,CAR-075,Pune,Jaipur,PICKED_UP,2,0,0,0,STALE,2026-09-01T03:41:00+00:00,2026-09-01T04:27:00+00:00
SHP-4753,SELLER-457,WH-023,CAR-018,Pune,Kolkata,OUT_FOR_DELIVERY,4,0,0,0,STALE,2026-09-05T03:32:00+00:00,2026-09-05T12:19:00+00:00
SHP-4754,SELLER-215,WH-021,CAR-088,Kolkata,Pune,DELIVERED,5,0,0,0,STALE,2026-09-01T13:16:00+00:00,2026-09-01T21:44:00+00:00
SHP-4755,SELLER-311,WH-046,CAR-028,Chennai,Pune,IN_TRANSIT,3,0,0,0,STALE,2026-09-03T00:05:00+00:00,2026-09-03T03:23:00+00:00
SHP-4756,SELLER-007,WH-007,CAR-096,Ahmedabad,Mumbai,CREATED,1,0,0,0,STALE,2026-09-03T06:58:00+00:00,2026-09-03T06:58:00+00:00
SHP-4757,SELLER-269,WH-005,CAR-089,Mumbai,Surat,IN_TRANSIT,3,0,0,0,STALE,2026-09-07T16:31:00+00:00,2026-09-07T23:15:00+00:00
SHP-4758,SELLER-171,WH-050,CAR-064,Mumbai,Chennai,DELIVERED,5,0,0,0,STALE,2026-09-04T05:46:00+00:00,2026-09-04T14:14:00+00:00
SHP-4759,SELLER-291,WH-013,CAR-015,Jaipur,Ahmedabad,PICKED_UP,2,0,0,0,STALE,2026-09-03T15:39:00+00:00,2026-09-03T17:32:00+00:00
SHP-4760,SELLER-213,WH-009,CAR-025,Chennai,Kolkata,PICKED_UP,2,0,0,0,STALE,2026-09-05T03:21:00+00:00,2026-09-05T04:53:00+00:00
SHP-4761,SELLER-121,WH-016,CAR-026,Chennai,Jaipur,OUT_FOR_DELIVERY,4,0,0,0,STALE,2026-09-06T12:53:00+00:00,2026-09-06T23:31:00+00:00
SHP-4762,SELLER-354,WH-022,CAR-073,Jaipur,Mumbai,PICKED_UP,2,0,0,0,STALE,2026-09-06T21:18:00+00:00,2026-09-06T21:51:00+00:00
SHP-4763,SELLER-176,WH-027,CAR-063,Hyderabad,Ahmedabad,PICKED_UP,2,0,0,0,STALE,2026-09-03T01:57:00+00:00,2026-09-03T03:17:00+00:00
SHP-4764,SELLER-238,WH-003,CAR-036,Jaipur,Ahmedabad,CREATED,1,0,0,0,STALE,2026-09-02T14:22:00+00:00,2026-09-02T14:22:00+00:00
SHP-4765,SELLER-468,WH-041,CAR-006,Hyderabad,Surat,DELIVERED,5,0,0,0,FRESH,2026-09-07T22:24:00+00:00,2026-09-08T08:39:00+00:00
SHP-4766,SELLER-453,WH-016,CAR-066,Bengaluru,Kolkata,OUT_FOR_DELIVERY,4,0,0,0,STALE,2026-09-01T11:07:00+00:00,2026-09-01T15:09:00+00:00
SHP-4767,SELLER-290,WH-030,CAR-003,Kolkata,Jaipur,IN_TRANSIT,3,0,0,1,STALE,2026-09-06T02:16:00+00:00,2026-09-06T04:46:00+00:00
SHP-4768,SELLER-444,WH-012,CAR-041,Kolkata,Jaipur,IN_TRANSIT,3,0,0,0,STALE,2026-09-01T19:37:00+00:00,2026-09-01T23:01:00+00:00
SHP-4769,SELLER-329,WH-048,CAR-009,Jaipur,Pune,IN_TRANSIT,3,0,0,0,STALE,2026-09-01T08:15:00+00:00,2026-09-01T14:45:00+00:00
SHP-4770,SELLER-130,WH-006,CAR-053,Jaipur,Kolkata,OUT_FOR_DELIVERY,4,0,0,0,STALE,2026-09-03T21:52:00+00:00,2026-09-04T03:11:00+00:00
SHP-4771,SELLER-114,WH-019,CAR-064,Hyderabad,Delhi,DELIVERED,5,0,0,0,STALE,2026-09-03T09:55:00+00:00,2026-09-03T22:47:00+00:00
SHP-4772,SELLER-430,WH-031,CAR-086,Delhi,Ahmedabad,IN_TRANSIT,3,0,0,0,STALE,2026-09-04T10:03:00+00:00,2026-09-04T17:29:00+00:00
SHP-4773,SELLER-447,WH-036,CAR-004,Delhi,Jaipur,CREATED,1,0,0,0,STALE,2026-09-03T02:47:00+00:00,2026-09-03T02:47:00+00:00
SHP-4774,SELLER-232,WH-016,CAR-062,Delhi,Chennai,DELIVERED,5,0,0,0,STALE,2026-09-03T06:29:00+00:00,2026-09-03T14:45:00+00:00
SHP-4775,SELLER-260,WH-007,CAR-004,Kolkata,Delhi,PICKED_UP,2,0,0,0,STALE,2026-09-04T15:34:00+00:00,2026-09-04T16:52:00+00:00
SHP-4776,SELLER-160,WH-012,CAR-010,Mumbai,Hyderabad,DELIVERED,5,1,0,0,STALE,2026-09-04T20:19:00+00:00,2026-09-05T06:40:00+00:00
SHP-4777,SELLER-452,WH-022,CAR-022,Delhi,Jaipur,OUT_FOR_DELIVERY,4,0,0,0,STALE,2026-09-01T23:01:00+00:00,2026-09-02T02:54:00+00:00
SHP-4778,SELLER-335,WH-001,CAR-004,Pune,Surat,OUT_FOR_DELIVERY,4,0,0,0,STALE,2026-09-04T22:45:00+00:00,2026-09-05T06:29:00+00:00
SHP-4779,SELLER-081,WH-034,CAR-038,Jaipur,Kolkata,CREATED,1,0,0,0,STALE,2026-09-01T20:33:00+00:00,2026-09-01T20:33:00+00:00
SHP-4780,SELLER-207,WH-031,CAR-018,Hyderabad,Pune,CREATED,1,0,0,0,STALE,2026-09-03T16:43:00+00:00,2026-09-03T16:43:00+00:00
SHP-4781,SELLER-370,WH-004,CAR-003,Jaipur,Kolkata,DELIVERED,5,0,0,0,STALE,2026-09-07T06:12:00+00:00,2026-09-07T15:00:00+00:00
SHP-4782,SELLER-302,WH-008,CAR-095,Delhi,Bengaluru,IN_TRANSIT,3,0,0,0,STALE,2026-09-05T22:58:00+00:00,2026-09-06T06:41:00+00:00
SHP-4783,SELLER-267,WH-048,CAR-077,Delhi,Jaipur,IN_TRANSIT,3,0,0,0,STALE,2026-09-06T15:07:00+00:00,2026-09-06T21:52:00+00:00
SHP-4784,SELLER-206,WH-033,CAR-080,Bengaluru,Delhi,IN_TRANSIT,3,0,0,0,STALE,2026-09-01T16:39:00+00:00,2026-09-01T20:24:00+00:00
SHP-4785,SELLER-453,WH-041,CAR-089,Jaipur,Mumbai,IN_TRANSIT,3,0,0,0,STALE,2026-09-03T04:13:00+00:00,2026-09-03T11:05:00+00:00
SHP-4786,SELLER-014,WH-002,CAR-027,Surat,Bengaluru,DELIVERED,5,0,0,0,STALE,2026-09-07T00:45:00+00:00,2026-09-07T10:47:00+00:00
SHP-4787,SELLER-257,WH-022,CAR-002,Chennai,Jaipur,PICKED_UP,2,0,0,0,STALE,2026-09-07T12:33:00+00:00,2026-09-07T13:09:00+00:00
SHP-4788,SELLER-267,WH-042,CAR-039,Jaipur,Delhi,IN_TRANSIT,3,0,0,0,STALE,2026-09-05T15:20:00+00:00,2026-09-05T22:17:00+00:00
SHP-4789,SELLER-072,WH-011,CAR-013,Kolkata,Ahmedabad,PICKED_UP,2,0,0,0,STALE,2026-09-04T08:58:00+00:00,2026-09-04T11:32:00+00:00
SHP-4790,SELLER-066,WH-016,CAR-065,Mumbai,Pune,OUT_FOR_DELIVERY,4,0,0,0,STALE,2026-09-06T09:14:00+00:00,2026-09-06T16:39:00+00:00
SHP-4791,SELLER-186,WH-002,CAR-056,Kolkata,Hyderabad,CREATED,1,0,0,0,STALE,2026-09-07T12:57:00+00:00,2026-09-07T12:57:00+00:00
SHP-4792,SELLER-460,WH-031,CAR-082,Hyderabad,Kolkata,PICKED_UP,2,0,0,0,STALE,2026-09-07T11:56:00+00:00,2026-09-07T14:51:00+00:00
SHP-4793,SELLER-386,WH-009,CAR-024,Mumbai,Chennai,PICKED_UP,2,0,0,0,STALE,2026-09-06T03:39:00+00:00,2026-09-06T05:07:00+00:00
SHP-4794,SELLER-269,WH-033,CAR-069,Surat,Ahmedabad,OUT_FOR_DELIVERY,4,0,0,0,STALE,2026-09-03T01:25:00+00:00,2026-09-03T05:06:00+00:00
SHP-4795,SELLER-299,WH-043,CAR-089,Ahmedabad,Jaipur,OUT_FOR_DELIVERY,4,0,0,0,STALE,2026-09-06T06:09:00+00:00,2026-09-06T14:49:00+00:00
SHP-4796,SELLER-227,WH-035,CAR-043,Ahmedabad,Delhi,DELIVERED,5,0,0,0,STALE,2026-09-06T20:34:00+00:00,2026-09-07T08:00:00+00:00
SHP-4797,SELLER-224,WH-039,CAR-012,Surat,Mumbai,IN_TRANSIT,3,0,0,0,STALE,2026-09-07T12:34:00+00:00,2026-09-07T15:37:00+00:00
SHP-4798,SELLER-254,WH-001,CAR-004,Hyderabad,Mumbai,DELIVERED,5,0,0,0,STALE,2026-09-02T23:19:00+00:00,2026-09-03T09:05:00+00:00
SHP-4799,SELLER-125,WH-036,CAR-077,Chennai,Mumbai,OUT_FOR_DELIVERY,4,0,0,1,STALE,2026-09-05T20:42:00+00:00,2026-09-06T08:02:00+00:00
SHP-4800,SELLER-303,WH-042,CAR-029,Mumbai,Bengaluru,CREATED,1,0,0,0,STALE,2026-09-01T22:44:00+00:00,2026-09-01T22:44:00+00:00
SHP-4801,SELLER-179,WH-023,CAR-035,Bengaluru,Pune,OUT_FOR_DELIVERY,4,0,0,0,STALE,2026-09-03T22:50:00+00:00,2026-09-04T05:23:00+00:00
SHP-4802,SELLER-308,WH-002,CAR-099,Ahmedabad,Delhi,PICKED_UP,2,0,0,0,STALE,2026-09-06T23:36:00+00:00,2026-09-07T00:57:00+00:00
SHP-4803,SELLER-102,WH-002,CAR-089,Kolkata,Jaipur,IN_TRANSIT,3,0,0,0,STALE,2026-09-01T13:41:00+00:00,2026-09-01T17:57:00+00:00
SHP-4804,SELLER-410,WH-033,CAR-100,Kolkata,Delhi,DELIVERED,5,0,0,0,STALE,2026-09-02T03:39:00+00:00,2026-09-02T15:08:00+00:00
SHP-4805,SELLER-069,WH-017,CAR-027,Hyderabad,Bengaluru,IN_TRANSIT,3,0,0,0,STALE,2026-09-03T06:51:00+00:00,2026-09-03T12:26:00+00:00
SHP-4806,SELLER-288,WH-014,CAR-001,Hyderabad,Mumbai,DELIVERED,5,0,0,0,STALE,2026-09-05T05:11:00+00:00,2026-09-05T12:38:00+00:00
SHP-4807,SELLER-256,WH-021,CAR-083,Pune,Ahmedabad,OUT_FOR_DELIVERY,4,0,0,0,STALE,2026-09-01T06:26:00+00:00,2026-09-01T15:37:00+00:00
SHP-4808,SELLER-210,WH-023,CAR-042,Bengaluru,Chennai,IN_TRANSIT,3,0,1,0,STALE,2026-09-06T10:04:00+00:00,2026-09-06T13:26:00+00:00
SHP-4809,SELLER-229,WH-026,CAR-046,Ahmedabad,Pune,DELIVERED,5,0,0,0,STALE,2026-09-06T04:17:00+00:00,2026-09-06T14:05:00+00:00
SHP-4810,SELLER-204,WH-046,CAR-090,Surat,Pune,IN_TRANSIT,3,0,0,0,STALE,2026-09-03T19:39:00+00:00,2026-09-03T23:31:00+00:00
SHP-4811,SELLER-253,WH-032,CAR-100,Pune,Jaipur,DELIVERED,5,0,0,0,STALE,2026-09-03T20:58:00+00:00,2026-09-04T05:35:00+00:00
SHP-4812,SELLER-220,WH-022,CAR-023,Surat,Delhi,IN_TRANSIT,3,0,0,0,STALE,2026-09-07T07:35:00+00:00,2026-09-07T12:09:00+00:00
SHP-4813,SELLER-312,WH-015,CAR-026,Jaipur,Chennai,IN_TRANSIT,3,0,0,0,STALE,2026-09-01T14:41:00+00:00,2026-09-01T21:26:00+00:00
SHP-4814,SELLER-046,WH-015,CAR-041,Bengaluru,Hyderabad,OUT_FOR_DELIVERY,4,0,0,0,STALE,2026-09-07T21:22:00+00:00,2026-09-08T02:59:00+00:00
SHP-4815,SELLER-298,WH-002,CAR-050,Ahmedabad,Jaipur,PICKED_UP,2,0,0,0,STALE,2026-09-05T18:04:00+00:00,2026-09-05T19:55:00+00:00
SHP-4816,SELLER-329,WH-020,CAR-060,Pune,Mumbai,CREATED,1,0,0,0,STALE,2026-09-04T21:27:00+00:00,2026-09-04T21:27:00+00:00
SHP-4817,SELLER-376,WH-019,CAR-075,Ahmedabad,Chennai,IN_TRANSIT,3,0,0,0,STALE,2026-09-04T10:51:00+00:00,2026-09-04T13:33:00+00:00
SHP-4818,SELLER-342,WH-031,CAR-055,Pune,Jaipur,IN_TRANSIT,3,0,0,0,STALE,2026-09-02T03:41:00+00:00,2026-09-02T09:31:00+00:00
SHP-4819,SELLER-105,WH-008,CAR-006,Ahmedabad,Hyderabad,IN_TRANSIT,3,0,0,1,STALE,2026-09-01T06:51:00+00:00,2026-09-01T11:51:00+00:00
SHP-4820,SELLER-136,WH-006,CAR-035,Hyderabad,Mumbai,PICKED_UP,2,0,0,0,STALE,2026-09-05T04:51:00+00:00,2026-09-05T07:46:00+00:00
SHP-4821,SELLER-072,WH-004,CAR-079,Surat,Chennai,PICKED_UP,2,0,0,1,STALE,2026-09-05T03:28:00+00:00,2026-09-05T04:37:00+00:00
SHP-4822,SELLER-426,WH-023,CAR-044,Hyderabad,Ahmedabad,IN_TRANSIT,3,0,1,0,STALE,2026-09-01T15:22:00+00:00,2026-09-01T18:55:00+00:00
SHP-4823,SELLER-288,WH-030,CAR-005,Chennai,Kolkata,CREATED,1,0,0,0,STALE,2026-09-02T08:52:00+00:00,2026-09-02T08:52:00+00:00
SHP-4824,SELLER-101,WH-035,CAR-054,Mumbai,Bengaluru,CREATED,1,0,0,0,STALE,2026-09-07T00:41:00+00:00,2026-09-07T00:41:00+00:00
SHP-4825,SELLER-028,WH-007,CAR-048,Chennai,Pune,OUT_FOR_DELIVERY,4,0,0,1,STALE,2026-09-02T13:41:00+00:00,2026-09-02T21:14:00+00:00
SHP-4826,SELLER-308,WH-025,CAR-018,Jaipur,Hyderabad,DELIVERED,5,1,0,0,FRESH,2026-09-07T19:31:00+00:00,2026-09-08T04:24:00+00:00
SHP-4827,SELLER-293,WH-021,CAR-062,Pune,Surat,DELIVERED,5,0,0,0,STALE,2026-09-04T22:00:00+00:00,2026-09-05T07:50:00+00:00
SHP-4828,SELLER-279,WH-042,CAR-075,Delhi,Jaipur,IN_TRANSIT,3,0,0,0,STALE,2026-09-07T08:43:00+00:00,2026-09-07T15:50:00+00:00
SHP-4829,SELLER-373,WH-040,CAR-047,Pune,Surat,IN_TRANSIT,3,0,0,0,STALE,2026-09-01T08:53:00+00:00,2026-09-01T15:28:00+00:00
SHP-4830,SELLER-196,WH-014,CAR-089,Hyderabad,Surat,IN_TRANSIT,3,0,0,1,STALE,2026-09-05T07:23:00+00:00,2026-09-05T11:53:00+00:00
SHP-4831,SELLER-072,WH-043,CAR-096,Pune,Hyderabad,CREATED,1,0,0,0,STALE,2026-09-01T01:18:00+00:00,2026-09-01T01:18:00+00:00
SHP-4832,SELLER-075,WH-004,CAR-047,Jaipur,Chennai,PICKED_UP,2,0,0,0,STALE,2026-09-04T16:13:00+00:00,2026-09-04T19:04:00+00:00
SHP-4833,SELLER-069,WH-025,CAR-023,Ahmedabad,Chennai,DELIVERED,5,0,0,0,STALE,2026-09-07T03:09:00+00:00,2026-09-07T12:46:00+00:00
SHP-4834,SELLER-086,WH-026,CAR-013,Mumbai,Surat,OUT_FOR_DELIVERY,4,0,0,0,STALE,2026-09-01T16:41:00+00:00,2026-09-02T02:16:00+00:00
SHP-4835,SELLER-355,WH-016,CAR-052,Kolkata,Hyderabad,OUT_FOR_DELIVERY,4,0,0,0,STALE,2026-09-01T13:01:00+00:00,2026-09-01T19:16:00+00:00
SHP-4836,SELLER-092,WH-008,CAR-051,Chennai,Mumbai,IN_TRANSIT,3,0,0,0,STALE,2026-09-02T02:05:00+00:00,2026-09-02T06:36:00+00:00
SHP-4837,SELLER-009,WH-039,CAR-092,Kolkata,Surat,IN_TRANSIT,3,0,0,0,STALE,2026-09-04T15:26:00+00:00,2026-09-04T22:26:00+00:00
SHP-4838,SELLER-373,WH-038,CAR-096,Pune,Ahmedabad,DELIVERED,5,0,0,0,STALE,2026-09-07T17:21:00+00:00,2026-09-08T00:30:00+00:00
SHP-4839,SELLER-422,WH-015,CAR-083,Ahmedabad,Bengaluru,IN_TRANSIT,3,0,0,0,STALE,2026-09-05T15:58:00+00:00,2026-09-05T20:25:00+00:00
SHP-4840,SELLER-302,WH-014,CAR-026,Jaipur,Mumbai,IN_TRANSIT,3,0,0,0,STALE,2026-09-03T22:09:00+00:00,2026-09-04T03:49:00+00:00
SHP-4841,SELLER-396,WH-034,CAR-088,Kolkata,Surat,IN_TRANSIT,3,0,0,0,STALE,2026-09-02T17:13:00+00:00,2026-09-02T19:26:00+00:00
SHP-4842,SELLER-350,WH-049,CAR-029,Ahmedabad,Bengaluru,IN_TRANSIT,3,0,0,0,STALE,2026-09-03T17:02:00+00:00,2026-09-03T21:29:00+00:00
SHP-4843,SELLER-436,WH-015,CAR-029,Surat,Kolkata,IN_TRANSIT,3,1,0,0,STALE,2026-09-03T03:37:00+00:00,2026-09-03T08:24:00+00:00
SHP-4844,SELLER-334,WH-035,CAR-079,Chennai,Ahmedabad,PICKED_UP,2,0,0,0,STALE,2026-09-07T20:02:00+00:00,2026-09-07T21:35:00+00:00
SHP-4845,SELLER-199,WH-030,CAR-074,Surat,Mumbai,OUT_FOR_DELIVERY,4,0,0,0,STALE,2026-09-03T07:24:00+00:00,2026-09-03T12:29:00+00:00
SHP-4846,SELLER-467,WH-032,CAR-040,Ahmedabad,Delhi,CANCELLED,2,0,0,0,STALE,2026-09-06T12:26:00+00:00,2026-09-06T13:50:00+00:00
SHP-4847,SELLER-471,WH-046,CAR-057,Ahmedabad,Delhi,IN_TRANSIT,3,0,0,0,STALE,2026-09-04T20:25:00+00:00,2026-09-05T00:43:00+00:00
SHP-4848,SELLER-154,WH-042,CAR-017,Mumbai,Surat,DELIVERED,5,0,0,0,STALE,2026-09-01T04:25:00+00:00,2026-09-01T13:51:00+00:00
SHP-4849,SELLER-069,WH-044,CAR-082,Bengaluru,Pune,IN_TRANSIT,3,0,0,0,STALE,2026-09-06T17:13:00+00:00,2026-09-07T00:01:00+00:00
SHP-4850,SELLER-181,WH-012,CAR-080,Jaipur,Bengaluru,IN_TRANSIT,3,0,0,0,STALE,2026-09-01T10:28:00+00:00,2026-09-01T17:21:00+00:00
SHP-4851,SELLER-482,WH-002,CAR-013,Surat,Kolkata,CREATED,1,0,0,0,STALE,2026-09-07T08:16:00+00:00,2026-09-07T08:16:00+00:00
SHP-4852,SELLER-087,WH-026,CAR-035,Pune,Delhi,IN_TRANSIT,3,0,0,0,STALE,2026-09-05T18:03:00+00:00,2026-09-05T23:07:00+00:00
SHP-4853,SELLER-432,WH-032,CAR-094,Delhi,Hyderabad,IN_TRANSIT,3,0,0,0,STALE,2026-09-03T22:58:00+00:00,2026-09-04T06:08:00+00:00
SHP-4854,SELLER-298,WH-046,CAR-041,Surat,Ahmedabad,OUT_FOR_DELIVERY,4,0,0,0,STALE,2026-09-05T21:01:00+00:00,2026-09-06T03:32:00+00:00
SHP-4855,SELLER-407,WH-014,CAR-024,Jaipur,Surat,IN_TRANSIT,3,0,0,0,STALE,2026-09-03T22:28:00+00:00,2026-09-04T06:36:00+00:00
SHP-4856,SELLER-355,WH-046,CAR-046,Delhi,Surat,IN_TRANSIT,3,0,0,0,STALE,2026-09-06T17:07:00+00:00,2026-09-06T21:11:00+00:00
SHP-4857,SELLER-006,WH-042,CAR-017,Surat,Jaipur,IN_TRANSIT,3,0,0,0,STALE,2026-09-04T07:09:00+00:00,2026-09-04T15:03:00+00:00
SHP-4858,SELLER-194,WH-032,CAR-085,Bengaluru,Jaipur,DELIVERED,5,0,0,0,STALE,2026-09-06T17:43:00+00:00,2026-09-07T01:29:00+00:00
SHP-4859,SELLER-368,WH-034,CAR-087,Mumbai,Ahmedabad,IN_TRANSIT,3,0,0,0,STALE,2026-09-05T11:07:00+00:00,2026-09-05T15:31:00+00:00
SHP-4860,SELLER-439,WH-015,CAR-068,Hyderabad,Kolkata,DELIVERED,5,0,0,0,STALE,2026-09-05T13:09:00+00:00,2026-09-05T23:29:00+00:00
SHP-4861,SELLER-151,WH-040,CAR-033,Hyderabad,Mumbai,IN_TRANSIT,3,0,0,0,STALE,2026-09-03T04:32:00+00:00,2026-09-03T11:10:00+00:00
SHP-4862,SELLER-118,WH-010,CAR-013,Jaipur,Mumbai,OUT_FOR_DELIVERY,4,0,0,0,STALE,2026-09-06T09:13:00+00:00,2026-09-06T14:27:00+00:00
SHP-4863,SELLER-239,WH-025,CAR-066,Kolkata,Mumbai,IN_TRANSIT,3,0,0,0,STALE,2026-09-04T07:29:00+00:00,2026-09-04T13:14:00+00:00
SHP-4864,SELLER-411,WH-009,CAR-065,Delhi,Jaipur,OUT_FOR_DELIVERY,4,0,0,0,STALE,2026-09-02T14:15:00+00:00,2026-09-02T20:19:00+00:00
SHP-4865,SELLER-244,WH-011,CAR-086,Hyderabad,Surat,OUT_FOR_DELIVERY,4,0,0,0,STALE,2026-09-02T18:17:00+00:00,2026-09-03T00:34:00+00:00
SHP-4866,SELLER-131,WH-024,CAR-071,Delhi,Hyderabad,IN_TRANSIT,3,0,0,0,STALE,2026-09-02T00:08:00+00:00,2026-09-02T07:27:00+00:00
SHP-4867,SELLER-400,WH-040,CAR-086,Delhi,Chennai,PICKED_UP,2,0,0,1,STALE,2026-09-06T04:34:00+00:00,2026-09-06T07:16:00+00:00
SHP-4868,SELLER-293,WH-029,CAR-046,Mumbai,Hyderabad,CREATED,1,0,0,0,STALE,2026-09-04T04:03:00+00:00,2026-09-04T04:03:00+00:00
SHP-4869,SELLER-097,WH-028,CAR-064,Pune,Delhi,CREATED,1,0,0,0,STALE,2026-09-05T22:28:00+00:00,2026-09-05T22:28:00+00:00
SHP-4870,SELLER-222,WH-010,CAR-079,Hyderabad,Kolkata,DELIVERED,5,0,0,0,STALE,2026-09-06T07:00:00+00:00,2026-09-06T17:36:00+00:00
SHP-4871,SELLER-147,WH-034,CAR-076,Chennai,Hyderabad,OUT_FOR_DELIVERY,4,0,0,0,STALE,2026-09-05T12:32:00+00:00,2026-09-05T23:00:00+00:00
SHP-4872,SELLER-338,WH-005,CAR-074,Hyderabad,Kolkata,PICKED_UP,2,0,0,0,STALE,2026-09-05T03:20:00+00:00,2026-09-05T05:30:00+00:00
SHP-4873,SELLER-440,WH-030,CAR-059,Hyderabad,Mumbai,DELIVERED,5,1,0,0,STALE,2026-09-04T04:52:00+00:00,2026-09-04T12:19:00+00:00
SHP-4874,SELLER-301,WH-045,CAR-063,Chennai,Bengaluru,PICKED_UP,2,0,0,0,STALE,2026-09-06T04:13:00+00:00,2026-09-06T05:13:00+00:00
SHP-4875,SELLER-452,WH-044,CAR-029,Delhi,Ahmedabad,CREATED,1,0,0,0,STALE,2026-09-05T13:47:00+00:00,2026-09-05T13:47:00+00:00
SHP-4876,SELLER-040,WH-030,CAR-033,Surat,Chennai,IN_TRANSIT,3,0,0,0,STALE,2026-09-07T22:32:00+00:00,2026-09-08T02:21:00+00:00
SHP-4877,SELLER-403,WH-017,CAR-063,Bengaluru,Mumbai,OUT_FOR_DELIVERY,4,0,0,0,STALE,2026-09-05T17:35:00+00:00,2026-09-05T23:37:00+00:00
SHP-4878,SELLER-210,WH-042,CAR-032,Chennai,Ahmedabad,DELIVERED,5,0,0,0,STALE,2026-09-01T13:05:00+00:00,2026-09-02T01:34:00+00:00
SHP-4879,SELLER-126,WH-008,CAR-003,Surat,Pune,OUT_FOR_DELIVERY,4,0,0,0,STALE,2026-09-06T04:26:00+00:00,2026-09-06T10:58:00+00:00
SHP-4880,SELLER-078,WH-001,CAR-036,Chennai,Delhi,DELIVERED,5,0,0,0,STALE,2026-09-02T01:01:00+00:00,2026-09-02T13:04:00+00:00
SHP-4881,SELLER-349,WH-036,CAR-061,Delhi,Kolkata,CREATED,1,0,0,0,STALE,2026-09-04T23:23:00+00:00,2026-09-04T23:23:00+00:00
SHP-4882,SELLER-401,WH-006,CAR-035,Bengaluru,Ahmedabad,PICKED_UP,2,0,0,1,STALE,2026-09-01T15:39:00+00:00,2026-09-01T18:28:00+00:00
SHP-4883,SELLER-110,WH-007,CAR-055,Hyderabad,Jaipur,CREATED,1,0,0,0,STALE,2026-09-03T23:57:00+00:00,2026-09-03T23:57:00+00:00
SHP-4884,SELLER-406,WH-036,CAR-060,Kolkata,Chennai,OUT_FOR_DELIVERY,4,0,0,0,STALE,2026-09-01T09:48:00+00:00,2026-09-01T18:26:00+00:00
SHP-4885,SELLER-327,WH-031,CAR-012,Bengaluru,Surat,PICKED_UP,2,0,0,0,STALE,2026-09-07T04:56:00+00:00,2026-09-07T07:50:00+00:00
SHP-4886,SELLER-358,WH-031,CAR-059,Kolkata,Chennai,PICKED_UP,2,0,0,0,STALE,2026-09-06T00:53:00+00:00,2026-09-06T02:22:00+00:00
SHP-4887,SELLER-141,WH-038,CAR-005,Jaipur,Pune,IN_TRANSIT,3,0,0,0,STALE,2026-09-06T23:20:00+00:00,2026-09-07T02:36:00+00:00
SHP-4888,SELLER-366,WH-032,CAR-100,Pune,Hyderabad,IN_TRANSIT,3,0,0,0,STALE,2026-09-06T22:16:00+00:00,2026-09-07T02:13:00+00:00
SHP-4889,SELLER-005,WH-026,CAR-087,Surat,Ahmedabad,IN_TRANSIT,3,0,0,0,STALE,2026-09-06T12:38:00+00:00,2026-09-06T18:34:00+00:00
SHP-4890,SELLER-225,WH-003,CAR-082,Delhi,Hyderabad,IN_TRANSIT,3,0,0,0,STALE,2026-09-02T00:22:00+00:00,2026-09-02T05:03:00+00:00
SHP-4891,SELLER-479,WH-023,CAR-039,Pune,Mumbai,CREATED,1,0,0,0,STALE,2026-09-03T21:53:00+00:00,2026-09-03T21:53:00+00:00
SHP-4892,SELLER-434,WH-006,CAR-094,Delhi,Chennai,IN_TRANSIT,3,0,0,0,STALE,2026-09-05T17:14:00+00:00,2026-09-06T00:27:00+00:00
SHP-4893,SELLER-331,WH-027,CAR-094,Kolkata,Mumbai,CREATED,1,0,0,0,STALE,2026-09-04T18:25:00+00:00,2026-09-04T18:25:00+00:00
SHP-4894,SELLER-029,WH-012,CAR-001,Delhi,Hyderabad,CREATED,1,0,0,0,STALE,2026-09-02T21:26:00+00:00,2026-09-02T21:26:00+00:00
SHP-4895,SELLER-342,WH-045,CAR-095,Jaipur,Bengaluru,IN_TRANSIT,3,0,0,0,STALE,2026-09-05T16:10:00+00:00,2026-09-05T19:16:00+00:00
SHP-4896,SELLER-167,WH-047,CAR-093,Surat,Ahmedabad,OUT_FOR_DELIVERY,4,0,0,0,STALE,2026-09-01T03:16:00+00:00,2026-09-01T12:33:00+00:00
SHP-4897,SELLER-158,WH-024,CAR-054,Chennai,Delhi,OUT_FOR_DELIVERY,4,1,0,0,STALE,2026-09-04T22:29:00+00:00,2026-09-05T05:09:00+00:00
SHP-4898,SELLER-005,WH-039,CAR-067,Kolkata,Delhi,CREATED,1,0,0,0,STALE,2026-09-06T09:00:00+00:00,2026-09-06T09:00:00+00:00
SHP-4899,SELLER-325,WH-037,CAR-056,Delhi,Chennai,IN_TRANSIT,3,0,0,0,STALE,2026-09-03T13:56:00+00:00,2026-09-03T17:49:00+00:00
SHP-4900,SELLER-153,WH-016,CAR-004,Ahmedabad,Pune,OUT_FOR_DELIVERY,4,0,0,0,STALE,2026-09-05T08:51:00+00:00,2026-09-05T17:27:00+00:00
SHP-4901,SELLER-177,WH-037,CAR-049,Bengaluru,Jaipur,DELIVERED,5,0,0,0,STALE,2026-09-02T15:48:00+00:00,2026-09-02T23:45:00+00:00
SHP-4902,SELLER-390,WH-030,CAR-016,Jaipur,Bengaluru,PICKED_UP,2,0,0,0,STALE,2026-09-06T20:49:00+00:00,2026-09-06T21:37:00+00:00
SHP-4903,SELLER-123,WH-030,CAR-014,Bengaluru,Kolkata,OUT_FOR_DELIVERY,4,0,0,0,STALE,2026-09-04T14:34:00+00:00,2026-09-04T21:01:00+00:00
SHP-4904,SELLER-399,WH-010,CAR-021,Mumbai,Jaipur,IN_TRANSIT,3,0,1,0,STALE,2026-09-05T16:42:00+00:00,2026-09-06T00:39:00+00:00
SHP-4905,SELLER-321,WH-005,CAR-052,Chennai,Ahmedabad,IN_TRANSIT,3,0,0,0,STALE,2026-09-04T02:09:00+00:00,2026-09-04T10:07:00+00:00
SHP-4906,SELLER-163,WH-022,CAR-077,Pune,Kolkata,IN_TRANSIT,3,0,0,0,STALE,2026-09-06T07:04:00+00:00,2026-09-06T15:12:00+00:00
SHP-4907,SELLER-438,WH-030,CAR-049,Delhi,Hyderabad,IN_TRANSIT,3,0,0,0,STALE,2026-09-02T19:05:00+00:00,2026-09-02T23:15:00+00:00
SHP-4908,SELLER-248,WH-006,CAR-096,Pune,Hyderabad,CREATED,1,0,0,0,STALE,2026-09-02T09:46:00+00:00,2026-09-02T09:46:00+00:00
SHP-4909,SELLER-471,WH-027,CAR-007,Hyderabad,Mumbai,PICKED_UP,2,1,0,0,STALE,2026-09-03T12:40:00+00:00,2026-09-03T14:01:00+00:00
SHP-4910,SELLER-378,WH-043,CAR-022,Surat,Ahmedabad,IN_TRANSIT,3,0,0,0,STALE,2026-09-06T19:26:00+00:00,2026-09-06T21:35:00+00:00
SHP-4911,SELLER-126,WH-035,CAR-093,Pune,Ahmedabad,IN_TRANSIT,3,0,0,0,STALE,2026-09-01T18:26:00+00:00,2026-09-02T01:40:00+00:00
SHP-4912,SELLER-445,WH-047,CAR-023,Ahmedabad,Hyderabad,IN_TRANSIT,3,0,0,0,STALE,2026-09-07T18:36:00+00:00,2026-09-08T01:08:00+00:00
SHP-4913,SELLER-113,WH-001,CAR-071,Chennai,Hyderabad,DELIVERED,5,0,0,0,STALE,2026-09-01T10:05:00+00:00,2026-09-01T19:00:00+00:00
SHP-4914,SELLER-285,WH-046,CAR-024,Ahmedabad,Bengaluru,PICKED_UP,2,0,0,0,STALE,2026-09-02T22:20:00+00:00,2026-09-03T00:59:00+00:00
SHP-4915,SELLER-455,WH-013,CAR-058,Hyderabad,Pune,IN_TRANSIT,3,0,0,0,STALE,2026-09-05T11:52:00+00:00,2026-09-05T19:17:00+00:00
SHP-4916,SELLER-260,WH-018,CAR-091,Jaipur,Delhi,IN_TRANSIT,3,0,0,0,STALE,2026-09-05T04:43:00+00:00,2026-09-05T08:57:00+00:00
SHP-4917,SELLER-303,WH-010,CAR-033,Pune,Jaipur,IN_TRANSIT,3,0,0,0,STALE,2026-09-04T13:55:00+00:00,2026-09-04T17:39:00+00:00
SHP-4918,SELLER-238,WH-002,CAR-071,Ahmedabad,Mumbai,IN_TRANSIT,3,0,0,0,STALE,2026-09-01T14:26:00+00:00,2026-09-01T20:08:00+00:00
SHP-4919,SELLER-084,WH-019,CAR-020,Jaipur,Mumbai,IN_TRANSIT,3,0,0,0,STALE,2026-09-04T03:08:00+00:00,2026-09-04T08:34:00+00:00
SHP-4920,SELLER-416,WH-042,CAR-060,Delhi,Kolkata,PICKED_UP,2,0,0,0,STALE,2026-09-05T23:34:00+00:00,2026-09-06T00:55:00+00:00
SHP-4921,SELLER-323,WH-042,CAR-075,Delhi,Bengaluru,CREATED,1,0,0,0,STALE,2026-09-06T21:26:00+00:00,2026-09-06T21:26:00+00:00
SHP-4922,SELLER-460,WH-040,CAR-022,Chennai,Jaipur,IN_TRANSIT,3,0,0,0,STALE,2026-09-03T01:09:00+00:00,2026-09-03T08:35:00+00:00
SHP-4923,SELLER-014,WH-008,CAR-011,Pune,Kolkata,PICKED_UP,2,0,0,0,STALE,2026-09-05T12:53:00+00:00,2026-09-05T13:47:00+00:00
SHP-4924,SELLER-187,WH-024,CAR-071,Mumbai,Surat,OUT_FOR_DELIVERY,4,0,0,0,STALE,2026-09-01T13:59:00+00:00,2026-09-01T23:06:00+00:00
SHP-4925,SELLER-021,WH-035,CAR-035,Chennai,Surat,CREATED,1,0,0,0,STALE,2026-09-01T06:39:00+00:00,2026-09-01T06:39:00+00:00
SHP-4926,SELLER-500,WH-016,CAR-093,Surat,Chennai,IN_TRANSIT,3,0,0,0,STALE,2026-09-02T13:40:00+00:00,2026-09-02T21:13:00+00:00
SHP-4927,SELLER-449,WH-005,CAR-074,Mumbai,Ahmedabad,PICKED_UP,2,0,0,0,STALE,2026-09-01T01:48:00+00:00,2026-09-01T02:46:00+00:00
SHP-4928,SELLER-016,WH-018,CAR-062,Delhi,Mumbai,PICKED_UP,2,0,0,1,STALE,2026-09-04T18:14:00+00:00,2026-09-04T18:52:00+00:00
SHP-4929,SELLER-449,WH-006,CAR-063,Bengaluru,Chennai,CREATED,1,0,0,0,STALE,2026-09-04T23:56:00+00:00,2026-09-04T23:56:00+00:00
SHP-4930,SELLER-482,WH-043,CAR-047,Bengaluru,Delhi,OUT_FOR_DELIVERY,4,0,0,1,STALE,2026-09-06T03:11:00+00:00,2026-09-06T10:20:00+00:00
SHP-4931,SELLER-182,WH-023,CAR-085,Hyderabad,Chennai,IN_TRANSIT,3,0,0,0,STALE,2026-09-03T22:21:00+00:00,2026-09-04T01:16:00+00:00
SHP-4932,SELLER-004,WH-010,CAR-043,Jaipur,Chennai,PICKED_UP,2,0,0,0,STALE,2026-09-01T04:31:00+00:00,2026-09-01T06:43:00+00:00
SHP-4933,SELLER-252,WH-028,CAR-094,Surat,Bengaluru,DELIVERED,5,0,0,0,STALE,2026-09-06T12:02:00+00:00,2026-09-06T23:56:00+00:00
SHP-4934,SELLER-250,WH-027,CAR-049,Ahmedabad,Surat,PICKED_UP,2,0,0,0,STALE,2026-09-03T08:16:00+00:00,2026-09-03T10:00:00+00:00
SHP-4935,SELLER-348,WH-050,CAR-059,Jaipur,Hyderabad,PICKED_UP,2,0,0,0,STALE,2026-09-01T10:45:00+00:00,2026-09-01T11:33:00+00:00
SHP-4936,SELLER-380,WH-026,CAR-011,Chennai,Ahmedabad,PICKED_UP,2,0,0,1,STALE,2026-09-04T17:04:00+00:00,2026-09-04T19:21:00+00:00
SHP-4937,SELLER-370,WH-024,CAR-013,Mumbai,Ahmedabad,PICKED_UP,2,0,0,0,STALE,2026-09-06T10:41:00+00:00,2026-09-06T12:24:00+00:00
SHP-4938,SELLER-321,WH-016,CAR-053,Delhi,Pune,DELIVERED,5,0,0,0,STALE,2026-09-03T17:50:00+00:00,2026-09-03T23:48:00+00:00
SHP-4939,SELLER-067,WH-029,CAR-018,Jaipur,Ahmedabad,CREATED,1,0,0,0,STALE,2026-09-03T02:21:00+00:00,2026-09-03T02:21:00+00:00
SHP-4940,SELLER-155,WH-048,CAR-002,Bengaluru,Jaipur,PICKED_UP,2,0,0,0,STALE,2026-09-01T19:02:00+00:00,2026-09-01T20:19:00+00:00
SHP-4941,SELLER-136,WH-001,CAR-074,Surat,Pune,IN_TRANSIT,3,0,0,0,STALE,2026-09-06T07:45:00+00:00,2026-09-06T14:41:00+00:00
SHP-4942,SELLER-227,WH-005,CAR-027,Bengaluru,Hyderabad,PICKED_UP,2,0,0,0,STALE,2026-09-07T17:58:00+00:00,2026-09-07T20:51:00+00:00
SHP-4943,SELLER-109,WH-035,CAR-038,Chennai,Hyderabad,CREATED,1,0,0,0,STALE,2026-09-03T18:19:00+00:00,2026-09-03T18:19:00+00:00
SHP-4944,SELLER-392,WH-003,CAR-008,Bengaluru,Kolkata,OUT_FOR_DELIVERY,4,0,0,0,STALE,2026-09-02T21:13:00+00:00,2026-09-03T04:56:00+00:00
SHP-4945,SELLER-094,WH-002,CAR-022,Bengaluru,Jaipur,IN_TRANSIT,3,0,0,0,STALE,2026-09-01T13:42:00+00:00,2026-09-01T20:17:00+00:00
SHP-4946,SELLER-083,WH-015,CAR-082,Mumbai,Kolkata,PICKED_UP,2,1,0,0,STALE,2026-09-06T11:02:00+00:00,2026-09-06T12:49:00+00:00
SHP-4947,SELLER-117,WH-023,CAR-079,Pune,Delhi,DELIVERED,5,0,0,1,STALE,2026-09-05T16:57:00+00:00,2026-09-06T01:31:00+00:00
SHP-4948,SELLER-249,WH-050,CAR-034,Jaipur,Surat,CREATED,1,0,0,0,STALE,2026-09-07T13:52:00+00:00,2026-09-07T13:52:00+00:00
SHP-4949,SELLER-141,WH-010,CAR-002,Chennai,Jaipur,IN_TRANSIT,3,0,0,0,STALE,2026-09-05T11:18:00+00:00,2026-09-05T16:39:00+00:00
SHP-4950,SELLER-271,WH-036,CAR-061,Jaipur,Hyderabad,PICKED_UP,2,0,0,0,STALE,2026-09-05T04:28:00+00:00,2026-09-05T05:49:00+00:00
SHP-4951,SELLER-301,WH-017,CAR-097,Delhi,Surat,DELIVERED,5,0,0,0,STALE,2026-09-01T03:14:00+00:00,2026-09-01T12:40:00+00:00
SHP-4952,SELLER-389,WH-004,CAR-007,Hyderabad,Mumbai,IN_TRANSIT,3,0,0,0,STALE,2026-09-07T07:20:00+00:00,2026-09-07T12:40:00+00:00
SHP-4953,SELLER-424,WH-003,CAR-025,Delhi,Mumbai,IN_TRANSIT,3,0,0,0,STALE,2026-09-01T04:04:00+00:00,2026-09-01T11:48:00+00:00
SHP-4954,SELLER-405,WH-015,CAR-086,Kolkata,Hyderabad,CREATED,1,0,0,0,STALE,2026-09-01T18:52:00+00:00,2026-09-01T18:52:00+00:00
SHP-4955,SELLER-295,WH-035,CAR-089,Bengaluru,Ahmedabad,IN_TRANSIT,3,0,0,0,STALE,2026-09-03T14:07:00+00:00,2026-09-03T18:29:00+00:00
SHP-4956,SELLER-095,WH-028,CAR-043,Kolkata,Ahmedabad,CREATED,1,0,0,0,STALE,2026-09-06T14:05:00+00:00,2026-09-06T14:05:00+00:00
SHP-4957,SELLER-066,WH-015,CAR-044,Kolkata,Mumbai,DELIVERED,5,0,0,0,STALE,2026-09-02T12:04:00+00:00,2026-09-02T20:56:00+00:00
SHP-4958,SELLER-231,WH-015,CAR-041,Chennai,Ahmedabad,CREATED,1,0,0,0,STALE,2026-09-06T16:38:00+00:00,2026-09-06T16:38:00+00:00
SHP-4959,SELLER-484,WH-019,CAR-064,Bengaluru,Ahmedabad,OUT_FOR_DELIVERY,4,0,0,0,STALE,2026-09-06T13:36:00+00:00,2026-09-06T19:05:00+00:00
SHP-4960,SELLER-372,WH-029,CAR-097,Mumbai,Delhi,CREATED,1,0,0,0,STALE,2026-09-04T08:54:00+00:00,2026-09-04T08:54:00+00:00
SHP-4961,SELLER-028,WH-049,CAR-019,Chennai,Delhi,DELIVERED,5,0,0,0,STALE,2026-09-06T18:48:00+00:00,2026-09-07T01:36:00+00:00
SHP-4962,SELLER-326,WH-039,CAR-040,Pune,Kolkata,PICKED_UP,2,0,0,0,STALE,2026-09-01T18:35:00+00:00,2026-09-01T20:15:00+00:00
SHP-4963,SELLER-489,WH-004,CAR-055,Surat,Mumbai,PICKED_UP,2,0,0,0,STALE,2026-09-07T07:53:00+00:00,2026-09-07T08:53:00+00:00
SHP-4964,SELLER-161,WH-010,CAR-089,Mumbai,Surat,IN_TRANSIT,3,0,0,0,STALE,2026-09-06T01:04:00+00:00,2026-09-06T07:17:00+00:00
SHP-4965,SELLER-211,WH-046,CAR-048,Surat,Hyderabad,OUT_FOR_DELIVERY,4,0,0,0,STALE,2026-09-07T07:59:00+00:00,2026-09-07T17:50:00+00:00
SHP-4966,SELLER-395,WH-034,CAR-080,Ahmedabad,Delhi,PICKED_UP,2,0,0,0,STALE,2026-09-06T21:38:00+00:00,2026-09-07T00:23:00+00:00
SHP-4967,SELLER-245,WH-041,CAR-069,Ahmedabad,Hyderabad,DELIVERED,5,0,0,0,STALE,2026-09-02T17:42:00+00:00,2026-09-03T04:55:00+00:00
SHP-4968,SELLER-248,WH-045,CAR-051,Delhi,Bengaluru,OUT_FOR_DELIVERY,4,0,0,0,STALE,2026-09-03T00:05:00+00:00,2026-09-03T09:25:00+00:00
SHP-4969,SELLER-126,WH-050,CAR-019,Hyderabad,Pune,IN_TRANSIT,3,0,0,0,STALE,2026-09-02T05:38:00+00:00,2026-09-02T08:51:00+00:00
SHP-4970,SELLER-180,WH-034,CAR-019,Kolkata,Hyderabad,DELIVERED,5,0,0,0,STALE,2026-09-04T21:20:00+00:00,2026-09-05T06:31:00+00:00
SHP-4971,SELLER-031,WH-013,CAR-033,Mumbai,Pune,IN_TRANSIT,3,0,0,0,STALE,2026-09-02T13:23:00+00:00,2026-09-02T18:41:00+00:00
SHP-4972,SELLER-006,WH-029,CAR-062,Mumbai,Kolkata,IN_TRANSIT,3,0,0,0,STALE,2026-09-06T10:41:00+00:00,2026-09-06T13:48:00+00:00
SHP-4973,SELLER-094,WH-015,CAR-037,Mumbai,Jaipur,DELIVERED,5,0,0,0,STALE,2026-09-06T04:48:00+00:00,2026-09-06T11:09:00+00:00
SHP-4974,SELLER-007,WH-040,CAR-004,Mumbai,Chennai,OUT_FOR_DELIVERY,4,0,0,0,STALE,2026-09-02T09:00:00+00:00,2026-09-02T15:05:00+00:00
SHP-4975,SELLER-047,WH-023,CAR-022,Mumbai,Delhi,OUT_FOR_DELIVERY,4,0,0,0,FRESH,2026-09-07T21:59:00+00:00,2026-09-08T04:30:00+00:00
SHP-4976,SELLER-124,WH-028,CAR-072,Jaipur,Pune,PICKED_UP,2,0,0,0,STALE,2026-09-05T09:22:00+00:00,2026-09-05T09:56:00+00:00
SHP-4977,SELLER-003,WH-050,CAR-096,Pune,Delhi,IN_TRANSIT,3,0,0,0,STALE,2026-09-03T14:12:00+00:00,2026-09-03T18:20:00+00:00
SHP-4978,SELLER-415,WH-049,CAR-010,Chennai,Ahmedabad,PICKED_UP,2,0,0,0,STALE,2026-09-04T06:53:00+00:00,2026-09-04T07:53:00+00:00
SHP-4979,SELLER-352,WH-032,CAR-096,Bengaluru,Ahmedabad,OUT_FOR_DELIVERY,4,0,0,0,STALE,2026-09-04T06:04:00+00:00,2026-09-04T12:48:00+00:00
SHP-4980,SELLER-366,WH-006,CAR-003,Chennai,Bengaluru,OUT_FOR_DELIVERY,4,0,0,0,STALE,2026-09-03T13:37:00+00:00,2026-09-03T23:10:00+00:00
SHP-4981,SELLER-400,WH-028,CAR-033,Hyderabad,Bengaluru,IN_TRANSIT,3,0,0,0,STALE,2026-09-01T08:07:00+00:00,2026-09-01T14:08:00+00:00
SHP-4982,SELLER-079,WH-026,CAR-003,Bengaluru,Pune,PICKED_UP,2,0,0,0,STALE,2026-09-07T08:21:00+00:00,2026-09-07T09:46:00+00:00
SHP-4983,SELLER-286,WH-033,CAR-085,Kolkata,Mumbai,IN_TRANSIT,3,0,0,0,STALE,2026-09-04T00:30:00+00:00,2026-09-04T07:53:00+00:00
SHP-4984,SELLER-093,WH-047,CAR-032,Kolkata,Pune,CREATED,1,0,0,0,STALE,2026-09-03T14:16:00+00:00,2026-09-03T14:16:00+00:00
SHP-4985,SELLER-106,WH-016,CAR-069,Bengaluru,Ahmedabad,OUT_FOR_DELIVERY,4,0,1,0,STALE,2026-09-06T15:15:00+00:00,2026-09-07T01:24:00+00:00
SHP-4986,SELLER-162,WH-039,CAR-081,Kolkata,Bengaluru,IN_TRANSIT,3,0,0,1,STALE,2026-09-05T14:00:00+00:00,2026-09-05T20:34:00+00:00
SHP-4987,SELLER-247,WH-016,CAR-029,Jaipur,Delhi,OUT_FOR_DELIVERY,4,0,0,0,STALE,2026-09-01T15:32:00+00:00,2026-09-02T01:39:00+00:00
SHP-4988,SELLER-294,WH-033,CAR-078,Hyderabad,Jaipur,IN_TRANSIT,3,0,0,0,STALE,2026-09-06T22:14:00+00:00,2026-09-07T04:57:00+00:00
SHP-4989,SELLER-019,WH-015,CAR-030,Jaipur,Delhi,DELIVERED,5,0,0,0,STALE,2026-09-02T16:18:00+00:00,2026-09-03T02:52:00+00:00
SHP-4990,SELLER-171,WH-040,CAR-017,Kolkata,Bengaluru,OUT_FOR_DELIVERY,4,0,0,0,STALE,2026-09-07T04:26:00+00:00,2026-09-07T14:33:00+00:00
SHP-4991,SELLER-242,WH-008,CAR-025,Bengaluru,Surat,IN_TRANSIT,3,0,0,0,STALE,2026-09-06T17:15:00+00:00,2026-09-07T00:29:00+00:00
SHP-4992,SELLER-219,WH-033,CAR-073,Jaipur,Pune,IN_TRANSIT,3,0,0,0,STALE,2026-09-04T12:40:00+00:00,2026-09-04T16:49:00+00:00
SHP-4993,SELLER-435,WH-048,CAR-064,Kolkata,Bengaluru,CREATED,1,0,0,0,STALE,2026-09-06T23:04:00+00:00,2026-09-06T23:04:00+00:00
SHP-4994,SELLER-416,WH-047,CAR-039,Bengaluru,Kolkata,PICKED_UP,2,0,0,0,STALE,2026-09-07T08:27:00+00:00,2026-09-07T08:57:00+00:00
SHP-4995,SELLER-494,WH-001,CAR-002,Kolkata,Surat,PICKED_UP,2,0,0,0,STALE,2026-09-03T03:56:00+00:00,2026-09-03T06:44:00+00:00
SHP-4996,SELLER-095,WH-022,CAR-043,Pune,Mumbai,PICKED_UP,2,0,0,0,STALE,2026-09-01T17:16:00+00:00,2026-09-01T19:59:00+00:00
SHP-4997,SELLER-200,WH-002,CAR-013,Jaipur,Chennai,PICKED_UP,2,0,0,0,STALE,2026-09-05T02:01:00+00:00,2026-09-05T04:57:00+00:00
SHP-4998,SELLER-182,WH-045,CAR-086,Chennai,Pune,CREATED,1,0,0,0,STALE,2026-09-05T15:08:00+00:00,2026-09-05T15:08:00+00:00
SHP-4999,SELLER-098,WH-049,CAR-088,Pune,Bengaluru,PICKED_UP,2,0,0,0,STALE,2026-09-03T02:10:00+00:00,2026-09-03T05:06:00+00:00
SHP-5000,SELLER-349,WH-044,CAR-091,Bengaluru,Delhi,IN_TRANSIT,3,0,0,0,STALE,2026-09-03T18:01:00+00:00,2026-09-04T01:11:00+00:00
